{"type":"FeatureCollection","features":[{"type":"Feature","properties":{"stop_id":"1","stop_code":"1312","stop_name":"Colorado Blvd & Madre St","routes":[{"route_id":"60","agency_id":"1","route_short_name":"60","route_long_name":"PCC - SMV Station - Michillinda","route_type":3,"route_color":"#C5299B","route_text_color":"#FFFFFF"}],"agency_name":"Pasadena Transit"},"geometry":{"type":"Point","coordinates":[-118.081864,34.146132]}},{"type":"Feature","properties":{"stop_id":"3","stop_code":"142447","stop_name":"Sierra Madre Villa Ave & Colorado Blvd","routes":[{"route_id":"60","agency_id":"1","route_short_name":"60","route_long_name":"PCC - SMV Station - Michillinda","route_type":3,"route_color":"#C5299B","route_text_color":"#FFFFFF"}],"agency_name":"Pasadena Transit"},"geometry":{"type":"Point","coordinates":[-118.081494,34.146606]}},{"type":"Feature","properties":{"stop_id":"4","stop_code":"125460","stop_name":"Foothill Blvd & Sierra Madre Villa Ave","routes":[{"route_id":"31","agency_id":"1","route_short_name":"31","route_long_name":"NW Pasadena - Foothill Blvd - SMV Station","route_type":3,"route_color":"#215732","route_text_color":"#FFFFFF"},{"route_id":"32","agency_id":"1","route_short_name":"32","route_long_name":"NW Pasadena - New York - SMV Station","route_type":3,"route_color":"#009639","route_text_color":"#FFFFFF"},{"route_id":"33","agency_id":"1","route_short_name":"33","route_long_name":"Highland Park - SMV Station","route_type":3,"route_color":"#6B6F2A","route_text_color":"#FFFFFF"},{"route_id":"40","agency_id":"1","route_short_name":"40","route_long_name":"Old Pasadena - SMV Station","route_type":3,"route_color":"#DC4405","route_text_color":"#FFFFFF"},{"route_id":"60","agency_id":"1","route_short_name":"60","route_long_name":"PCC - SMV Station - Michillinda","route_type":3,"route_color":"#C5299B","route_text_color":"#FFFFFF"}],"agency_name":"Pasadena Transit"},"geometry":{"type":"Point","coordinates":[-118.082032,34.14999]}},{"type":"Feature","properties":{"stop_id":"5","stop_code":"176162","stop_name":"Sierra Madre Villa Ave & Foothill Blvd","routes":[{"route_id":"32","agency_id":"1","route_short_name":"32","route_long_name":"NW Pasadena - New York - SMV Station","route_type":3,"route_color":"#009639","route_text_color":"#FFFFFF"}],"agency_name":"Pasadena Transit"},"geometry":{"type":"Point","coordinates":[-118.082357,34.150611]}},{"type":"Feature","properties":{"stop_id":"6","stop_code":"142108","stop_name":"Foothill Blvd & Sierra Madre Villa Ave","routes":[{"route_id":"31","agency_id":"1","route_short_name":"31","route_long_name":"NW Pasadena - Foothill Blvd - SMV Station","route_type":3,"route_color":"#215732","route_text_color":"#FFFFFF"},{"route_id":"60","agency_id":"1","route_short_name":"60","route_long_name":"PCC - SMV Station - Michillinda","route_type":3,"route_color":"#C5299B","route_text_color":"#FFFFFF"}],"agency_name":"Pasadena Transit"},"geometry":{"type":"Point","coordinates":[-118.083003,34.150162]}},{"type":"Feature","properties":{"stop_id":"7","stop_code":"142109","stop_name":"Foothill Blvd & Santa Paula Ave","routes":[{"route_id":"31","agency_id":"1","route_short_name":"31","route_long_name":"NW Pasadena - Foothill Blvd - SMV Station","route_type":3,"route_color":"#215732","route_text_color":"#FFFFFF"}],"agency_name":"Pasadena Transit"},"geometry":{"type":"Point","coordinates":[-118.08588,34.150118]}},{"type":"Feature","properties":{"stop_id":"8","stop_code":"142118","stop_name":"Foothill Blvd & Kinneloa Ave","routes":[{"route_id":"31","agency_id":"1","route_short_name":"31","route_long_name":"NW Pasadena - Foothill Blvd - SMV Station","route_type":3,"route_color":"#215732","route_text_color":"#FFFFFF"}],"agency_name":"Pasadena Transit"},"geometry":{"type":"Point","coordinates":[-118.085983,34.149928]}},{"type":"Feature","properties":{"stop_id":"9","stop_code":"1329","stop_name":"Colorado Blvd & Kinneloa Ave","routes":[{"route_id":"60","agency_id":"1","route_short_name":"60","route_long_name":"PCC - SMV Station - Michillinda","route_type":3,"route_color":"#C5299B","route_text_color":"#FFFFFF"}],"agency_name":"Pasadena Transit"},"geometry":{"type":"Point","coordinates":[-118.086395,34.146093]}},{"type":"Feature","properties":{"stop_id":"18","stop_code":"25","stop_name":"Allen Ave & Colorado Blvd","routes":[{"route_id":"10","agency_id":"1","route_short_name":"10","route_long_name":"Old Pasadena - PCC - Allen Station","route_type":3,"route_color":"#C5003E","route_text_color":"#FFFFFF"},{"route_id":"60","agency_id":"1","route_short_name":"60","route_long_name":"PCC - SMV Station - Michillinda","route_type":3,"route_color":"#C5299B","route_text_color":"#FFFFFF"}],"agency_name":"Pasadena Transit"},"geometry":{"type":"Point","coordinates":[-118.113232,34.145463]}},{"type":"Feature","properties":{"stop_id":"19","stop_code":"1311","stop_name":"Colorado Blvd & Bonnie Ave","routes":[{"route_id":"60","agency_id":"1","route_short_name":"60","route_long_name":"PCC - SMV Station - Michillinda","route_type":3,"route_color":"#C5299B","route_text_color":"#FFFFFF"}],"agency_name":"Pasadena Transit"},"geometry":{"type":"Point","coordinates":[-118.115295,34.145912]}},{"type":"Feature","properties":{"stop_id":"27","stop_code":"3665","stop_name":"Lake Ave & Colorado Blvd","routes":[{"route_id":"10","agency_id":"1","route_short_name":"10","route_long_name":"Old Pasadena - PCC - Allen Station","route_type":3,"route_color":"#C5003E","route_text_color":"#FFFFFF"},{"route_id":"20cw","agency_id":"1","route_short_name":"20cw","route_long_name":"Clockwise Lake - Fair Oaks","route_type":3,"route_color":"#002855","route_text_color":"#FFFFFF"}],"agency_name":"Pasadena Transit"},"geometry":{"type":"Point","coordinates":[-118.132519,34.145339]}},{"type":"Feature","properties":{"stop_id":"29","stop_code":"1336","stop_name":"Colorado Blvd & Oak Knoll Ave","routes":[{"route_id":"10","agency_id":"1","route_short_name":"10","route_long_name":"Old Pasadena - PCC - Allen Station","route_type":3,"route_color":"#C5003E","route_text_color":"#FFFFFF"}],"agency_name":"Pasadena Transit"},"geometry":{"type":"Point","coordinates":[-118.13486,34.145793]}},{"type":"Feature","properties":{"stop_id":"35","stop_code":"1324","stop_name":"Colorado Blvd & Garfield Ave","routes":[{"route_id":"10","agency_id":"1","route_short_name":"10","route_long_name":"Old Pasadena - PCC - Allen Station","route_type":3,"route_color":"#C5003E","route_text_color":"#FFFFFF"}],"agency_name":"Pasadena Transit"},"geometry":{"type":"Point","coordinates":[-118.14372,34.145735]}},{"type":"Feature","properties":{"stop_id":"36","stop_code":"1345","stop_name":"Colorado Blvd & Marengo Ave","routes":[{"route_id":"10","agency_id":"1","route_short_name":"10","route_long_name":"Old Pasadena - PCC - Allen Station","route_type":3,"route_color":"#C5003E","route_text_color":"#FFFFFF"}],"agency_name":"Pasadena Transit"},"geometry":{"type":"Point","coordinates":[-118.145563,34.14573]}},{"type":"Feature","properties":{"stop_id":"37","stop_code":"1316","stop_name":"Colorado Blvd & Arroyo Pkwy","routes":[{"route_id":"10","agency_id":"1","route_short_name":"10","route_long_name":"Old Pasadena - PCC - Allen Station","route_type":3,"route_color":"#C5003E","route_text_color":"#FFFFFF"}],"agency_name":"Pasadena Transit"},"geometry":{"type":"Point","coordinates":[-118.147018,34.145696]}},{"type":"Feature","properties":{"stop_id":"38","stop_code":"1348","stop_name":"Colorado Blvd & Raymond Ave","routes":[{"route_id":"10","agency_id":"1","route_short_name":"10","route_long_name":"Old Pasadena - PCC - Allen Station","route_type":3,"route_color":"#C5003E","route_text_color":"#FFFFFF"}],"agency_name":"Pasadena Transit"},"geometry":{"type":"Point","coordinates":[-118.148484,34.145713]}},{"type":"Feature","properties":{"stop_id":"39","stop_code":"1323","stop_name":"Colorado Blvd & Fair Oaks Ave","routes":[{"route_id":"10","agency_id":"1","route_short_name":"10","route_long_name":"Old Pasadena - PCC - Allen Station","route_type":3,"route_color":"#C5003E","route_text_color":"#FFFFFF"},{"route_id":"33","agency_id":"1","route_short_name":"33","route_long_name":"Highland Park - SMV Station","route_type":3,"route_color":"#6B6F2A","route_text_color":"#FFFFFF"}],"agency_name":"Pasadena Transit"},"geometry":{"type":"Point","coordinates":[-118.149901,34.145688]}},{"type":"Feature","properties":{"stop_id":"40","stop_code":"7575","stop_name":"Colorado Blvd & De Lacey Ave","routes":[{"route_id":"10","agency_id":"1","route_short_name":"10","route_long_name":"Old Pasadena - PCC - Allen Station","route_type":3,"route_color":"#C5003E","route_text_color":"#FFFFFF"},{"route_id":"33","agency_id":"1","route_short_name":"33","route_long_name":"Highland Park - SMV Station","route_type":3,"route_color":"#6B6F2A","route_text_color":"#FFFFFF"}],"agency_name":"Pasadena Transit"},"geometry":{"type":"Point","coordinates":[-118.151841,34.145647]}},{"type":"Feature","properties":{"stop_id":"41","stop_code":"7578","stop_name":"Colorado Blvd & Terrace Dr","routes":[{"route_id":"33","agency_id":"1","route_short_name":"33","route_long_name":"Highland Park - SMV Station","route_type":3,"route_color":"#6B6F2A","route_text_color":"#FFFFFF"}],"agency_name":"Pasadena Transit"},"geometry":{"type":"Point","coordinates":[-118.157296,34.145656]}},{"type":"Feature","properties":{"stop_id":"42","stop_code":"7576","stop_name":"Colorado Blvd & Orange Grove Blvd","routes":[{"route_id":"33","agency_id":"1","route_short_name":"33","route_long_name":"Highland Park - SMV Station","route_type":3,"route_color":"#6B6F2A","route_text_color":"#FFFFFF"}],"agency_name":"Pasadena Transit"},"geometry":{"type":"Point","coordinates":[-118.160094,34.145642]}},{"type":"Feature","properties":{"stop_id":"44","stop_code":"15921","stop_name":"Colorado Blvd & Orange Grove Blvd","routes":[{"route_id":"33","agency_id":"1","route_short_name":"33","route_long_name":"Highland Park - SMV Station","route_type":3,"route_color":"#6B6F2A","route_text_color":"#FFFFFF"}],"agency_name":"Pasadena Transit"},"geometry":{"type":"Point","coordinates":[-118.160256,34.145819]}},{"type":"Feature","properties":{"stop_id":"45","stop_code":"15923","stop_name":"Colorado Blvd & Terrace Dr","routes":[{"route_id":"10","agency_id":"1","route_short_name":"10","route_long_name":"Old Pasadena - PCC - Allen Station","route_type":3,"route_color":"#C5003E","route_text_color":"#FFFFFF"},{"route_id":"33","agency_id":"1","route_short_name":"33","route_long_name":"Highland Park - SMV Station","route_type":3,"route_color":"#6B6F2A","route_text_color":"#FFFFFF"}],"agency_name":"Pasadena Transit"},"geometry":{"type":"Point","coordinates":[-118.158331,34.145838]}},{"type":"Feature","properties":{"stop_id":"46","stop_code":"15922","stop_name":"Colorado Blvd & St John Ave","routes":[{"route_id":"10","agency_id":"1","route_short_name":"10","route_long_name":"Old Pasadena - PCC - Allen Station","route_type":3,"route_color":"#C5003E","route_text_color":"#FFFFFF"},{"route_id":"33","agency_id":"1","route_short_name":"33","route_long_name":"Highland Park - SMV Station","route_type":3,"route_color":"#6B6F2A","route_text_color":"#FFFFFF"}],"agency_name":"Pasadena Transit"},"geometry":{"type":"Point","coordinates":[-118.155835,34.14588]}},{"type":"Feature","properties":{"stop_id":"47","stop_code":"15920","stop_name":"Colorado Blvd & De Lacey Ave","routes":[{"route_id":"10","agency_id":"1","route_short_name":"10","route_long_name":"Old Pasadena - PCC - Allen Station","route_type":3,"route_color":"#C5003E","route_text_color":"#FFFFFF"},{"route_id":"33","agency_id":"1","route_short_name":"33","route_long_name":"Highland Park - SMV Station","route_type":3,"route_color":"#6B6F2A","route_text_color":"#FFFFFF"}],"agency_name":"Pasadena Transit"},"geometry":{"type":"Point","coordinates":[-118.152605,34.145852]}},{"type":"Feature","properties":{"stop_id":"48","stop_code":"9849","stop_name":"Colorado Blvd & Fair Oaks Ave","routes":[{"route_id":"10","agency_id":"1","route_short_name":"10","route_long_name":"Old Pasadena - PCC - Allen Station","route_type":3,"route_color":"#C5003E","route_text_color":"#FFFFFF"},{"route_id":"33","agency_id":"1","route_short_name":"33","route_long_name":"Highland Park - SMV Station","route_type":3,"route_color":"#6B6F2A","route_text_color":"#FFFFFF"}],"agency_name":"Pasadena Transit"},"geometry":{"type":"Point","coordinates":[-118.150785,34.145879]}},{"type":"Feature","properties":{"stop_id":"49","stop_code":"9862","stop_name":"Colorado Blvd & Marengo Ave","routes":[{"route_id":"10","agency_id":"1","route_short_name":"10","route_long_name":"Old Pasadena - PCC - Allen Station","route_type":3,"route_color":"#C5003E","route_text_color":"#FFFFFF"}],"agency_name":"Pasadena Transit"},"geometry":{"type":"Point","coordinates":[-118.146547,34.145916]}},{"type":"Feature","properties":{"stop_id":"50","stop_code":"9850","stop_name":"Colorado Blvd & Garfield Ave","routes":[{"route_id":"10","agency_id":"1","route_short_name":"10","route_long_name":"Old Pasadena - PCC - Allen Station","route_type":3,"route_color":"#C5003E","route_text_color":"#FFFFFF"}],"agency_name":"Pasadena Transit"},"geometry":{"type":"Point","coordinates":[-118.144765,34.145928]}},{"type":"Feature","properties":{"stop_id":"51","stop_code":"9848","stop_name":"Colorado Blvd & Euclid Ave","routes":[{"route_id":"10","agency_id":"1","route_short_name":"10","route_long_name":"Old Pasadena - PCC - Allen Station","route_type":3,"route_color":"#C5003E","route_text_color":"#FFFFFF"}],"agency_name":"Pasadena Transit"},"geometry":{"type":"Point","coordinates":[-118.143396,34.145938]}},{"type":"Feature","properties":{"stop_id":"54","stop_code":"9861","stop_name":"Colorado Blvd & Madison Ave","routes":[{"route_id":"10","agency_id":"1","route_short_name":"10","route_long_name":"Old Pasadena - PCC - Allen Station","route_type":3,"route_color":"#C5003E","route_text_color":"#FFFFFF"}],"agency_name":"Pasadena Transit"},"geometry":{"type":"Point","coordinates":[-118.138772,34.145964]}},{"type":"Feature","properties":{"stop_id":"56","stop_code":"9865","stop_name":"Colorado Blvd & Oak Knoll Ave","routes":[{"route_id":"10","agency_id":"1","route_short_name":"10","route_long_name":"Old Pasadena - PCC - Allen Station","route_type":3,"route_color":"#C5003E","route_text_color":"#FFFFFF"}],"agency_name":"Pasadena Transit"},"geometry":{"type":"Point","coordinates":[-118.135544,34.145981]}},{"type":"Feature","properties":{"stop_id":"58","stop_code":"3664","stop_name":"Colorado Blvd & Lake Ave","routes":[{"route_id":"10","agency_id":"1","route_short_name":"10","route_long_name":"Old Pasadena - PCC - Allen Station","route_type":3,"route_color":"#C5003E","route_text_color":"#FFFFFF"}],"agency_name":"Pasadena Transit"},"geometry":{"type":"Point","coordinates":[-118.133188,34.145985]}},{"type":"Feature","properties":{"stop_id":"69","stop_code":"85","stop_name":"Allen Ave & Colorado Blvd","routes":[{"route_id":"10","agency_id":"1","route_short_name":"10","route_long_name":"Old Pasadena - PCC - Allen Station","route_type":3,"route_color":"#C5003E","route_text_color":"#FFFFFF"}],"agency_name":"Pasadena Transit"},"geometry":{"type":"Point","coordinates":[-118.11303,34.146446]}},{"type":"Feature","properties":{"stop_id":"80","stop_code":"140940","stop_name":"Sierra Madre Villa Station","routes":[{"route_id":"31","agency_id":"1","route_short_name":"31","route_long_name":"NW Pasadena - Foothill Blvd - SMV Station","route_type":3,"route_color":"#215732","route_text_color":"#FFFFFF"},{"route_id":"32","agency_id":"1","route_short_name":"32","route_long_name":"NW Pasadena - New York - SMV Station","route_type":3,"route_color":"#009639","route_text_color":"#FFFFFF"},{"route_id":"33","agency_id":"1","route_short_name":"33","route_long_name":"Highland Park - SMV Station","route_type":3,"route_color":"#6B6F2A","route_text_color":"#FFFFFF"},{"route_id":"40","agency_id":"1","route_short_name":"40","route_long_name":"Old Pasadena - SMV Station","route_type":3,"route_color":"#DC4405","route_text_color":"#FFFFFF"},{"route_id":"60","agency_id":"1","route_short_name":"60","route_long_name":"PCC - SMV Station - Michillinda","route_type":3,"route_color":"#C5299B","route_text_color":"#FFFFFF"}],"agency_name":"Pasadena Transit"},"geometry":{"type":"Point","coordinates":[-118.081509,34.148656]}},{"type":"Feature","properties":{"stop_id":"81","stop_code":"1009","stop_name":"Del Mar Blvd & Madre St","routes":[{"route_id":"60","agency_id":"1","route_short_name":"60","route_long_name":"PCC - SMV Station - Michillinda","route_type":3,"route_color":"#C5299B","route_text_color":"#FFFFFF"}],"agency_name":"Pasadena Transit"},"geometry":{"type":"Point","coordinates":[-118.081881,34.142318]}},{"type":"Feature","properties":{"stop_id":"82","stop_code":"1382","stop_name":"Del Mar Blvd & Kinneloa Ave","routes":[{"route_id":"60","agency_id":"1","route_short_name":"60","route_long_name":"PCC - SMV Station - Michillinda","route_type":3,"route_color":"#C5299B","route_text_color":"#FFFFFF"}],"agency_name":"Pasadena Transit"},"geometry":{"type":"Point","coordinates":[-118.085403,34.142299]}},{"type":"Feature","properties":{"stop_id":"83","stop_code":"9908","stop_name":"Del Mar Blvd & Kinneloa Ave","routes":[{"route_id":"60","agency_id":"1","route_short_name":"60","route_long_name":"PCC - SMV Station - Michillinda","route_type":3,"route_color":"#C5299B","route_text_color":"#FFFFFF"}],"agency_name":"Pasadena Transit"},"geometry":{"type":"Point","coordinates":[-118.08509,34.142128]}},{"type":"Feature","properties":{"stop_id":"84","stop_code":"1379","stop_name":"Del Mar Blvd & El Nido Ave","routes":[{"route_id":"60","agency_id":"1","route_short_name":"60","route_long_name":"PCC - SMV Station - Michillinda","route_type":3,"route_color":"#C5299B","route_text_color":"#FFFFFF"}],"agency_name":"Pasadena Transit"},"geometry":{"type":"Point","coordinates":[-118.089759,34.142273]}},{"type":"Feature","properties":{"stop_id":"85","stop_code":"9906","stop_name":"Del Mar Blvd & El Nido Ave","routes":[{"route_id":"60","agency_id":"1","route_short_name":"60","route_long_name":"PCC - SMV Station - Michillinda","route_type":3,"route_color":"#C5299B","route_text_color":"#FFFFFF"}],"agency_name":"Pasadena Transit"},"geometry":{"type":"Point","coordinates":[-118.089501,34.142104]}},{"type":"Feature","properties":{"stop_id":"86","stop_code":"1377","stop_name":"Del Mar Blvd & Eastern Ave","routes":[{"route_id":"60","agency_id":"1","route_short_name":"60","route_long_name":"PCC - SMV Station - Michillinda","route_type":3,"route_color":"#C5299B","route_text_color":"#FFFFFF"}],"agency_name":"Pasadena Transit"},"geometry":{"type":"Point","coordinates":[-118.09211,34.142251]}},{"type":"Feature","properties":{"stop_id":"87","stop_code":"9904","stop_name":"Del Mar Blvd & Eastern Ave","routes":[{"route_id":"60","agency_id":"1","route_short_name":"60","route_long_name":"PCC - SMV Station - Michillinda","route_type":3,"route_color":"#C5299B","route_text_color":"#FFFFFF"}],"agency_name":"Pasadena Transit"},"geometry":{"type":"Point","coordinates":[-118.091496,34.142093]}},{"type":"Feature","properties":{"stop_id":"88","stop_code":"1385","stop_name":"Del Mar Blvd & San Gabriel Blvd","routes":[{"route_id":"60","agency_id":"1","route_short_name":"60","route_long_name":"PCC - SMV Station - Michillinda","route_type":3,"route_color":"#C5299B","route_text_color":"#FFFFFF"}],"agency_name":"Pasadena Transit"},"geometry":{"type":"Point","coordinates":[-118.095052,34.142234]}},{"type":"Feature","properties":{"stop_id":"91","stop_code":"9912","stop_name":"Del Mar Blvd & San Gabriel Blvd","routes":[{"route_id":"60","agency_id":"1","route_short_name":"60","route_long_name":"PCC - SMV Station - Michillinda","route_type":3,"route_color":"#C5299B","route_text_color":"#FFFFFF"}],"agency_name":"Pasadena Transit"},"geometry":{"type":"Point","coordinates":[-118.094819,34.142071]}},{"type":"Feature","properties":{"stop_id":"92","stop_code":"9899","stop_name":"Del Mar Blvd & Altadena Dr","routes":[{"route_id":"60","agency_id":"1","route_short_name":"60","route_long_name":"PCC - SMV Station - Michillinda","route_type":3,"route_color":"#C5299B","route_text_color":"#FFFFFF"}],"agency_name":"Pasadena Transit"},"geometry":{"type":"Point","coordinates":[-118.098419,34.142044]}},{"type":"Feature","properties":{"stop_id":"93","stop_code":"1372","stop_name":"Del Mar Blvd & Altadena Dr","routes":[{"route_id":"60","agency_id":"1","route_short_name":"60","route_long_name":"PCC - SMV Station - Michillinda","route_type":3,"route_color":"#C5299B","route_text_color":"#FFFFFF"}],"agency_name":"Pasadena Transit"},"geometry":{"type":"Point","coordinates":[-118.099132,34.142198]}},{"type":"Feature","properties":{"stop_id":"94","stop_code":"9914","stop_name":"Del Mar Blvd & Sierra Madre Blvd","routes":[{"route_id":"60","agency_id":"1","route_short_name":"60","route_long_name":"PCC - SMV Station - Michillinda","route_type":3,"route_color":"#C5299B","route_text_color":"#FFFFFF"}],"agency_name":"Pasadena Transit"},"geometry":{"type":"Point","coordinates":[-118.10117,34.142031]}},{"type":"Feature","properties":{"stop_id":"95","stop_code":"1387","stop_name":"Del Mar Blvd & Sierra Madre Blvd","routes":[{"route_id":"60","agency_id":"1","route_short_name":"60","route_long_name":"PCC - SMV Station - Michillinda","route_type":3,"route_color":"#C5299B","route_text_color":"#FFFFFF"}],"agency_name":"Pasadena Transit"},"geometry":{"type":"Point","coordinates":[-118.102094,34.142213]}},{"type":"Feature","properties":{"stop_id":"96","stop_code":"1370","stop_name":"Del Mar Blvd & Grand Oaks Ave","routes":[{"route_id":"60","agency_id":"1","route_short_name":"60","route_long_name":"PCC - SMV Station - Michillinda","route_type":3,"route_color":"#C5299B","route_text_color":"#FFFFFF"}],"agency_name":"Pasadena Transit"},"geometry":{"type":"Point","coordinates":[-118.104361,34.142206]}},{"type":"Feature","properties":{"stop_id":"97","stop_code":"9897","stop_name":"Del Mar Blvd & Bonita Ave","routes":[{"route_id":"60","agency_id":"1","route_short_name":"60","route_long_name":"PCC - SMV Station - Michillinda","route_type":3,"route_color":"#C5299B","route_text_color":"#FFFFFF"}],"agency_name":"Pasadena Transit"},"geometry":{"type":"Point","coordinates":[-118.104012,34.142041]}},{"type":"Feature","properties":{"stop_id":"98","stop_code":"1376","stop_name":"Del Mar Blvd & Craig Ave","routes":[{"route_id":"60","agency_id":"1","route_short_name":"60","route_long_name":"PCC - SMV Station - Michillinda","route_type":3,"route_color":"#C5299B","route_text_color":"#FFFFFF"}],"agency_name":"Pasadena Transit"},"geometry":{"type":"Point","coordinates":[-118.106006,34.142164]}},{"type":"Feature","properties":{"stop_id":"99","stop_code":"9903","stop_name":"Del Mar Blvd & Craig Ave","routes":[{"route_id":"60","agency_id":"1","route_short_name":"60","route_long_name":"PCC - SMV Station - Michillinda","route_type":3,"route_color":"#C5299B","route_text_color":"#FFFFFF"}],"agency_name":"Pasadena Transit"},"geometry":{"type":"Point","coordinates":[-118.10633,34.141941]}},{"type":"Feature","properties":{"stop_id":"100","stop_code":"1373","stop_name":"Del Mar Blvd & Berkeley Ave","routes":[{"route_id":"60","agency_id":"1","route_short_name":"60","route_long_name":"PCC - SMV Station - Michillinda","route_type":3,"route_color":"#C5299B","route_text_color":"#FFFFFF"}],"agency_name":"Pasadena Transit"},"geometry":{"type":"Point","coordinates":[-118.109844,34.142055]}},{"type":"Feature","properties":{"stop_id":"101","stop_code":"9900","stop_name":"Del Mar Blvd & Berkeley Ave","routes":[{"route_id":"60","agency_id":"1","route_short_name":"60","route_long_name":"PCC - SMV Station - Michillinda","route_type":3,"route_color":"#C5299B","route_text_color":"#FFFFFF"}],"agency_name":"Pasadena Transit"},"geometry":{"type":"Point","coordinates":[-118.109162,34.141897]}},{"type":"Feature","properties":{"stop_id":"102","stop_code":"18","stop_name":"Allen Ave & Del Mar Blvd","routes":[{"route_id":"10","agency_id":"1","route_short_name":"10","route_long_name":"Old Pasadena - PCC - Allen Station","route_type":3,"route_color":"#C5003E","route_text_color":"#FFFFFF"}],"agency_name":"Pasadena Transit"},"geometry":{"type":"Point","coordinates":[-118.113075,34.142433]}},{"type":"Feature","properties":{"stop_id":"103","stop_code":"1371","stop_name":"Del Mar Blvd & Allen Ave","routes":[{"route_id":"10","agency_id":"1","route_short_name":"10","route_long_name":"Old Pasadena - PCC - Allen Station","route_type":3,"route_color":"#C5003E","route_text_color":"#FFFFFF"},{"route_id":"60","agency_id":"1","route_short_name":"60","route_long_name":"PCC - SMV Station - Michillinda","route_type":3,"route_color":"#C5299B","route_text_color":"#FFFFFF"}],"agency_name":"Pasadena Transit"},"geometry":{"type":"Point","coordinates":[-118.113503,34.142054]}},{"type":"Feature","properties":{"stop_id":"104","stop_code":"9898","stop_name":"Del Mar Blvd & Allen Ave","routes":[{"route_id":"60","agency_id":"1","route_short_name":"60","route_long_name":"PCC - SMV Station - Michillinda","route_type":3,"route_color":"#C5299B","route_text_color":"#FFFFFF"}],"agency_name":"Pasadena Transit"},"geometry":{"type":"Point","coordinates":[-118.112791,34.141903]}},{"type":"Feature","properties":{"stop_id":"105","stop_code":"9901","stop_name":"Del Mar Blvd & Bonnie Ave","routes":[{"route_id":"10","agency_id":"1","route_short_name":"10","route_long_name":"Old Pasadena - PCC - Allen Station","route_type":3,"route_color":"#C5003E","route_text_color":"#FFFFFF"}],"agency_name":"Pasadena Transit"},"geometry":{"type":"Point","coordinates":[-118.115736,34.141843]}},{"type":"Feature","properties":{"stop_id":"106","stop_code":"27","stop_name":"Del Mar Blvd & Bonnie Ave","routes":[{"route_id":"10","agency_id":"1","route_short_name":"10","route_long_name":"Old Pasadena - PCC - Allen Station","route_type":3,"route_color":"#C5003E","route_text_color":"#FFFFFF"},{"route_id":"60","agency_id":"1","route_short_name":"60","route_long_name":"PCC - SMV Station - Michillinda","route_type":3,"route_color":"#C5299B","route_text_color":"#FFFFFF"}],"agency_name":"Pasadena Transit"},"geometry":{"type":"Point","coordinates":[-118.115333,34.142021]}},{"type":"Feature","properties":{"stop_id":"108","stop_code":"1386","stop_name":"Del Mar Blvd & Sierra Bonita Ave","routes":[{"route_id":"10","agency_id":"1","route_short_name":"10","route_long_name":"Old Pasadena - PCC - Allen Station","route_type":3,"route_color":"#C5003E","route_text_color":"#FFFFFF"}],"agency_name":"Pasadena Transit"},"geometry":{"type":"Point","coordinates":[-118.117774,34.141989]}},{"type":"Feature","properties":{"stop_id":"109","stop_code":"1380","stop_name":"Del Mar Blvd & Hill Ave","routes":[{"route_id":"10","agency_id":"1","route_short_name":"10","route_long_name":"Old Pasadena - PCC - Allen Station","route_type":3,"route_color":"#C5003E","route_text_color":"#FFFFFF"}],"agency_name":"Pasadena Transit"},"geometry":{"type":"Point","coordinates":[-118.121735,34.141823]}},{"type":"Feature","properties":{"stop_id":"111","stop_code":"9544","stop_name":"Del Mar Blvd & Hill Ave","routes":[{"route_id":"10","agency_id":"1","route_short_name":"10","route_long_name":"Old Pasadena - PCC - Allen Station","route_type":3,"route_color":"#C5003E","route_text_color":"#FFFFFF"}],"agency_name":"Pasadena Transit"},"geometry":{"type":"Point","coordinates":[-118.121513,34.141706]}},{"type":"Feature","properties":{"stop_id":"112","stop_code":"9902","stop_name":"Del Mar Blvd & Chester Ave","routes":[{"route_id":"10","agency_id":"1","route_short_name":"10","route_long_name":"Old Pasadena - PCC - Allen Station","route_type":3,"route_color":"#C5003E","route_text_color":"#FFFFFF"}],"agency_name":"Pasadena Transit"},"geometry":{"type":"Point","coordinates":[-118.124163,34.140993]}},{"type":"Feature","properties":{"stop_id":"113","stop_code":"1375","stop_name":"Del Mar Blvd & Chester Ave","routes":[{"route_id":"10","agency_id":"1","route_short_name":"10","route_long_name":"Old Pasadena - PCC - Allen Station","route_type":3,"route_color":"#C5003E","route_text_color":"#FFFFFF"}],"agency_name":"Pasadena Transit"},"geometry":{"type":"Point","coordinates":[-118.1248,34.14105]}},{"type":"Feature","properties":{"stop_id":"114","stop_code":"1388","stop_name":"Del Mar Blvd & Wilson Ave","routes":[{"route_id":"10","agency_id":"1","route_short_name":"10","route_long_name":"Old Pasadena - PCC - Allen Station","route_type":3,"route_color":"#C5003E","route_text_color":"#FFFFFF"}],"agency_name":"Pasadena Transit"},"geometry":{"type":"Point","coordinates":[-118.127721,34.141049]}},{"type":"Feature","properties":{"stop_id":"115","stop_code":"9915","stop_name":"Del Mar Blvd & Wilson Ave","routes":[{"route_id":"10","agency_id":"1","route_short_name":"10","route_long_name":"Old Pasadena - PCC - Allen Station","route_type":3,"route_color":"#C5003E","route_text_color":"#FFFFFF"}],"agency_name":"Pasadena Transit"},"geometry":{"type":"Point","coordinates":[-118.127671,34.14087]}},{"type":"Feature","properties":{"stop_id":"116","stop_code":"1384","stop_name":"Del Mar Blvd & Mentor Ave","routes":[{"route_id":"10","agency_id":"1","route_short_name":"10","route_long_name":"Old Pasadena - PCC - Allen Station","route_type":3,"route_color":"#C5003E","route_text_color":"#FFFFFF"},{"route_id":"53","agency_id":"1","route_short_name":"53","route_long_name":"Caltech - JPL","route_type":3,"route_color":"#936DB7","route_text_color":"#FFFFFF"}],"agency_name":"Pasadena Transit"},"geometry":{"type":"Point","coordinates":[-118.130718,34.14101]}},{"type":"Feature","properties":{"stop_id":"117","stop_code":"9911","stop_name":"Del Mar Blvd & Mentor Ave","routes":[{"route_id":"10","agency_id":"1","route_short_name":"10","route_long_name":"Old Pasadena - PCC - Allen Station","route_type":3,"route_color":"#C5003E","route_text_color":"#FFFFFF"}],"agency_name":"Pasadena Transit"},"geometry":{"type":"Point","coordinates":[-118.13049,34.140845]}},{"type":"Feature","properties":{"stop_id":"118","stop_code":"9907","stop_name":"Del Mar Blvd & Hudson Ave","routes":[{"route_id":"53","agency_id":"1","route_short_name":"53","route_long_name":"Caltech - JPL","route_type":3,"route_color":"#936DB7","route_text_color":"#FFFFFF"}],"agency_name":"Pasadena Transit"},"geometry":{"type":"Point","coordinates":[-118.133971,34.140334]}},{"type":"Feature","properties":{"stop_id":"119","stop_code":"13679","stop_name":"Lake Ave & Del Mar Blvd","routes":[{"route_id":"20cw","agency_id":"1","route_short_name":"20cw","route_long_name":"Clockwise Lake - Fair Oaks","route_type":3,"route_color":"#002855","route_text_color":"#FFFFFF"}],"agency_name":"Pasadena Transit"},"geometry":{"type":"Point","coordinates":[-118.132429,34.140178]}},{"type":"Feature","properties":{"stop_id":"120","stop_code":"9909","stop_name":"Del Mar Blvd & Lake Ave","routes":[{"route_id":"10","agency_id":"1","route_short_name":"10","route_long_name":"Old Pasadena - PCC - Allen Station","route_type":3,"route_color":"#C5003E","route_text_color":"#FFFFFF"}],"agency_name":"Pasadena Transit"},"geometry":{"type":"Point","coordinates":[-118.131949,34.140677]}},{"type":"Feature","properties":{"stop_id":"121","stop_code":"5232","stop_name":"Lake Ave & Del Mar Blvd","routes":[{"route_id":"10","agency_id":"1","route_short_name":"10","route_long_name":"Old Pasadena - PCC - Allen Station","route_type":3,"route_color":"#C5003E","route_text_color":"#FFFFFF"},{"route_id":"20cc","agency_id":"1","route_short_name":"20cc","route_long_name":"Counterclockwise Fair Oaks - Lake","route_type":3,"route_color":"#002855","route_text_color":"#FFFFFF"}],"agency_name":"Pasadena Transit"},"geometry":{"type":"Point","coordinates":[-118.132212,34.141171]}},{"type":"Feature","properties":{"stop_id":"122","stop_code":"5230","stop_name":"Lake Ave & Cordova St","routes":[{"route_id":"10","agency_id":"1","route_short_name":"10","route_long_name":"Old Pasadena - PCC - Allen Station","route_type":3,"route_color":"#C5003E","route_text_color":"#FFFFFF"},{"route_id":"20cc","agency_id":"1","route_short_name":"20cc","route_long_name":"Counterclockwise Fair Oaks - Lake","route_type":3,"route_color":"#002855","route_text_color":"#FFFFFF"}],"agency_name":"Pasadena Transit"},"geometry":{"type":"Point","coordinates":[-118.132217,34.142871]}},{"type":"Feature","properties":{"stop_id":"127","stop_code":"1383","stop_name":"Del Mar Blvd & Lake Ave","routes":[{"route_id":"53","agency_id":"1","route_short_name":"53","route_long_name":"Caltech - JPL","route_type":3,"route_color":"#936DB7","route_text_color":"#FFFFFF"}],"agency_name":"Pasadena Transit"},"geometry":{"type":"Point","coordinates":[-118.132723,34.140685]}},{"type":"Feature","properties":{"stop_id":"128","stop_code":"1381","stop_name":"Del Mar Blvd & Hudson Ave","routes":[{"route_id":"53","agency_id":"1","route_short_name":"53","route_long_name":"Caltech - JPL","route_type":3,"route_color":"#936DB7","route_text_color":"#FFFFFF"}],"agency_name":"Pasadena Transit"},"geometry":{"type":"Point","coordinates":[-118.134132,34.140508]}},{"type":"Feature","properties":{"stop_id":"129","stop_code":"9905","stop_name":"Del Mar Blvd & El Molino Ave","routes":[{"route_id":"53","agency_id":"1","route_short_name":"53","route_long_name":"Caltech - JPL","route_type":3,"route_color":"#936DB7","route_text_color":"#FFFFFF"}],"agency_name":"Pasadena Transit"},"geometry":{"type":"Point","coordinates":[-118.136442,34.140317]}},{"type":"Feature","properties":{"stop_id":"131","stop_code":"13695","stop_name":"Del Mar Blvd & Los Robles Ave","routes":[{"route_id":"53","agency_id":"1","route_short_name":"53","route_long_name":"Caltech - JPL","route_type":3,"route_color":"#936DB7","route_text_color":"#FFFFFF"}],"agency_name":"Pasadena Transit"},"geometry":{"type":"Point","coordinates":[-118.140977,34.140313]}},{"type":"Feature","properties":{"stop_id":"134","stop_code":"3685","stop_name":"Lincoln Ave & Woodbury Rd","routes":[{"route_id":"31","agency_id":"1","route_short_name":"31","route_long_name":"NW Pasadena - Foothill Blvd - SMV Station","route_type":3,"route_color":"#215732","route_text_color":"#FFFFFF"},{"route_id":"32","agency_id":"1","route_short_name":"32","route_long_name":"NW Pasadena - New York - SMV Station","route_type":3,"route_color":"#009639","route_text_color":"#FFFFFF"}],"agency_name":"Pasadena Transit"},"geometry":{"type":"Point","coordinates":[-118.159586,34.182527]}},{"type":"Feature","properties":{"stop_id":"136","stop_code":"2976","stop_name":"Lincoln Ave & Montana St","routes":[{"route_id":"31","agency_id":"1","route_short_name":"31","route_long_name":"NW Pasadena - Foothill Blvd - SMV Station","route_type":3,"route_color":"#215732","route_text_color":"#FFFFFF"},{"route_id":"32","agency_id":"1","route_short_name":"32","route_long_name":"NW Pasadena - New York - SMV Station","route_type":3,"route_color":"#009639","route_text_color":"#FFFFFF"}],"agency_name":"Pasadena Transit"},"geometry":{"type":"Point","coordinates":[-118.159586,34.181093]}},{"type":"Feature","properties":{"stop_id":"137","stop_code":"2979","stop_name":"Lincoln Ave & Wyoming St","routes":[{"route_id":"31","agency_id":"1","route_short_name":"31","route_long_name":"NW Pasadena - Foothill Blvd - SMV Station","route_type":3,"route_color":"#215732","route_text_color":"#FFFFFF"},{"route_id":"32","agency_id":"1","route_short_name":"32","route_long_name":"NW Pasadena - New York - SMV Station","route_type":3,"route_color":"#009639","route_text_color":"#FFFFFF"}],"agency_name":"Pasadena Transit"},"geometry":{"type":"Point","coordinates":[-118.159574,34.17921]}},{"type":"Feature","properties":{"stop_id":"140","stop_code":"11458","stop_name":"Lincoln Ave & Idaho St","routes":[{"route_id":"31","agency_id":"1","route_short_name":"31","route_long_name":"NW Pasadena - Foothill Blvd - SMV Station","route_type":3,"route_color":"#215732","route_text_color":"#FFFFFF"},{"route_id":"32","agency_id":"1","route_short_name":"32","route_long_name":"NW Pasadena - New York - SMV Station","route_type":3,"route_color":"#009639","route_text_color":"#FFFFFF"}],"agency_name":"Pasadena Transit"},"geometry":{"type":"Point","coordinates":[-118.159553,34.176852]}},{"type":"Feature","properties":{"stop_id":"142","stop_code":"2974","stop_name":"Lincoln Ave & Howard St","routes":[{"route_id":"31","agency_id":"1","route_short_name":"31","route_long_name":"NW Pasadena - Foothill Blvd - SMV Station","route_type":3,"route_color":"#215732","route_text_color":"#FFFFFF"},{"route_id":"32","agency_id":"1","route_short_name":"32","route_long_name":"NW Pasadena - New York - SMV Station","route_type":3,"route_color":"#009639","route_text_color":"#FFFFFF"}],"agency_name":"Pasadena Transit"},"geometry":{"type":"Point","coordinates":[-118.159497,34.17341]}},{"type":"Feature","properties":{"stop_id":"143","stop_code":"11469","stop_name":"Lincoln Ave & Washington Blvd","routes":[{"route_id":"33","agency_id":"1","route_short_name":"33","route_long_name":"Highland Park - SMV Station","route_type":3,"route_color":"#6B6F2A","route_text_color":"#FFFFFF"}],"agency_name":"Pasadena Transit"},"geometry":{"type":"Point","coordinates":[-118.159671,34.169478]}},{"type":"Feature","properties":{"stop_id":"144","stop_code":"2978","stop_name":"Washington Blvd & Lincoln Ave","routes":[{"route_id":"33","agency_id":"1","route_short_name":"33","route_long_name":"Highland Park - SMV Station","route_type":3,"route_color":"#6B6F2A","route_text_color":"#FFFFFF"}],"agency_name":"Pasadena Transit"},"geometry":{"type":"Point","coordinates":[-118.159116,34.169651]}},{"type":"Feature","properties":{"stop_id":"145","stop_code":"11468","stop_name":"Lincoln Ave & Washington Blvd","routes":[{"route_id":"31","agency_id":"1","route_short_name":"31","route_long_name":"NW Pasadena - Foothill Blvd - SMV Station","route_type":3,"route_color":"#215732","route_text_color":"#FFFFFF"},{"route_id":"32","agency_id":"1","route_short_name":"32","route_long_name":"NW Pasadena - New York - SMV Station","route_type":3,"route_color":"#009639","route_text_color":"#FFFFFF"}],"agency_name":"Pasadena Transit"},"geometry":{"type":"Point","coordinates":[-118.159492,34.170698]}},{"type":"Feature","properties":{"stop_id":"146","stop_code":"233","stop_name":"Woodbury Rd & Glenrose Ave","routes":[{"route_id":"31","agency_id":"1","route_short_name":"31","route_long_name":"NW Pasadena - Foothill Blvd - SMV Station","route_type":3,"route_color":"#215732","route_text_color":"#FFFFFF"},{"route_id":"32","agency_id":"1","route_short_name":"32","route_long_name":"NW Pasadena - New York - SMV Station","route_type":3,"route_color":"#009639","route_text_color":"#FFFFFF"}],"agency_name":"Pasadena Transit"},"geometry":{"type":"Point","coordinates":[-118.154642,34.182896]}},{"type":"Feature","properties":{"stop_id":"147","stop_code":"11979","stop_name":"Fair Oaks Ave & Woodbury Rd","routes":[{"route_id":"20cc","agency_id":"1","route_short_name":"20cc","route_long_name":"Counterclockwise Fair Oaks - Lake","route_type":3,"route_color":"#002855","route_text_color":"#FFFFFF"},{"route_id":"31","agency_id":"1","route_short_name":"31","route_long_name":"NW Pasadena - Foothill Blvd - SMV Station","route_type":3,"route_color":"#215732","route_text_color":"#FFFFFF"},{"route_id":"32","agency_id":"1","route_short_name":"32","route_long_name":"NW Pasadena - New York - SMV Station","route_type":3,"route_color":"#009639","route_text_color":"#FFFFFF"}],"agency_name":"Pasadena Transit"},"geometry":{"type":"Point","coordinates":[-118.150935,34.182796]}},{"type":"Feature","properties":{"stop_id":"148","stop_code":"11978","stop_name":"Fair Oaks Ave & Woodbury Rd","routes":[{"route_id":"20cw","agency_id":"1","route_short_name":"20cw","route_long_name":"Clockwise Lake - Fair Oaks","route_type":3,"route_color":"#002855","route_text_color":"#FFFFFF"}],"agency_name":"Pasadena Transit"},"geometry":{"type":"Point","coordinates":[-118.150668,34.182892]}},{"type":"Feature","properties":{"stop_id":"149","stop_code":"11971","stop_name":"Fair Oaks Ave & Montana St","routes":[{"route_id":"20cc","agency_id":"1","route_short_name":"20cc","route_long_name":"Counterclockwise Fair Oaks - Lake","route_type":3,"route_color":"#002855","route_text_color":"#FFFFFF"},{"route_id":"31","agency_id":"1","route_short_name":"31","route_long_name":"NW Pasadena - Foothill Blvd - SMV Station","route_type":3,"route_color":"#215732","route_text_color":"#FFFFFF"},{"route_id":"32","agency_id":"1","route_short_name":"32","route_long_name":"NW Pasadena - New York - SMV Station","route_type":3,"route_color":"#009639","route_text_color":"#FFFFFF"}],"agency_name":"Pasadena Transit"},"geometry":{"type":"Point","coordinates":[-118.150876,34.18061]}},{"type":"Feature","properties":{"stop_id":"150","stop_code":"3481","stop_name":"Fair Oaks Ave & Montana St","routes":[{"route_id":"20cw","agency_id":"1","route_short_name":"20cw","route_long_name":"Clockwise Lake - Fair Oaks","route_type":3,"route_color":"#002855","route_text_color":"#FFFFFF"}],"agency_name":"Pasadena Transit"},"geometry":{"type":"Point","coordinates":[-118.15069,34.181105]}},{"type":"Feature","properties":{"stop_id":"151","stop_code":"3485","stop_name":"Fair Oaks Ave & Tremont St","routes":[{"route_id":"20cw","agency_id":"1","route_short_name":"20cw","route_long_name":"Clockwise Lake - Fair Oaks","route_type":3,"route_color":"#002855","route_text_color":"#FFFFFF"}],"agency_name":"Pasadena Transit"},"geometry":{"type":"Point","coordinates":[-118.150671,34.178181]}},{"type":"Feature","properties":{"stop_id":"152","stop_code":"11975","stop_name":"Fair Oaks Ave & Tremont St","routes":[{"route_id":"20cc","agency_id":"1","route_short_name":"20cc","route_long_name":"Counterclockwise Fair Oaks - Lake","route_type":3,"route_color":"#002855","route_text_color":"#FFFFFF"},{"route_id":"31","agency_id":"1","route_short_name":"31","route_long_name":"NW Pasadena - Foothill Blvd - SMV Station","route_type":3,"route_color":"#215732","route_text_color":"#FFFFFF"},{"route_id":"32","agency_id":"1","route_short_name":"32","route_long_name":"NW Pasadena - New York - SMV Station","route_type":3,"route_color":"#009639","route_text_color":"#FFFFFF"}],"agency_name":"Pasadena Transit"},"geometry":{"type":"Point","coordinates":[-118.150847,34.177744]}},{"type":"Feature","properties":{"stop_id":"153","stop_code":"1849","stop_name":"Fair Oaks Ave & Penn St","routes":[{"route_id":"20cw","agency_id":"1","route_short_name":"20cw","route_long_name":"Clockwise Lake - Fair Oaks","route_type":3,"route_color":"#002855","route_text_color":"#FFFFFF"}],"agency_name":"Pasadena Transit"},"geometry":{"type":"Point","coordinates":[-118.150646,34.174757]}},{"type":"Feature","properties":{"stop_id":"154","stop_code":"10402","stop_name":"Fair Oaks Ave & Penn St","routes":[{"route_id":"20cc","agency_id":"1","route_short_name":"20cc","route_long_name":"Counterclockwise Fair Oaks - Lake","route_type":3,"route_color":"#002855","route_text_color":"#FFFFFF"},{"route_id":"31","agency_id":"1","route_short_name":"31","route_long_name":"NW Pasadena - Foothill Blvd - SMV Station","route_type":3,"route_color":"#215732","route_text_color":"#FFFFFF"},{"route_id":"32","agency_id":"1","route_short_name":"32","route_long_name":"NW Pasadena - New York - SMV Station","route_type":3,"route_color":"#009639","route_text_color":"#FFFFFF"}],"agency_name":"Pasadena Transit"},"geometry":{"type":"Point","coordinates":[-118.150814,34.174221]}},{"type":"Feature","properties":{"stop_id":"155","stop_code":"3475","stop_name":"Fair Oaks Ave & Howard St","routes":[{"route_id":"20cw","agency_id":"1","route_short_name":"20cw","route_long_name":"Clockwise Lake - Fair Oaks","route_type":3,"route_color":"#002855","route_text_color":"#FFFFFF"}],"agency_name":"Pasadena Transit"},"geometry":{"type":"Point","coordinates":[-118.150626,34.172734]}},{"type":"Feature","properties":{"stop_id":"156","stop_code":"11967","stop_name":"Fair Oaks Ave & Howard St","routes":[{"route_id":"20cc","agency_id":"1","route_short_name":"20cc","route_long_name":"Counterclockwise Fair Oaks - Lake","route_type":3,"route_color":"#002855","route_text_color":"#FFFFFF"},{"route_id":"31","agency_id":"1","route_short_name":"31","route_long_name":"NW Pasadena - Foothill Blvd - SMV Station","route_type":3,"route_color":"#215732","route_text_color":"#FFFFFF"},{"route_id":"32","agency_id":"1","route_short_name":"32","route_long_name":"NW Pasadena - New York - SMV Station","route_type":3,"route_color":"#009639","route_text_color":"#FFFFFF"}],"agency_name":"Pasadena Transit"},"geometry":{"type":"Point","coordinates":[-118.150801,34.172161]}},{"type":"Feature","properties":{"stop_id":"157","stop_code":"1851","stop_name":"Fair Oaks Ave & Washington Blvd","routes":[{"route_id":"20cw","agency_id":"1","route_short_name":"20cw","route_long_name":"Clockwise Lake - Fair Oaks","route_type":3,"route_color":"#002855","route_text_color":"#FFFFFF"}],"agency_name":"Pasadena Transit"},"geometry":{"type":"Point","coordinates":[-118.1506,34.169172]}},{"type":"Feature","properties":{"stop_id":"158","stop_code":"3488","stop_name":"Fair Oaks Ave & Washington Blvd","routes":[{"route_id":"20cc","agency_id":"1","route_short_name":"20cc","route_long_name":"Counterclockwise Fair Oaks - Lake","route_type":3,"route_color":"#002855","route_text_color":"#FFFFFF"}],"agency_name":"Pasadena Transit"},"geometry":{"type":"Point","coordinates":[-118.150784,34.168456]}},{"type":"Feature","properties":{"stop_id":"159","stop_code":"16519","stop_name":"Washington Blvd & Navarro Ave","routes":[{"route_id":"31","agency_id":"1","route_short_name":"31","route_long_name":"NW Pasadena - Foothill Blvd - SMV Station","route_type":3,"route_color":"#215732","route_text_color":"#FFFFFF"},{"route_id":"32","agency_id":"1","route_short_name":"32","route_long_name":"NW Pasadena - New York - SMV Station","route_type":3,"route_color":"#009639","route_text_color":"#FFFFFF"},{"route_id":"33","agency_id":"1","route_short_name":"33","route_long_name":"Highland Park - SMV Station","route_type":3,"route_color":"#6B6F2A","route_text_color":"#FFFFFF"}],"agency_name":"Pasadena Transit"},"geometry":{"type":"Point","coordinates":[-118.153971,34.168904]}},{"type":"Feature","properties":{"stop_id":"160","stop_code":"8171","stop_name":"Washington Blvd & Navarro Ave","routes":[{"route_id":"33","agency_id":"1","route_short_name":"33","route_long_name":"Highland Park - SMV Station","route_type":3,"route_color":"#6B6F2A","route_text_color":"#FFFFFF"}],"agency_name":"Pasadena Transit"},"geometry":{"type":"Point","coordinates":[-118.15355,34.168749]}},{"type":"Feature","properties":{"stop_id":"162","stop_code":"16447","stop_name":"Washington Blvd & Fair Oaks Ave","routes":[{"route_id":"31","agency_id":"1","route_short_name":"31","route_long_name":"NW Pasadena - Foothill Blvd - SMV Station","route_type":3,"route_color":"#215732","route_text_color":"#FFFFFF"},{"route_id":"32","agency_id":"1","route_short_name":"32","route_long_name":"NW Pasadena - New York - SMV Station","route_type":3,"route_color":"#009639","route_text_color":"#FFFFFF"},{"route_id":"33","agency_id":"1","route_short_name":"33","route_long_name":"Highland Park - SMV Station","route_type":3,"route_color":"#6B6F2A","route_text_color":"#FFFFFF"}],"agency_name":"Pasadena Transit"},"geometry":{"type":"Point","coordinates":[-118.15124,34.168924]}},{"type":"Feature","properties":{"stop_id":"163","stop_code":"9377","stop_name":"Washington Blvd & Fair Oaks Ave","routes":[{"route_id":"31","agency_id":"1","route_short_name":"31","route_long_name":"NW Pasadena - Foothill Blvd - SMV Station","route_type":3,"route_color":"#215732","route_text_color":"#FFFFFF"},{"route_id":"32","agency_id":"1","route_short_name":"32","route_long_name":"NW Pasadena - New York - SMV Station","route_type":3,"route_color":"#009639","route_text_color":"#FFFFFF"},{"route_id":"33","agency_id":"1","route_short_name":"33","route_long_name":"Highland Park - SMV Station","route_type":3,"route_color":"#6B6F2A","route_text_color":"#FFFFFF"}],"agency_name":"Pasadena Transit"},"geometry":{"type":"Point","coordinates":[-118.149895,34.168771]}},{"type":"Feature","properties":{"stop_id":"164","stop_code":"10280","stop_name":"Washington Blvd & Marengo Ave","routes":[{"route_id":"31","agency_id":"1","route_short_name":"31","route_long_name":"NW Pasadena - Foothill Blvd - SMV Station","route_type":3,"route_color":"#215732","route_text_color":"#FFFFFF"},{"route_id":"32","agency_id":"1","route_short_name":"32","route_long_name":"NW Pasadena - New York - SMV Station","route_type":3,"route_color":"#009639","route_text_color":"#FFFFFF"},{"route_id":"33","agency_id":"1","route_short_name":"33","route_long_name":"Highland Park - SMV Station","route_type":3,"route_color":"#6B6F2A","route_text_color":"#FFFFFF"}],"agency_name":"Pasadena Transit"},"geometry":{"type":"Point","coordinates":[-118.146416,34.168953]}},{"type":"Feature","properties":{"stop_id":"165","stop_code":"1725","stop_name":"Washington Blvd &  Marengo Ave","routes":[{"route_id":"31","agency_id":"1","route_short_name":"31","route_long_name":"NW Pasadena - Foothill Blvd - SMV Station","route_type":3,"route_color":"#215732","route_text_color":"#FFFFFF"},{"route_id":"32","agency_id":"1","route_short_name":"32","route_long_name":"NW Pasadena - New York - SMV Station","route_type":3,"route_color":"#009639","route_text_color":"#FFFFFF"},{"route_id":"33","agency_id":"1","route_short_name":"33","route_long_name":"Highland Park - SMV Station","route_type":3,"route_color":"#6B6F2A","route_text_color":"#FFFFFF"}],"agency_name":"Pasadena Transit"},"geometry":{"type":"Point","coordinates":[-118.145806,34.168802]}},{"type":"Feature","properties":{"stop_id":"167","stop_code":"10278","stop_name":"Washington Blvd & Los Robles Ave","routes":[{"route_id":"31","agency_id":"1","route_short_name":"31","route_long_name":"NW Pasadena - Foothill Blvd - SMV Station","route_type":3,"route_color":"#215732","route_text_color":"#FFFFFF"},{"route_id":"32","agency_id":"1","route_short_name":"32","route_long_name":"NW Pasadena - New York - SMV Station","route_type":3,"route_color":"#009639","route_text_color":"#FFFFFF"},{"route_id":"33","agency_id":"1","route_short_name":"33","route_long_name":"Highland Park - SMV Station","route_type":3,"route_color":"#6B6F2A","route_text_color":"#FFFFFF"}],"agency_name":"Pasadena Transit"},"geometry":{"type":"Point","coordinates":[-118.141914,34.169031]}},{"type":"Feature","properties":{"stop_id":"169","stop_code":"1723","stop_name":"Washington Blvd & Los Robles Ave","routes":[{"route_id":"31","agency_id":"1","route_short_name":"31","route_long_name":"NW Pasadena - Foothill Blvd - SMV Station","route_type":3,"route_color":"#215732","route_text_color":"#FFFFFF"},{"route_id":"32","agency_id":"1","route_short_name":"32","route_long_name":"NW Pasadena - New York - SMV Station","route_type":3,"route_color":"#009639","route_text_color":"#FFFFFF"},{"route_id":"33","agency_id":"1","route_short_name":"33","route_long_name":"Highland Park - SMV Station","route_type":3,"route_color":"#6B6F2A","route_text_color":"#FFFFFF"}],"agency_name":"Pasadena Transit"},"geometry":{"type":"Point","coordinates":[-118.141186,34.168857]}},{"type":"Feature","properties":{"stop_id":"182","stop_code":"1735","stop_name":"Woodbury Rd & Santa Anita Ave","routes":[{"route_id":"20cc","agency_id":"1","route_short_name":"20cc","route_long_name":"Counterclockwise Fair Oaks - Lake","route_type":3,"route_color":"#002855","route_text_color":"#FFFFFF"}],"agency_name":"Pasadena Transit"},"geometry":{"type":"Point","coordinates":[-118.142564,34.181873]}},{"type":"Feature","properties":{"stop_id":"183","stop_code":"162","stop_name":"Woodbury Rd & Marengo Ave","routes":[{"route_id":"20cc","agency_id":"1","route_short_name":"20cc","route_long_name":"Counterclockwise Fair Oaks - Lake","route_type":3,"route_color":"#002855","route_text_color":"#FFFFFF"}],"agency_name":"Pasadena Transit"},"geometry":{"type":"Point","coordinates":[-118.145408,34.183143]}},{"type":"Feature","properties":{"stop_id":"184","stop_code":"163","stop_name":"Woodbury Rd & Raymond Ave","routes":[{"route_id":"20cc","agency_id":"1","route_short_name":"20cc","route_long_name":"Counterclockwise Fair Oaks - Lake","route_type":3,"route_color":"#002855","route_text_color":"#FFFFFF"}],"agency_name":"Pasadena Transit"},"geometry":{"type":"Point","coordinates":[-118.149098,34.183348]}},{"type":"Feature","properties":{"stop_id":"185","stop_code":"52","stop_name":"Woodbury Rd & Marengo Ave","routes":[{"route_id":"20cw","agency_id":"1","route_short_name":"20cw","route_long_name":"Clockwise Lake - Fair Oaks","route_type":3,"route_color":"#002855","route_text_color":"#FFFFFF"}],"agency_name":"Pasadena Transit"},"geometry":{"type":"Point","coordinates":[-118.146074,34.183109]}},{"type":"Feature","properties":{"stop_id":"186","stop_code":"53","stop_name":"Woodbury Rd & Los Robles Ave","routes":[{"route_id":"20cw","agency_id":"1","route_short_name":"20cw","route_long_name":"Clockwise Lake - Fair Oaks","route_type":3,"route_color":"#002855","route_text_color":"#FFFFFF"}],"agency_name":"Pasadena Transit"},"geometry":{"type":"Point","coordinates":[-118.141251,34.180996]}},{"type":"Feature","properties":{"stop_id":"187","stop_code":"160","stop_name":"Woodbury Rd & El Molino Ave","routes":[{"route_id":"20cc","agency_id":"1","route_short_name":"20cc","route_long_name":"Counterclockwise Fair Oaks - Lake","route_type":3,"route_color":"#002855","route_text_color":"#FFFFFF"}],"agency_name":"Pasadena Transit"},"geometry":{"type":"Point","coordinates":[-118.137324,34.179435]}},{"type":"Feature","properties":{"stop_id":"188","stop_code":"54","stop_name":"Woodbury Rd & El Molino Ave","routes":[{"route_id":"20cw","agency_id":"1","route_short_name":"20cw","route_long_name":"Clockwise Lake - Fair Oaks","route_type":3,"route_color":"#002855","route_text_color":"#FFFFFF"}],"agency_name":"Pasadena Transit"},"geometry":{"type":"Point","coordinates":[-118.136687,34.179039]}},{"type":"Feature","properties":{"stop_id":"189","stop_code":"9687","stop_name":"Woodbury Rd & Lake Ave","routes":[{"route_id":"20cc","agency_id":"1","route_short_name":"20cc","route_long_name":"Counterclockwise Fair Oaks - Lake","route_type":3,"route_color":"#002855","route_text_color":"#FFFFFF"}],"agency_name":"Pasadena Transit"},"geometry":{"type":"Point","coordinates":[-118.132958,34.177466]}},{"type":"Feature","properties":{"stop_id":"190","stop_code":"12169","stop_name":"Lake Ave & Woodbury Rd","routes":[{"route_id":"20cw","agency_id":"1","route_short_name":"20cw","route_long_name":"Clockwise Lake - Fair Oaks","route_type":3,"route_color":"#002855","route_text_color":"#FFFFFF"}],"agency_name":"Pasadena Transit"},"geometry":{"type":"Point","coordinates":[-118.132022,34.176774]}},{"type":"Feature","properties":{"stop_id":"193","stop_code":"3676","stop_name":"Lake Ave & Elizabeth St","routes":[{"route_id":"20cc","agency_id":"1","route_short_name":"20cc","route_long_name":"Counterclockwise Fair Oaks - Lake","route_type":3,"route_color":"#002855","route_text_color":"#FFFFFF"}],"agency_name":"Pasadena Transit"},"geometry":{"type":"Point","coordinates":[-118.131944,34.173572]}},{"type":"Feature","properties":{"stop_id":"194","stop_code":"12170","stop_name":"Lake Ave & Elizabeth St","routes":[{"route_id":"20cw","agency_id":"1","route_short_name":"20cw","route_long_name":"Clockwise Lake - Fair Oaks","route_type":3,"route_color":"#002855","route_text_color":"#FFFFFF"}],"agency_name":"Pasadena Transit"},"geometry":{"type":"Point","coordinates":[-118.132172,34.173316]}},{"type":"Feature","properties":{"stop_id":"195","stop_code":"3666","stop_name":"Lake Ave & Howard St","routes":[{"route_id":"20cc","agency_id":"1","route_short_name":"20cc","route_long_name":"Counterclockwise Fair Oaks - Lake","route_type":3,"route_color":"#002855","route_text_color":"#FFFFFF"}],"agency_name":"Pasadena Transit"},"geometry":{"type":"Point","coordinates":[-118.131997,34.172309]}},{"type":"Feature","properties":{"stop_id":"196","stop_code":"12158","stop_name":"Lake Ave & Howard St","routes":[{"route_id":"20cw","agency_id":"1","route_short_name":"20cw","route_long_name":"Clockwise Lake - Fair Oaks","route_type":3,"route_color":"#002855","route_text_color":"#FFFFFF"}],"agency_name":"Pasadena Transit"},"geometry":{"type":"Point","coordinates":[-118.13223,34.171941]}},{"type":"Feature","properties":{"stop_id":"197","stop_code":"3679","stop_name":"Lake Ave & Rio Grande St","routes":[{"route_id":"20cc","agency_id":"1","route_short_name":"20cc","route_long_name":"Counterclockwise Fair Oaks - Lake","route_type":3,"route_color":"#002855","route_text_color":"#FFFFFF"}],"agency_name":"Pasadena Transit"},"geometry":{"type":"Point","coordinates":[-118.132057,34.17091]}},{"type":"Feature","properties":{"stop_id":"198","stop_code":"12173","stop_name":"Lake Ave & Rio Grande St","routes":[{"route_id":"20cw","agency_id":"1","route_short_name":"20cw","route_long_name":"Clockwise Lake - Fair Oaks","route_type":3,"route_color":"#002855","route_text_color":"#FFFFFF"}],"agency_name":"Pasadena Transit"},"geometry":{"type":"Point","coordinates":[-118.13231,34.170338]}},{"type":"Feature","properties":{"stop_id":"199","stop_code":"2800","stop_name":"Lake Ave & Washington Blvd","routes":[{"route_id":"20cc","agency_id":"1","route_short_name":"20cc","route_long_name":"Counterclockwise Fair Oaks - Lake","route_type":3,"route_color":"#002855","route_text_color":"#FFFFFF"}],"agency_name":"Pasadena Transit"},"geometry":{"type":"Point","coordinates":[-118.132107,34.169318]}},{"type":"Feature","properties":{"stop_id":"200","stop_code":"10277","stop_name":"Washington Blvd & Lake Ave","routes":[{"route_id":"31","agency_id":"1","route_short_name":"31","route_long_name":"NW Pasadena - Foothill Blvd - SMV Station","route_type":3,"route_color":"#215732","route_text_color":"#FFFFFF"},{"route_id":"32","agency_id":"1","route_short_name":"32","route_long_name":"NW Pasadena - New York - SMV Station","route_type":3,"route_color":"#009639","route_text_color":"#FFFFFF"},{"route_id":"33","agency_id":"1","route_short_name":"33","route_long_name":"Highland Park - SMV Station","route_type":3,"route_color":"#6B6F2A","route_text_color":"#FFFFFF"}],"agency_name":"Pasadena Transit"},"geometry":{"type":"Point","coordinates":[-118.131871,34.169067]}},{"type":"Feature","properties":{"stop_id":"201","stop_code":"1722","stop_name":"Washington Blvd & Lake Ave","routes":[{"route_id":"31","agency_id":"1","route_short_name":"31","route_long_name":"NW Pasadena - Foothill Blvd - SMV Station","route_type":3,"route_color":"#215732","route_text_color":"#FFFFFF"},{"route_id":"32","agency_id":"1","route_short_name":"32","route_long_name":"NW Pasadena - New York - SMV Station","route_type":3,"route_color":"#009639","route_text_color":"#FFFFFF"},{"route_id":"33","agency_id":"1","route_short_name":"33","route_long_name":"Highland Park - SMV Station","route_type":3,"route_color":"#6B6F2A","route_text_color":"#FFFFFF"}],"agency_name":"Pasadena Transit"},"geometry":{"type":"Point","coordinates":[-118.131784,34.168913]}},{"type":"Feature","properties":{"stop_id":"202","stop_code":"11290","stop_name":"Lake Ave & Washington Blvd","routes":[{"route_id":"20cw","agency_id":"1","route_short_name":"20cw","route_long_name":"Clockwise Lake - Fair Oaks","route_type":3,"route_color":"#002855","route_text_color":"#FFFFFF"}],"agency_name":"Pasadena Transit"},"geometry":{"type":"Point","coordinates":[-118.132393,34.168457]}},{"type":"Feature","properties":{"stop_id":"203","stop_code":"8242","stop_name":"Washington Blvd & Hudson St","routes":[{"route_id":"31","agency_id":"1","route_short_name":"31","route_long_name":"NW Pasadena - Foothill Blvd - SMV Station","route_type":3,"route_color":"#215732","route_text_color":"#FFFFFF"},{"route_id":"32","agency_id":"1","route_short_name":"32","route_long_name":"NW Pasadena - New York - SMV Station","route_type":3,"route_color":"#009639","route_text_color":"#FFFFFF"},{"route_id":"33","agency_id":"1","route_short_name":"33","route_long_name":"Highland Park - SMV Station","route_type":3,"route_color":"#6B6F2A","route_text_color":"#FFFFFF"}],"agency_name":"Pasadena Transit"},"geometry":{"type":"Point","coordinates":[-118.133345,34.168873]}},{"type":"Feature","properties":{"stop_id":"204","stop_code":"16518","stop_name":"Washington Blvd & Hudson Ave","routes":[{"route_id":"31","agency_id":"1","route_short_name":"31","route_long_name":"NW Pasadena - Foothill Blvd - SMV Station","route_type":3,"route_color":"#215732","route_text_color":"#FFFFFF"},{"route_id":"32","agency_id":"1","route_short_name":"32","route_long_name":"NW Pasadena - New York - SMV Station","route_type":3,"route_color":"#009639","route_text_color":"#FFFFFF"},{"route_id":"33","agency_id":"1","route_short_name":"33","route_long_name":"Highland Park - SMV Station","route_type":3,"route_color":"#6B6F2A","route_text_color":"#FFFFFF"}],"agency_name":"Pasadena Transit"},"geometry":{"type":"Point","coordinates":[-118.133872,34.169051]}},{"type":"Feature","properties":{"stop_id":"205","stop_code":"10275","stop_name":"Washington Blvd & El Molino Ave","routes":[{"route_id":"31","agency_id":"1","route_short_name":"31","route_long_name":"NW Pasadena - Foothill Blvd - SMV Station","route_type":3,"route_color":"#215732","route_text_color":"#FFFFFF"},{"route_id":"32","agency_id":"1","route_short_name":"32","route_long_name":"NW Pasadena - New York - SMV Station","route_type":3,"route_color":"#009639","route_text_color":"#FFFFFF"},{"route_id":"33","agency_id":"1","route_short_name":"33","route_long_name":"Highland Park - SMV Station","route_type":3,"route_color":"#6B6F2A","route_text_color":"#FFFFFF"}],"agency_name":"Pasadena Transit"},"geometry":{"type":"Point","coordinates":[-118.136975,34.169024]}},{"type":"Feature","properties":{"stop_id":"206","stop_code":"1720","stop_name":"Washington Blvd & El Molino Ave","routes":[{"route_id":"31","agency_id":"1","route_short_name":"31","route_long_name":"NW Pasadena - Foothill Blvd - SMV Station","route_type":3,"route_color":"#215732","route_text_color":"#FFFFFF"},{"route_id":"32","agency_id":"1","route_short_name":"32","route_long_name":"NW Pasadena - New York - SMV Station","route_type":3,"route_color":"#009639","route_text_color":"#FFFFFF"},{"route_id":"33","agency_id":"1","route_short_name":"33","route_long_name":"Highland Park - SMV Station","route_type":3,"route_color":"#6B6F2A","route_text_color":"#FFFFFF"}],"agency_name":"Pasadena Transit"},"geometry":{"type":"Point","coordinates":[-118.136819,34.168881]}},{"type":"Feature","properties":{"stop_id":"207","stop_code":"12157","stop_name":"Lake Ave & Claremont St","routes":[{"route_id":"20cw","agency_id":"1","route_short_name":"20cw","route_long_name":"Clockwise Lake - Fair Oaks","route_type":3,"route_color":"#002855","route_text_color":"#FFFFFF"}],"agency_name":"Pasadena Transit"},"geometry":{"type":"Point","coordinates":[-118.132481,34.16668]}},{"type":"Feature","properties":{"stop_id":"208","stop_code":"12154","stop_name":"Lake Ave & Belvidere St","routes":[{"route_id":"20cw","agency_id":"1","route_short_name":"20cw","route_long_name":"Clockwise Lake - Fair Oaks","route_type":3,"route_color":"#002855","route_text_color":"#FFFFFF"}],"agency_name":"Pasadena Transit"},"geometry":{"type":"Point","coordinates":[-118.1326,34.163903]}},{"type":"Feature","properties":{"stop_id":"209","stop_code":"12162","stop_name":"Lake Ave & Mountain St","routes":[{"route_id":"20cw","agency_id":"1","route_short_name":"20cw","route_long_name":"Clockwise Lake - Fair Oaks","route_type":3,"route_color":"#002855","route_text_color":"#FFFFFF"}],"agency_name":"Pasadena Transit"},"geometry":{"type":"Point","coordinates":[-118.132635,34.161324]}},{"type":"Feature","properties":{"stop_id":"210","stop_code":"12155","stop_name":"Lake Ave & Boylston St","routes":[{"route_id":"20cw","agency_id":"1","route_short_name":"20cw","route_long_name":"Clockwise Lake - Fair Oaks","route_type":3,"route_color":"#002855","route_text_color":"#FFFFFF"}],"agency_name":"Pasadena Transit"},"geometry":{"type":"Point","coordinates":[-118.132613,34.159587]}},{"type":"Feature","properties":{"stop_id":"211","stop_code":"12164","stop_name":"Lake Ave & Orange Grove Blvd","routes":[{"route_id":"20cw","agency_id":"1","route_short_name":"20cw","route_long_name":"Clockwise Lake - Fair Oaks","route_type":3,"route_color":"#002855","route_text_color":"#FFFFFF"}],"agency_name":"Pasadena Transit"},"geometry":{"type":"Point","coordinates":[-118.132599,34.157458]}},{"type":"Feature","properties":{"stop_id":"212","stop_code":"12174","stop_name":"Lake Ave & Santa Barbara St","routes":[{"route_id":"20cw","agency_id":"1","route_short_name":"20cw","route_long_name":"Clockwise Lake - Fair Oaks","route_type":3,"route_color":"#002855","route_text_color":"#FFFFFF"}],"agency_name":"Pasadena Transit"},"geometry":{"type":"Point","coordinates":[-118.132576,34.155316]}},{"type":"Feature","properties":{"stop_id":"213","stop_code":"266","stop_name":"Villa St & Lake Ave","routes":[{"route_id":"40","agency_id":"1","route_short_name":"40","route_long_name":"Old Pasadena - SMV Station","route_type":3,"route_color":"#DC4405","route_text_color":"#FFFFFF"}],"agency_name":"Pasadena Transit"},"geometry":{"type":"Point","coordinates":[-118.13343,34.154334]}},{"type":"Feature","properties":{"stop_id":"214","stop_code":"12166","stop_name":"Lake Ave & Villa St","routes":[{"route_id":"20cw","agency_id":"1","route_short_name":"20cw","route_long_name":"Clockwise Lake - Fair Oaks","route_type":3,"route_color":"#002855","route_text_color":"#FFFFFF"}],"agency_name":"Pasadena Transit"},"geometry":{"type":"Point","coordinates":[-118.132567,34.15402]}},{"type":"Feature","properties":{"stop_id":"216","stop_code":"12159","stop_name":"Lake Ave & Corson St","routes":[{"route_id":"20cw","agency_id":"1","route_short_name":"20cw","route_long_name":"Clockwise Lake - Fair Oaks","route_type":3,"route_color":"#002855","route_text_color":"#FFFFFF"}],"agency_name":"Pasadena Transit"},"geometry":{"type":"Point","coordinates":[-118.132535,34.15137]}},{"type":"Feature","properties":{"stop_id":"217","stop_code":"12167","stop_name":"Lake Ave & Walnut St","routes":[{"route_id":"20cw","agency_id":"1","route_short_name":"20cw","route_long_name":"Clockwise Lake - Fair Oaks","route_type":3,"route_color":"#002855","route_text_color":"#FFFFFF"}],"agency_name":"Pasadena Transit"},"geometry":{"type":"Point","coordinates":[-118.132521,34.149058]}},{"type":"Feature","properties":{"stop_id":"218","stop_code":"3673","stop_name":"Lake Ave & Walnut St","routes":[{"route_id":"20cc","agency_id":"1","route_short_name":"20cc","route_long_name":"Counterclockwise Fair Oaks - Lake","route_type":3,"route_color":"#002855","route_text_color":"#FFFFFF"}],"agency_name":"Pasadena Transit"},"geometry":{"type":"Point","coordinates":[-118.132287,34.150041]}},{"type":"Feature","properties":{"stop_id":"220","stop_code":"9613","stop_name":"Villa St & Lake Ave","routes":[{"route_id":"40","agency_id":"1","route_short_name":"40","route_long_name":"Old Pasadena - SMV Station","route_type":3,"route_color":"#DC4405","route_text_color":"#FFFFFF"}],"agency_name":"Pasadena Transit"},"geometry":{"type":"Point","coordinates":[-118.132005,34.154251]}},{"type":"Feature","properties":{"stop_id":"221","stop_code":"9676","stop_name":"Villa St & Lake Ave","routes":[{"route_id":"40","agency_id":"1","route_short_name":"40","route_long_name":"Old Pasadena - SMV Station","route_type":3,"route_color":"#DC4405","route_text_color":"#FFFFFF"}],"agency_name":"Pasadena Transit"},"geometry":{"type":"Point","coordinates":[-118.132154,34.154343]}},{"type":"Feature","properties":{"stop_id":"222","stop_code":"3672","stop_name":"Lake Ave & Villa St","routes":[{"route_id":"20cc","agency_id":"1","route_short_name":"20cc","route_long_name":"Counterclockwise Fair Oaks - Lake","route_type":3,"route_color":"#002855","route_text_color":"#FFFFFF"}],"agency_name":"Pasadena Transit"},"geometry":{"type":"Point","coordinates":[-118.13232,34.154598]}},{"type":"Feature","properties":{"stop_id":"223","stop_code":"3680","stop_name":"Lake Ave & Santa Barbara St","routes":[{"route_id":"20cc","agency_id":"1","route_short_name":"20cc","route_long_name":"Counterclockwise Fair Oaks - Lake","route_type":3,"route_color":"#002855","route_text_color":"#FFFFFF"}],"agency_name":"Pasadena Transit"},"geometry":{"type":"Point","coordinates":[-118.132332,34.155785]}},{"type":"Feature","properties":{"stop_id":"224","stop_code":"3670","stop_name":"Lake Ave & Orange Grove Blvd","routes":[{"route_id":"20cc","agency_id":"1","route_short_name":"20cc","route_long_name":"Counterclockwise Fair Oaks - Lake","route_type":3,"route_color":"#002855","route_text_color":"#FFFFFF"}],"agency_name":"Pasadena Transit"},"geometry":{"type":"Point","coordinates":[-118.132356,34.158145]}},{"type":"Feature","properties":{"stop_id":"225","stop_code":"3661","stop_name":"Lake Ave & Boylston St","routes":[{"route_id":"20cc","agency_id":"1","route_short_name":"20cc","route_long_name":"Counterclockwise Fair Oaks - Lake","route_type":3,"route_color":"#002855","route_text_color":"#FFFFFF"}],"agency_name":"Pasadena Transit"},"geometry":{"type":"Point","coordinates":[-118.132371,34.159705]}},{"type":"Feature","properties":{"stop_id":"226","stop_code":"3669","stop_name":"Lake Ave & Mountain St","routes":[{"route_id":"20cc","agency_id":"1","route_short_name":"20cc","route_long_name":"Counterclockwise Fair Oaks - Lake","route_type":3,"route_color":"#002855","route_text_color":"#FFFFFF"}],"agency_name":"Pasadena Transit"},"geometry":{"type":"Point","coordinates":[-118.132382,34.161321]}},{"type":"Feature","properties":{"stop_id":"227","stop_code":"3660","stop_name":"Lake Ave & Belvidere St","routes":[{"route_id":"20cc","agency_id":"1","route_short_name":"20cc","route_long_name":"Counterclockwise Fair Oaks - Lake","route_type":3,"route_color":"#002855","route_text_color":"#FFFFFF"}],"agency_name":"Pasadena Transit"},"geometry":{"type":"Point","coordinates":[-118.13235,34.16402]}},{"type":"Feature","properties":{"stop_id":"228","stop_code":"3663","stop_name":"Lake Ave & Claremont St","routes":[{"route_id":"20cc","agency_id":"1","route_short_name":"20cc","route_long_name":"Counterclockwise Fair Oaks - Lake","route_type":3,"route_color":"#002855","route_text_color":"#FFFFFF"}],"agency_name":"Pasadena Transit"},"geometry":{"type":"Point","coordinates":[-118.132222,34.167246]}},{"type":"Feature","properties":{"stop_id":"229","stop_code":"242","stop_name":"Sierra Madre Villa Ave & Alameda St","routes":[{"route_id":"32","agency_id":"1","route_short_name":"32","route_long_name":"NW Pasadena - New York - SMV Station","route_type":3,"route_color":"#009639","route_text_color":"#FFFFFF"}],"agency_name":"Pasadena Transit"},"geometry":{"type":"Point","coordinates":[-118.082186,34.153529]}},{"type":"Feature","properties":{"stop_id":"230","stop_code":"176163","stop_name":"Sierra Madre Villa Ave & Rosemead Blvd","routes":[{"route_id":"32","agency_id":"1","route_short_name":"32","route_long_name":"NW Pasadena - New York - SMV Station","route_type":3,"route_color":"#009639","route_text_color":"#FFFFFF"}],"agency_name":"Pasadena Transit"},"geometry":{"type":"Point","coordinates":[-118.081543,34.157438]}},{"type":"Feature","properties":{"stop_id":"232","stop_code":"176161","stop_name":"Sierra Madre Villa Ave & Orange Grove Ave","routes":[{"route_id":"32","agency_id":"1","route_short_name":"32","route_long_name":"NW Pasadena - New York - SMV Station","route_type":3,"route_color":"#009639","route_text_color":"#FFFFFF"}],"agency_name":"Pasadena Transit"},"geometry":{"type":"Point","coordinates":[-118.081598,34.158427]}},{"type":"Feature","properties":{"stop_id":"233","stop_code":"176164","stop_name":"Sierra Madre Villa Ave & Primavera St","routes":[{"route_id":"32","agency_id":"1","route_short_name":"32","route_long_name":"NW Pasadena - New York - SMV Station","route_type":3,"route_color":"#009639","route_text_color":"#FFFFFF"}],"agency_name":"Pasadena Transit"},"geometry":{"type":"Point","coordinates":[-118.081144,34.160215]}},{"type":"Feature","properties":{"stop_id":"234","stop_code":"176160","stop_name":"Sierra Madre Villa Ave & Primavera St","routes":[{"route_id":"32","agency_id":"1","route_short_name":"32","route_long_name":"NW Pasadena - New York - SMV Station","route_type":3,"route_color":"#009639","route_text_color":"#FFFFFF"}],"agency_name":"Pasadena Transit"},"geometry":{"type":"Point","coordinates":[-118.08139,34.160197]}},{"type":"Feature","properties":{"stop_id":"239","stop_code":"1628","stop_name":"Sierra Madre Blvd & Hastings Ranch Dr","routes":[{"route_id":"60","agency_id":"1","route_short_name":"60","route_long_name":"PCC - SMV Station - Michillinda","route_type":3,"route_color":"#C5299B","route_text_color":"#FFFFFF"}],"agency_name":"Pasadena Transit"},"geometry":{"type":"Point","coordinates":[-118.072398,34.16153]}},{"type":"Feature","properties":{"stop_id":"242","stop_code":"9594","stop_name":"Sierra Madre Blvd & Michillinda Ave","routes":[{"route_id":"60","agency_id":"1","route_short_name":"60","route_long_name":"PCC - SMV Station - Michillinda","route_type":3,"route_color":"#C5299B","route_text_color":"#FFFFFF"}],"agency_name":"Pasadena Transit"},"geometry":{"type":"Point","coordinates":[-118.068852,34.162]}},{"type":"Feature","properties":{"stop_id":"249","stop_code":"1441","stop_name":"Foothill Blvd & Rosemead Blvd","routes":[{"route_id":"40","agency_id":"1","route_short_name":"40","route_long_name":"Old Pasadena - SMV Station","route_type":3,"route_color":"#DC4405","route_text_color":"#FFFFFF"},{"route_id":"60","agency_id":"1","route_short_name":"60","route_long_name":"PCC - SMV Station - Michillinda","route_type":3,"route_color":"#C5299B","route_text_color":"#FFFFFF"}],"agency_name":"Pasadena Transit"},"geometry":{"type":"Point","coordinates":[-118.073884,34.150309]}},{"type":"Feature","properties":{"stop_id":"251","stop_code":"295","stop_name":"Foothill Blvd Between Rosemead Blvd & Halstead St","routes":[{"route_id":"40","agency_id":"1","route_short_name":"40","route_long_name":"Old Pasadena - SMV Station","route_type":3,"route_color":"#DC4405","route_text_color":"#FFFFFF"},{"route_id":"60","agency_id":"1","route_short_name":"60","route_long_name":"PCC - SMV Station - Michillinda","route_type":3,"route_color":"#C5299B","route_text_color":"#FFFFFF"}],"agency_name":"Pasadena Transit"},"geometry":{"type":"Point","coordinates":[-118.075817,34.150266]}},{"type":"Feature","properties":{"stop_id":"253","stop_code":"3589","stop_name":"Foothill Blvd & Halstead St","routes":[{"route_id":"40","agency_id":"1","route_short_name":"40","route_long_name":"Old Pasadena - SMV Station","route_type":3,"route_color":"#DC4405","route_text_color":"#FFFFFF"},{"route_id":"60","agency_id":"1","route_short_name":"60","route_long_name":"PCC - SMV Station - Michillinda","route_type":3,"route_color":"#C5299B","route_text_color":"#FFFFFF"}],"agency_name":"Pasadena Transit"},"geometry":{"type":"Point","coordinates":[-118.079052,34.150036]}},{"type":"Feature","properties":{"stop_id":"254","stop_code":"9779","stop_name":"Halstead St & Foothill Blvd","routes":[{"route_id":"33","agency_id":"1","route_short_name":"33","route_long_name":"Highland Park - SMV Station","route_type":3,"route_color":"#6B6F2A","route_text_color":"#FFFFFF"}],"agency_name":"Pasadena Transit"},"geometry":{"type":"Point","coordinates":[-118.079766,34.15083]}},{"type":"Feature","properties":{"stop_id":"255","stop_code":"3856","stop_name":"Rosemead Blvd & Halstead St","routes":[{"route_id":"33","agency_id":"1","route_short_name":"33","route_long_name":"Highland Park - SMV Station","route_type":3,"route_color":"#6B6F2A","route_text_color":"#FFFFFF"},{"route_id":"40","agency_id":"1","route_short_name":"40","route_long_name":"Old Pasadena - SMV Station","route_type":3,"route_color":"#DC4405","route_text_color":"#FFFFFF"}],"agency_name":"Pasadena Transit"},"geometry":{"type":"Point","coordinates":[-118.078692,34.154996]}},{"type":"Feature","properties":{"stop_id":"256","stop_code":"12332","stop_name":"Rosemead Blvd & Greenhill Rd","routes":[{"route_id":"33","agency_id":"1","route_short_name":"33","route_long_name":"Highland Park - SMV Station","route_type":3,"route_color":"#6B6F2A","route_text_color":"#FFFFFF"},{"route_id":"40","agency_id":"1","route_short_name":"40","route_long_name":"Old Pasadena - SMV Station","route_type":3,"route_color":"#DC4405","route_text_color":"#FFFFFF"}],"agency_name":"Pasadena Transit"},"geometry":{"type":"Point","coordinates":[-118.078538,34.155195]}},{"type":"Feature","properties":{"stop_id":"257","stop_code":"292","stop_name":"Rosemead Blvd Between Hastings Ranch & Halstead St","routes":[{"route_id":"40","agency_id":"1","route_short_name":"40","route_long_name":"Old Pasadena - SMV Station","route_type":3,"route_color":"#DC4405","route_text_color":"#FFFFFF"}],"agency_name":"Pasadena Transit"},"geometry":{"type":"Point","coordinates":[-118.077785,34.15375]}},{"type":"Feature","properties":{"stop_id":"258","stop_code":"293","stop_name":"Rosemead Blvd & Hastings Ranch Dr","routes":[{"route_id":"40","agency_id":"1","route_short_name":"40","route_long_name":"Old Pasadena - SMV Station","route_type":3,"route_color":"#DC4405","route_text_color":"#FFFFFF"}],"agency_name":"Pasadena Transit"},"geometry":{"type":"Point","coordinates":[-118.074209,34.151648]}},{"type":"Feature","properties":{"stop_id":"259","stop_code":"9541","stop_name":"Rosemead Blvd & Foothill & Hastings Ranch Dr","routes":[{"route_id":"40","agency_id":"1","route_short_name":"40","route_long_name":"Old Pasadena - SMV Station","route_type":3,"route_color":"#DC4405","route_text_color":"#FFFFFF"},{"route_id":"60","agency_id":"1","route_short_name":"60","route_long_name":"PCC - SMV Station - Michillinda","route_type":3,"route_color":"#C5299B","route_text_color":"#FFFFFF"}],"agency_name":"Pasadena Transit"},"geometry":{"type":"Point","coordinates":[-118.073401,34.150979]}},{"type":"Feature","properties":{"stop_id":"260","stop_code":"360","stop_name":"Hastings Ranch Dr & Sears Way","routes":[{"route_id":"60","agency_id":"1","route_short_name":"60","route_long_name":"PCC - SMV Station - Michillinda","route_type":3,"route_color":"#C5299B","route_text_color":"#FFFFFF"}],"agency_name":"Pasadena Transit"},"geometry":{"type":"Point","coordinates":[-118.073494,34.15225]}},{"type":"Feature","properties":{"stop_id":"261","stop_code":"370","stop_name":"Hastings Ranch Dr & Hampton Rd","routes":[{"route_id":"60","agency_id":"1","route_short_name":"60","route_long_name":"PCC - SMV Station - Michillinda","route_type":3,"route_color":"#C5299B","route_text_color":"#FFFFFF"}],"agency_name":"Pasadena Transit"},"geometry":{"type":"Point","coordinates":[-118.073144,34.153226]}},{"type":"Feature","properties":{"stop_id":"262","stop_code":"361","stop_name":"Hastings Ranch Dr & Hampton Rd","routes":[{"route_id":"60","agency_id":"1","route_short_name":"60","route_long_name":"PCC - SMV Station - Michillinda","route_type":3,"route_color":"#C5299B","route_text_color":"#FFFFFF"}],"agency_name":"Pasadena Transit"},"geometry":{"type":"Point","coordinates":[-118.072724,34.153725]}},{"type":"Feature","properties":{"stop_id":"263","stop_code":"362","stop_name":"Hastings Ranch Dr & Fairmeade Rd","routes":[{"route_id":"60","agency_id":"1","route_short_name":"60","route_long_name":"PCC - SMV Station - Michillinda","route_type":3,"route_color":"#C5299B","route_text_color":"#FFFFFF"}],"agency_name":"Pasadena Transit"},"geometry":{"type":"Point","coordinates":[-118.072412,34.155378]}},{"type":"Feature","properties":{"stop_id":"264","stop_code":"369","stop_name":"Hastings Ranch Dr & Fairmeade Rd","routes":[{"route_id":"60","agency_id":"1","route_short_name":"60","route_long_name":"PCC - SMV Station - Michillinda","route_type":3,"route_color":"#C5299B","route_text_color":"#FFFFFF"}],"agency_name":"Pasadena Transit"},"geometry":{"type":"Point","coordinates":[-118.072553,34.155368]}},{"type":"Feature","properties":{"stop_id":"265","stop_code":"368","stop_name":"Hastings Ranch Dr & Shadow Grove Rd","routes":[{"route_id":"60","agency_id":"1","route_short_name":"60","route_long_name":"PCC - SMV Station - Michillinda","route_type":3,"route_color":"#C5299B","route_text_color":"#FFFFFF"}],"agency_name":"Pasadena Transit"},"geometry":{"type":"Point","coordinates":[-118.073065,34.157505]}},{"type":"Feature","properties":{"stop_id":"266","stop_code":"363","stop_name":"Hastings Ranch Dr & Shadow Grove Rd","routes":[{"route_id":"60","agency_id":"1","route_short_name":"60","route_long_name":"PCC - SMV Station - Michillinda","route_type":3,"route_color":"#C5299B","route_text_color":"#FFFFFF"}],"agency_name":"Pasadena Transit"},"geometry":{"type":"Point","coordinates":[-118.072926,34.157527]}},{"type":"Feature","properties":{"stop_id":"267","stop_code":"367","stop_name":"Hastings Ranch Dr & Sierra Madre Blvd","routes":[{"route_id":"60","agency_id":"1","route_short_name":"60","route_long_name":"PCC - SMV Station - Michillinda","route_type":3,"route_color":"#C5299B","route_text_color":"#FFFFFF"}],"agency_name":"Pasadena Transit"},"geometry":{"type":"Point","coordinates":[-118.072806,34.161303]}},{"type":"Feature","properties":{"stop_id":"269","stop_code":"240","stop_name":"New York Dr & Sierra Madre Villa Ave","routes":[{"route_id":"32","agency_id":"1","route_short_name":"32","route_long_name":"NW Pasadena - New York - SMV Station","route_type":3,"route_color":"#009639","route_text_color":"#FFFFFF"}],"agency_name":"Pasadena Transit"},"geometry":{"type":"Point","coordinates":[-118.081692,34.162441]}},{"type":"Feature","properties":{"stop_id":"270","stop_code":"408","stop_name":"Sierra Madre Villa Ave & Sierra Madre Blvd","routes":[{"route_id":"32","agency_id":"1","route_short_name":"32","route_long_name":"NW Pasadena - New York - SMV Station","route_type":3,"route_color":"#009639","route_text_color":"#FFFFFF"}],"agency_name":"Pasadena Transit"},"geometry":{"type":"Point","coordinates":[-118.081109,34.162102]}},{"type":"Feature","properties":{"stop_id":"271","stop_code":"9517","stop_name":"New York Dr & Bradley St","routes":[{"route_id":"32","agency_id":"1","route_short_name":"32","route_long_name":"NW Pasadena - New York - SMV Station","route_type":3,"route_color":"#009639","route_text_color":"#FFFFFF"}],"agency_name":"Pasadena Transit"},"geometry":{"type":"Point","coordinates":[-118.087229,34.167747]}},{"type":"Feature","properties":{"stop_id":"272","stop_code":"9516","stop_name":"New York Dr & Bradley St","routes":[{"route_id":"32","agency_id":"1","route_short_name":"32","route_long_name":"NW Pasadena - New York - SMV Station","route_type":3,"route_color":"#009639","route_text_color":"#FFFFFF"}],"agency_name":"Pasadena Transit"},"geometry":{"type":"Point","coordinates":[-118.086908,34.167189]}},{"type":"Feature","properties":{"stop_id":"273","stop_code":"247","stop_name":"New York Dr & Eaton Canyon Dr","routes":[{"route_id":"32","agency_id":"1","route_short_name":"32","route_long_name":"NW Pasadena - New York - SMV Station","route_type":3,"route_color":"#009639","route_text_color":"#FFFFFF"}],"agency_name":"Pasadena Transit"},"geometry":{"type":"Point","coordinates":[-118.092383,34.172467]}},{"type":"Feature","properties":{"stop_id":"274","stop_code":"238","stop_name":"New York Dr & Eaton Canyon Dr","routes":[{"route_id":"32","agency_id":"1","route_short_name":"32","route_long_name":"NW Pasadena - New York - SMV Station","route_type":3,"route_color":"#009639","route_text_color":"#FFFFFF"}],"agency_name":"Pasadena Transit"},"geometry":{"type":"Point","coordinates":[-118.093104,34.172495]}},{"type":"Feature","properties":{"stop_id":"275","stop_code":"237","stop_name":"New York Dr & Altadena Dr","routes":[{"route_id":"32","agency_id":"1","route_short_name":"32","route_long_name":"NW Pasadena - New York - SMV Station","route_type":3,"route_color":"#009639","route_text_color":"#FFFFFF"}],"agency_name":"Pasadena Transit"},"geometry":{"type":"Point","coordinates":[-118.097825,34.174457]}},{"type":"Feature","properties":{"stop_id":"276","stop_code":"4015","stop_name":"Altadena Dr & New York Dr","routes":[{"route_id":"32","agency_id":"1","route_short_name":"32","route_long_name":"NW Pasadena - New York - SMV Station","route_type":3,"route_color":"#009639","route_text_color":"#FFFFFF"}],"agency_name":"Pasadena Transit"},"geometry":{"type":"Point","coordinates":[-118.098331,34.174163]}},{"type":"Feature","properties":{"stop_id":"277","stop_code":"3349","stop_name":"Altadena Dr & Crary St","routes":[{"route_id":"32","agency_id":"1","route_short_name":"32","route_long_name":"NW Pasadena - New York - SMV Station","route_type":3,"route_color":"#009639","route_text_color":"#FFFFFF"}],"agency_name":"Pasadena Transit"},"geometry":{"type":"Point","coordinates":[-118.098154,34.173093]}},{"type":"Feature","properties":{"stop_id":"278","stop_code":"11835","stop_name":"Altadena Dr & Crary St","routes":[{"route_id":"32","agency_id":"1","route_short_name":"32","route_long_name":"NW Pasadena - New York - SMV Station","route_type":3,"route_color":"#009639","route_text_color":"#FFFFFF"}],"agency_name":"Pasadena Transit"},"geometry":{"type":"Point","coordinates":[-118.098357,34.172729]}},{"type":"Feature","properties":{"stop_id":"279","stop_code":"3354","stop_name":"Altadena Dr & Meguiar Dr","routes":[{"route_id":"32","agency_id":"1","route_short_name":"32","route_long_name":"NW Pasadena - New York - SMV Station","route_type":3,"route_color":"#009639","route_text_color":"#FFFFFF"}],"agency_name":"Pasadena Transit"},"geometry":{"type":"Point","coordinates":[-118.09819,34.171116]}},{"type":"Feature","properties":{"stop_id":"280","stop_code":"11839","stop_name":"Altadena Dr & Garfias Dr","routes":[{"route_id":"32","agency_id":"1","route_short_name":"32","route_long_name":"NW Pasadena - New York - SMV Station","route_type":3,"route_color":"#009639","route_text_color":"#FFFFFF"}],"agency_name":"Pasadena Transit"},"geometry":{"type":"Point","coordinates":[-118.098382,34.171111]}},{"type":"Feature","properties":{"stop_id":"281","stop_code":"9318","stop_name":"Altadena Dr & Washington Blvd","routes":[{"route_id":"32","agency_id":"1","route_short_name":"32","route_long_name":"NW Pasadena - New York - SMV Station","route_type":3,"route_color":"#009639","route_text_color":"#FFFFFF"}],"agency_name":"Pasadena Transit"},"geometry":{"type":"Point","coordinates":[-118.098211,34.169703]}},{"type":"Feature","properties":{"stop_id":"282","stop_code":"3352","stop_name":"Altadena Dr & Washington Blvd","routes":[{"route_id":"31","agency_id":"1","route_short_name":"31","route_long_name":"NW Pasadena - Foothill Blvd - SMV Station","route_type":3,"route_color":"#215732","route_text_color":"#FFFFFF"},{"route_id":"33","agency_id":"1","route_short_name":"33","route_long_name":"Highland Park - SMV Station","route_type":3,"route_color":"#6B6F2A","route_text_color":"#FFFFFF"}],"agency_name":"Pasadena Transit"},"geometry":{"type":"Point","coordinates":[-118.09842,34.168626]}},{"type":"Feature","properties":{"stop_id":"284","stop_code":"3347","stop_name":"Altadena Dr & Brigden Rd","routes":[{"route_id":"31","agency_id":"1","route_short_name":"31","route_long_name":"NW Pasadena - Foothill Blvd - SMV Station","route_type":3,"route_color":"#215732","route_text_color":"#FFFFFF"},{"route_id":"33","agency_id":"1","route_short_name":"33","route_long_name":"Highland Park - SMV Station","route_type":3,"route_color":"#6B6F2A","route_text_color":"#FFFFFF"}],"agency_name":"Pasadena Transit"},"geometry":{"type":"Point","coordinates":[-118.098446,34.166129]}},{"type":"Feature","properties":{"stop_id":"285","stop_code":"11833","stop_name":"Altadena Dr & Brigden Rd","routes":[{"route_id":"31","agency_id":"1","route_short_name":"31","route_long_name":"NW Pasadena - Foothill Blvd - SMV Station","route_type":3,"route_color":"#215732","route_text_color":"#FFFFFF"},{"route_id":"33","agency_id":"1","route_short_name":"33","route_long_name":"Highland Park - SMV Station","route_type":3,"route_color":"#6B6F2A","route_text_color":"#FFFFFF"}],"agency_name":"Pasadena Transit"},"geometry":{"type":"Point","coordinates":[-118.098268,34.166048]}},{"type":"Feature","properties":{"stop_id":"286","stop_code":"11834","stop_name":"Altadena Dr & Cooley Pl","routes":[{"route_id":"31","agency_id":"1","route_short_name":"31","route_long_name":"NW Pasadena - Foothill Blvd - SMV Station","route_type":3,"route_color":"#215732","route_text_color":"#FFFFFF"},{"route_id":"33","agency_id":"1","route_short_name":"33","route_long_name":"Highland Park - SMV Station","route_type":3,"route_color":"#6B6F2A","route_text_color":"#FFFFFF"}],"agency_name":"Pasadena Transit"},"geometry":{"type":"Point","coordinates":[-118.098513,34.162794]}},{"type":"Feature","properties":{"stop_id":"287","stop_code":"8696","stop_name":"Altadena Dr & Cooley Pl","routes":[{"route_id":"31","agency_id":"1","route_short_name":"31","route_long_name":"NW Pasadena - Foothill Blvd - SMV Station","route_type":3,"route_color":"#215732","route_text_color":"#FFFFFF"},{"route_id":"33","agency_id":"1","route_short_name":"33","route_long_name":"Highland Park - SMV Station","route_type":3,"route_color":"#6B6F2A","route_text_color":"#FFFFFF"}],"agency_name":"Pasadena Transit"},"geometry":{"type":"Point","coordinates":[-118.098316,34.16284]}},{"type":"Feature","properties":{"stop_id":"288","stop_code":"11842","stop_name":"Altadena Dr & Paloma St","routes":[{"route_id":"31","agency_id":"1","route_short_name":"31","route_long_name":"NW Pasadena - Foothill Blvd - SMV Station","route_type":3,"route_color":"#215732","route_text_color":"#FFFFFF"},{"route_id":"33","agency_id":"1","route_short_name":"33","route_long_name":"Highland Park - SMV Station","route_type":3,"route_color":"#6B6F2A","route_text_color":"#FFFFFF"}],"agency_name":"Pasadena Transit"},"geometry":{"type":"Point","coordinates":[-118.09856,34.159497]}},{"type":"Feature","properties":{"stop_id":"289","stop_code":"3356","stop_name":"Altadena Dr & Paloma St","routes":[{"route_id":"31","agency_id":"1","route_short_name":"31","route_long_name":"NW Pasadena - Foothill Blvd - SMV Station","route_type":3,"route_color":"#215732","route_text_color":"#FFFFFF"},{"route_id":"33","agency_id":"1","route_short_name":"33","route_long_name":"Highland Park - SMV Station","route_type":3,"route_color":"#6B6F2A","route_text_color":"#FFFFFF"}],"agency_name":"Pasadena Transit"},"geometry":{"type":"Point","coordinates":[-118.098372,34.159669]}},{"type":"Feature","properties":{"stop_id":"290","stop_code":"11836","stop_name":"Altadena Dr & Orange Grove Blvd","routes":[{"route_id":"31","agency_id":"1","route_short_name":"31","route_long_name":"NW Pasadena - Foothill Blvd - SMV Station","route_type":3,"route_color":"#215732","route_text_color":"#FFFFFF"}],"agency_name":"Pasadena Transit"},"geometry":{"type":"Point","coordinates":[-118.098597,34.157943]}},{"type":"Feature","properties":{"stop_id":"291","stop_code":"10167","stop_name":"Orange Grove Blvd & Altadena Dr","routes":[{"route_id":"33","agency_id":"1","route_short_name":"33","route_long_name":"Highland Park - SMV Station","route_type":3,"route_color":"#6B6F2A","route_text_color":"#FFFFFF"},{"route_id":"40","agency_id":"1","route_short_name":"40","route_long_name":"Old Pasadena - SMV Station","route_type":3,"route_color":"#DC4405","route_text_color":"#FFFFFF"}],"agency_name":"Pasadena Transit"},"geometry":{"type":"Point","coordinates":[-118.09832,34.158391]}},{"type":"Feature","properties":{"stop_id":"292","stop_code":"3350","stop_name":"Orange Grove Blvd & Altadena Dr","routes":[{"route_id":"33","agency_id":"1","route_short_name":"33","route_long_name":"Highland Park - SMV Station","route_type":3,"route_color":"#6B6F2A","route_text_color":"#FFFFFF"},{"route_id":"40","agency_id":"1","route_short_name":"40","route_long_name":"Old Pasadena - SMV Station","route_type":3,"route_color":"#DC4405","route_text_color":"#FFFFFF"}],"agency_name":"Pasadena Transit"},"geometry":{"type":"Point","coordinates":[-118.098025,34.158194]}},{"type":"Feature","properties":{"stop_id":"293","stop_code":"10169","stop_name":"Orange Grove Blvd & Sierra Madre Blvd","routes":[{"route_id":"33","agency_id":"1","route_short_name":"33","route_long_name":"Highland Park - SMV Station","route_type":3,"route_color":"#6B6F2A","route_text_color":"#FFFFFF"},{"route_id":"40","agency_id":"1","route_short_name":"40","route_long_name":"Old Pasadena - SMV Station","route_type":3,"route_color":"#DC4405","route_text_color":"#FFFFFF"}],"agency_name":"Pasadena Transit"},"geometry":{"type":"Point","coordinates":[-118.094573,34.15848]}},{"type":"Feature","properties":{"stop_id":"294","stop_code":"1617","stop_name":"Orange Grove Blvd & Sierra Madre Blvd","routes":[{"route_id":"33","agency_id":"1","route_short_name":"33","route_long_name":"Highland Park - SMV Station","route_type":3,"route_color":"#6B6F2A","route_text_color":"#FFFFFF"},{"route_id":"40","agency_id":"1","route_short_name":"40","route_long_name":"Old Pasadena - SMV Station","route_type":3,"route_color":"#DC4405","route_text_color":"#FFFFFF"}],"agency_name":"Pasadena Transit"},"geometry":{"type":"Point","coordinates":[-118.0944,34.158287]}},{"type":"Feature","properties":{"stop_id":"301","stop_code":"10168","stop_name":"Orange Grove Blvd & Sunny Slope Ave","routes":[{"route_id":"33","agency_id":"1","route_short_name":"33","route_long_name":"Highland Park - SMV Station","route_type":3,"route_color":"#6B6F2A","route_text_color":"#FFFFFF"},{"route_id":"40","agency_id":"1","route_short_name":"40","route_long_name":"Old Pasadena - SMV Station","route_type":3,"route_color":"#DC4405","route_text_color":"#FFFFFF"}],"agency_name":"Pasadena Transit"},"geometry":{"type":"Point","coordinates":[-118.089079,34.158577]}},{"type":"Feature","properties":{"stop_id":"302","stop_code":"1616","stop_name":"Orange Grove Blvd & Sunny Slope Ave","routes":[{"route_id":"33","agency_id":"1","route_short_name":"33","route_long_name":"Highland Park - SMV Station","route_type":3,"route_color":"#6B6F2A","route_text_color":"#FFFFFF"},{"route_id":"40","agency_id":"1","route_short_name":"40","route_long_name":"Old Pasadena - SMV Station","route_type":3,"route_color":"#DC4405","route_text_color":"#FFFFFF"}],"agency_name":"Pasadena Transit"},"geometry":{"type":"Point","coordinates":[-118.088914,34.158425]}},{"type":"Feature","properties":{"stop_id":"305","stop_code":"142115","stop_name":"Foothill Blvd & Altadena Dr","routes":[{"route_id":"31","agency_id":"1","route_short_name":"31","route_long_name":"NW Pasadena - Foothill Blvd - SMV Station","route_type":3,"route_color":"#215732","route_text_color":"#FFFFFF"}],"agency_name":"Pasadena Transit"},"geometry":{"type":"Point","coordinates":[-118.098268,34.149734]}},{"type":"Feature","properties":{"stop_id":"306","stop_code":"142112","stop_name":"Foothill Blvd & Altadena Dr","routes":[{"route_id":"31","agency_id":"1","route_short_name":"31","route_long_name":"NW Pasadena - Foothill Blvd - SMV Station","route_type":3,"route_color":"#215732","route_text_color":"#FFFFFF"}],"agency_name":"Pasadena Transit"},"geometry":{"type":"Point","coordinates":[-118.098263,34.149909]}},{"type":"Feature","properties":{"stop_id":"307","stop_code":"142113","stop_name":"Altadena Dr & Corson St","routes":[{"route_id":"31","agency_id":"1","route_short_name":"31","route_long_name":"NW Pasadena - Foothill Blvd - SMV Station","route_type":3,"route_color":"#215732","route_text_color":"#FFFFFF"}],"agency_name":"Pasadena Transit"},"geometry":{"type":"Point","coordinates":[-118.098367,34.151669]}},{"type":"Feature","properties":{"stop_id":"309","stop_code":"11837","stop_name":"Altadena Dr & Villa St","routes":[{"route_id":"31","agency_id":"1","route_short_name":"31","route_long_name":"NW Pasadena - Foothill Blvd - SMV Station","route_type":3,"route_color":"#215732","route_text_color":"#FFFFFF"}],"agency_name":"Pasadena Transit"},"geometry":{"type":"Point","coordinates":[-118.09869,34.154053]}},{"type":"Feature","properties":{"stop_id":"310","stop_code":"3351","stop_name":"Altadena Dr & Villa St","routes":[{"route_id":"31","agency_id":"1","route_short_name":"31","route_long_name":"NW Pasadena - Foothill Blvd - SMV Station","route_type":3,"route_color":"#215732","route_text_color":"#FFFFFF"}],"agency_name":"Pasadena Transit"},"geometry":{"type":"Point","coordinates":[-118.098451,34.154799]}},{"type":"Feature","properties":{"stop_id":"311","stop_code":"11840","stop_name":"Altadena Dr & Las Lunas St","routes":[{"route_id":"31","agency_id":"1","route_short_name":"31","route_long_name":"NW Pasadena - Foothill Blvd - SMV Station","route_type":3,"route_color":"#215732","route_text_color":"#FFFFFF"}],"agency_name":"Pasadena Transit"},"geometry":{"type":"Point","coordinates":[-118.09863,34.156014]}},{"type":"Feature","properties":{"stop_id":"312","stop_code":"3353","stop_name":"Altadena Dr & Las Lunas St","routes":[{"route_id":"31","agency_id":"1","route_short_name":"31","route_long_name":"NW Pasadena - Foothill Blvd - SMV Station","route_type":3,"route_color":"#215732","route_text_color":"#FFFFFF"}],"agency_name":"Pasadena Transit"},"geometry":{"type":"Point","coordinates":[-118.098428,34.156387]}},{"type":"Feature","properties":{"stop_id":"314","stop_code":"142111","stop_name":"Foothill Blvd & San Gabriel Blvd","routes":[{"route_id":"31","agency_id":"1","route_short_name":"31","route_long_name":"NW Pasadena - Foothill Blvd - SMV Station","route_type":3,"route_color":"#215732","route_text_color":"#FFFFFF"}],"agency_name":"Pasadena Transit"},"geometry":{"type":"Point","coordinates":[-118.09463,34.149973]}},{"type":"Feature","properties":{"stop_id":"315","stop_code":"142116","stop_name":"Foothill Blvd & San Gabriel Blvd","routes":[{"route_id":"31","agency_id":"1","route_short_name":"31","route_long_name":"NW Pasadena - Foothill Blvd - SMV Station","route_type":3,"route_color":"#215732","route_text_color":"#FFFFFF"}],"agency_name":"Pasadena Transit"},"geometry":{"type":"Point","coordinates":[-118.093681,34.1498]}},{"type":"Feature","properties":{"stop_id":"319","stop_code":"142110","stop_name":"Foothill Blvd & Sunny Slope Ave","routes":[{"route_id":"31","agency_id":"1","route_short_name":"31","route_long_name":"NW Pasadena - Foothill Blvd - SMV Station","route_type":3,"route_color":"#215732","route_text_color":"#FFFFFF"}],"agency_name":"Pasadena Transit"},"geometry":{"type":"Point","coordinates":[-118.090903,34.150029]}},{"type":"Feature","properties":{"stop_id":"320","stop_code":"142117","stop_name":"Foothill Blvd & Sunny Slope Ave","routes":[{"route_id":"31","agency_id":"1","route_short_name":"31","route_long_name":"NW Pasadena - Foothill Blvd - SMV Station","route_type":3,"route_color":"#215732","route_text_color":"#FFFFFF"}],"agency_name":"Pasadena Transit"},"geometry":{"type":"Point","coordinates":[-118.090164,34.149872]}},{"type":"Feature","properties":{"stop_id":"341","stop_code":"1718","stop_name":"Washington Blvd & Catalina Ave","routes":[{"route_id":"31","agency_id":"1","route_short_name":"31","route_long_name":"NW Pasadena - Foothill Blvd - SMV Station","route_type":3,"route_color":"#215732","route_text_color":"#FFFFFF"},{"route_id":"32","agency_id":"1","route_short_name":"32","route_long_name":"NW Pasadena - New York - SMV Station","route_type":3,"route_color":"#009639","route_text_color":"#FFFFFF"},{"route_id":"33","agency_id":"1","route_short_name":"33","route_long_name":"Highland Park - SMV Station","route_type":3,"route_color":"#6B6F2A","route_text_color":"#FFFFFF"}],"agency_name":"Pasadena Transit"},"geometry":{"type":"Point","coordinates":[-118.129323,34.168934]}},{"type":"Feature","properties":{"stop_id":"342","stop_code":"1724","stop_name":"Washington Blvd & Mar Vista Ave","routes":[{"route_id":"31","agency_id":"1","route_short_name":"31","route_long_name":"NW Pasadena - Foothill Blvd - SMV Station","route_type":3,"route_color":"#215732","route_text_color":"#FFFFFF"},{"route_id":"32","agency_id":"1","route_short_name":"32","route_long_name":"NW Pasadena - New York - SMV Station","route_type":3,"route_color":"#009639","route_text_color":"#FFFFFF"},{"route_id":"33","agency_id":"1","route_short_name":"33","route_long_name":"Highland Park - SMV Station","route_type":3,"route_color":"#6B6F2A","route_text_color":"#FFFFFF"}],"agency_name":"Pasadena Transit"},"geometry":{"type":"Point","coordinates":[-118.126664,34.16895]}},{"type":"Feature","properties":{"stop_id":"343","stop_code":"1719","stop_name":"Washington Blvd & Chester Ave","routes":[{"route_id":"31","agency_id":"1","route_short_name":"31","route_long_name":"NW Pasadena - Foothill Blvd - SMV Station","route_type":3,"route_color":"#215732","route_text_color":"#FFFFFF"},{"route_id":"32","agency_id":"1","route_short_name":"32","route_long_name":"NW Pasadena - New York - SMV Station","route_type":3,"route_color":"#009639","route_text_color":"#FFFFFF"},{"route_id":"33","agency_id":"1","route_short_name":"33","route_long_name":"Highland Park - SMV Station","route_type":3,"route_color":"#6B6F2A","route_text_color":"#FFFFFF"}],"agency_name":"Pasadena Transit"},"geometry":{"type":"Point","coordinates":[-118.124157,34.168976]}},{"type":"Feature","properties":{"stop_id":"344","stop_code":"1721","stop_name":"Washington Blvd & Hill Ave","routes":[{"route_id":"31","agency_id":"1","route_short_name":"31","route_long_name":"NW Pasadena - Foothill Blvd - SMV Station","route_type":3,"route_color":"#215732","route_text_color":"#FFFFFF"},{"route_id":"32","agency_id":"1","route_short_name":"32","route_long_name":"NW Pasadena - New York - SMV Station","route_type":3,"route_color":"#009639","route_text_color":"#FFFFFF"},{"route_id":"33","agency_id":"1","route_short_name":"33","route_long_name":"Highland Park - SMV Station","route_type":3,"route_color":"#6B6F2A","route_text_color":"#FFFFFF"}],"agency_name":"Pasadena Transit"},"geometry":{"type":"Point","coordinates":[-118.121694,34.168997]}},{"type":"Feature","properties":{"stop_id":"346","stop_code":"1710","stop_name":"Washington Blvd & Bresee Ave","routes":[{"route_id":"31","agency_id":"1","route_short_name":"31","route_long_name":"NW Pasadena - Foothill Blvd - SMV Station","route_type":3,"route_color":"#215732","route_text_color":"#FFFFFF"},{"route_id":"32","agency_id":"1","route_short_name":"32","route_long_name":"NW Pasadena - New York - SMV Station","route_type":3,"route_color":"#009639","route_text_color":"#FFFFFF"},{"route_id":"33","agency_id":"1","route_short_name":"33","route_long_name":"Highland Park - SMV Station","route_type":3,"route_color":"#6B6F2A","route_text_color":"#FFFFFF"}],"agency_name":"Pasadena Transit"},"geometry":{"type":"Point","coordinates":[-118.119325,34.169017]}},{"type":"Feature","properties":{"stop_id":"347","stop_code":"1733","stop_name":"Washington Blvd & Sinaloa Ave","routes":[{"route_id":"31","agency_id":"1","route_short_name":"31","route_long_name":"NW Pasadena - Foothill Blvd - SMV Station","route_type":3,"route_color":"#215732","route_text_color":"#FFFFFF"},{"route_id":"32","agency_id":"1","route_short_name":"32","route_long_name":"NW Pasadena - New York - SMV Station","route_type":3,"route_color":"#009639","route_text_color":"#FFFFFF"},{"route_id":"33","agency_id":"1","route_short_name":"33","route_long_name":"Highland Park - SMV Station","route_type":3,"route_color":"#6B6F2A","route_text_color":"#FFFFFF"}],"agency_name":"Pasadena Transit"},"geometry":{"type":"Point","coordinates":[-118.115033,34.16905]}},{"type":"Feature","properties":{"stop_id":"349","stop_code":"1717","stop_name":"Washington Blvd & Allen Ave","routes":[{"route_id":"31","agency_id":"1","route_short_name":"31","route_long_name":"NW Pasadena - Foothill Blvd - SMV Station","route_type":3,"route_color":"#215732","route_text_color":"#FFFFFF"},{"route_id":"32","agency_id":"1","route_short_name":"32","route_long_name":"NW Pasadena - New York - SMV Station","route_type":3,"route_color":"#009639","route_text_color":"#FFFFFF"},{"route_id":"33","agency_id":"1","route_short_name":"33","route_long_name":"Highland Park - SMV Station","route_type":3,"route_color":"#6B6F2A","route_text_color":"#FFFFFF"}],"agency_name":"Pasadena Transit"},"geometry":{"type":"Point","coordinates":[-118.112647,34.16906]}},{"type":"Feature","properties":{"stop_id":"351","stop_code":"10271","stop_name":"Washington Blvd & Allen Ave","routes":[{"route_id":"31","agency_id":"1","route_short_name":"31","route_long_name":"NW Pasadena - Foothill Blvd - SMV Station","route_type":3,"route_color":"#215732","route_text_color":"#FFFFFF"},{"route_id":"32","agency_id":"1","route_short_name":"32","route_long_name":"NW Pasadena - New York - SMV Station","route_type":3,"route_color":"#009639","route_text_color":"#FFFFFF"},{"route_id":"33","agency_id":"1","route_short_name":"33","route_long_name":"Highland Park - SMV Station","route_type":3,"route_color":"#6B6F2A","route_text_color":"#FFFFFF"}],"agency_name":"Pasadena Transit"},"geometry":{"type":"Point","coordinates":[-118.113393,34.169227]}},{"type":"Feature","properties":{"stop_id":"352","stop_code":"10287","stop_name":"Washington Blvd & Sinaloa Ave","routes":[{"route_id":"31","agency_id":"1","route_short_name":"31","route_long_name":"NW Pasadena - Foothill Blvd - SMV Station","route_type":3,"route_color":"#215732","route_text_color":"#FFFFFF"},{"route_id":"32","agency_id":"1","route_short_name":"32","route_long_name":"NW Pasadena - New York - SMV Station","route_type":3,"route_color":"#009639","route_text_color":"#FFFFFF"},{"route_id":"33","agency_id":"1","route_short_name":"33","route_long_name":"Highland Park - SMV Station","route_type":3,"route_color":"#6B6F2A","route_text_color":"#FFFFFF"}],"agency_name":"Pasadena Transit"},"geometry":{"type":"Point","coordinates":[-118.115283,34.169191]}},{"type":"Feature","properties":{"stop_id":"353","stop_code":"10265","stop_name":"Washington Blvd & Bresee Ave","routes":[{"route_id":"31","agency_id":"1","route_short_name":"31","route_long_name":"NW Pasadena - Foothill Blvd - SMV Station","route_type":3,"route_color":"#215732","route_text_color":"#FFFFFF"},{"route_id":"32","agency_id":"1","route_short_name":"32","route_long_name":"NW Pasadena - New York - SMV Station","route_type":3,"route_color":"#009639","route_text_color":"#FFFFFF"},{"route_id":"33","agency_id":"1","route_short_name":"33","route_long_name":"Highland Park - SMV Station","route_type":3,"route_color":"#6B6F2A","route_text_color":"#FFFFFF"}],"agency_name":"Pasadena Transit"},"geometry":{"type":"Point","coordinates":[-118.118592,34.169163]}},{"type":"Feature","properties":{"stop_id":"354","stop_code":"10276","stop_name":"Washington Blvd & Hill Ave","routes":[{"route_id":"31","agency_id":"1","route_short_name":"31","route_long_name":"NW Pasadena - Foothill Blvd - SMV Station","route_type":3,"route_color":"#215732","route_text_color":"#FFFFFF"},{"route_id":"32","agency_id":"1","route_short_name":"32","route_long_name":"NW Pasadena - New York - SMV Station","route_type":3,"route_color":"#009639","route_text_color":"#FFFFFF"},{"route_id":"33","agency_id":"1","route_short_name":"33","route_long_name":"Highland Park - SMV Station","route_type":3,"route_color":"#6B6F2A","route_text_color":"#FFFFFF"}],"agency_name":"Pasadena Transit"},"geometry":{"type":"Point","coordinates":[-118.121322,34.169157]}},{"type":"Feature","properties":{"stop_id":"355","stop_code":"10274","stop_name":"Washington Blvd & Chester Ave","routes":[{"route_id":"31","agency_id":"1","route_short_name":"31","route_long_name":"NW Pasadena - Foothill Blvd - SMV Station","route_type":3,"route_color":"#215732","route_text_color":"#FFFFFF"},{"route_id":"32","agency_id":"1","route_short_name":"32","route_long_name":"NW Pasadena - New York - SMV Station","route_type":3,"route_color":"#009639","route_text_color":"#FFFFFF"},{"route_id":"33","agency_id":"1","route_short_name":"33","route_long_name":"Highland Park - SMV Station","route_type":3,"route_color":"#6B6F2A","route_text_color":"#FFFFFF"}],"agency_name":"Pasadena Transit"},"geometry":{"type":"Point","coordinates":[-118.124853,34.16912]}},{"type":"Feature","properties":{"stop_id":"356","stop_code":"10279","stop_name":"Washington Blvd & Mar Vista Ave","routes":[{"route_id":"31","agency_id":"1","route_short_name":"31","route_long_name":"NW Pasadena - Foothill Blvd - SMV Station","route_type":3,"route_color":"#215732","route_text_color":"#FFFFFF"},{"route_id":"32","agency_id":"1","route_short_name":"32","route_long_name":"NW Pasadena - New York - SMV Station","route_type":3,"route_color":"#009639","route_text_color":"#FFFFFF"},{"route_id":"33","agency_id":"1","route_short_name":"33","route_long_name":"Highland Park - SMV Station","route_type":3,"route_color":"#6B6F2A","route_text_color":"#FFFFFF"}],"agency_name":"Pasadena Transit"},"geometry":{"type":"Point","coordinates":[-118.127521,34.169095]}},{"type":"Feature","properties":{"stop_id":"357","stop_code":"10273","stop_name":"Washington Blvd & Catalina Ave","routes":[{"route_id":"31","agency_id":"1","route_short_name":"31","route_long_name":"NW Pasadena - Foothill Blvd - SMV Station","route_type":3,"route_color":"#215732","route_text_color":"#FFFFFF"},{"route_id":"32","agency_id":"1","route_short_name":"32","route_long_name":"NW Pasadena - New York - SMV Station","route_type":3,"route_color":"#009639","route_text_color":"#FFFFFF"},{"route_id":"33","agency_id":"1","route_short_name":"33","route_long_name":"Highland Park - SMV Station","route_type":3,"route_color":"#6B6F2A","route_text_color":"#FFFFFF"}],"agency_name":"Pasadena Transit"},"geometry":{"type":"Point","coordinates":[-118.129883,34.169083]}},{"type":"Feature","properties":{"stop_id":"358","stop_code":"8243","stop_name":"Washington Blvd & Tierra Alta Dr","routes":[{"route_id":"31","agency_id":"1","route_short_name":"31","route_long_name":"NW Pasadena - Foothill Blvd - SMV Station","route_type":3,"route_color":"#215732","route_text_color":"#FFFFFF"},{"route_id":"32","agency_id":"1","route_short_name":"32","route_long_name":"NW Pasadena - New York - SMV Station","route_type":3,"route_color":"#009639","route_text_color":"#FFFFFF"},{"route_id":"33","agency_id":"1","route_short_name":"33","route_long_name":"Highland Park - SMV Station","route_type":3,"route_color":"#6B6F2A","route_text_color":"#FFFFFF"}],"agency_name":"Pasadena Transit"},"geometry":{"type":"Point","coordinates":[-118.109749,34.169053]}},{"type":"Feature","properties":{"stop_id":"359","stop_code":"16522","stop_name":"Washington Blvd & Tierra Alta Dr","routes":[{"route_id":"31","agency_id":"1","route_short_name":"31","route_long_name":"NW Pasadena - Foothill Blvd - SMV Station","route_type":3,"route_color":"#215732","route_text_color":"#FFFFFF"},{"route_id":"32","agency_id":"1","route_short_name":"32","route_long_name":"NW Pasadena - New York - SMV Station","route_type":3,"route_color":"#009639","route_text_color":"#FFFFFF"},{"route_id":"33","agency_id":"1","route_short_name":"33","route_long_name":"Highland Park - SMV Station","route_type":3,"route_color":"#6B6F2A","route_text_color":"#FFFFFF"}],"agency_name":"Pasadena Transit"},"geometry":{"type":"Point","coordinates":[-118.109398,34.169234]}},{"type":"Feature","properties":{"stop_id":"360","stop_code":"1726","stop_name":"Washington Blvd & Pepper Dr","routes":[{"route_id":"31","agency_id":"1","route_short_name":"31","route_long_name":"NW Pasadena - Foothill Blvd - SMV Station","route_type":3,"route_color":"#215732","route_text_color":"#FFFFFF"},{"route_id":"32","agency_id":"1","route_short_name":"32","route_long_name":"NW Pasadena - New York - SMV Station","route_type":3,"route_color":"#009639","route_text_color":"#FFFFFF"},{"route_id":"33","agency_id":"1","route_short_name":"33","route_long_name":"Highland Park - SMV Station","route_type":3,"route_color":"#6B6F2A","route_text_color":"#FFFFFF"}],"agency_name":"Pasadena Transit"},"geometry":{"type":"Point","coordinates":[-118.107984,34.169056]}},{"type":"Feature","properties":{"stop_id":"361","stop_code":"16521","stop_name":"Washington Blvd & Pepper Dr","routes":[{"route_id":"31","agency_id":"1","route_short_name":"31","route_long_name":"NW Pasadena - Foothill Blvd - SMV Station","route_type":3,"route_color":"#215732","route_text_color":"#FFFFFF"},{"route_id":"32","agency_id":"1","route_short_name":"32","route_long_name":"NW Pasadena - New York - SMV Station","route_type":3,"route_color":"#009639","route_text_color":"#FFFFFF"},{"route_id":"33","agency_id":"1","route_short_name":"33","route_long_name":"Highland Park - SMV Station","route_type":3,"route_color":"#6B6F2A","route_text_color":"#FFFFFF"}],"agency_name":"Pasadena Transit"},"geometry":{"type":"Point","coordinates":[-118.107934,34.169233]}},{"type":"Feature","properties":{"stop_id":"362","stop_code":"8241","stop_name":"Washington Blvd & Craig Ave","routes":[{"route_id":"31","agency_id":"1","route_short_name":"31","route_long_name":"NW Pasadena - Foothill Blvd - SMV Station","route_type":3,"route_color":"#215732","route_text_color":"#FFFFFF"},{"route_id":"32","agency_id":"1","route_short_name":"32","route_long_name":"NW Pasadena - New York - SMV Station","route_type":3,"route_color":"#009639","route_text_color":"#FFFFFF"},{"route_id":"33","agency_id":"1","route_short_name":"33","route_long_name":"Highland Park - SMV Station","route_type":3,"route_color":"#6B6F2A","route_text_color":"#FFFFFF"}],"agency_name":"Pasadena Transit"},"geometry":{"type":"Point","coordinates":[-118.105783,34.169054]}},{"type":"Feature","properties":{"stop_id":"363","stop_code":"16517","stop_name":"Washington Blvd & Craig Ave","routes":[{"route_id":"31","agency_id":"1","route_short_name":"31","route_long_name":"NW Pasadena - Foothill Blvd - SMV Station","route_type":3,"route_color":"#215732","route_text_color":"#FFFFFF"},{"route_id":"32","agency_id":"1","route_short_name":"32","route_long_name":"NW Pasadena - New York - SMV Station","route_type":3,"route_color":"#009639","route_text_color":"#FFFFFF"},{"route_id":"33","agency_id":"1","route_short_name":"33","route_long_name":"Highland Park - SMV Station","route_type":3,"route_color":"#6B6F2A","route_text_color":"#FFFFFF"}],"agency_name":"Pasadena Transit"},"geometry":{"type":"Point","coordinates":[-118.105737,34.169226]}},{"type":"Feature","properties":{"stop_id":"364","stop_code":"1716","stop_name":"Washington Blvd & Martelo Ave","routes":[{"route_id":"31","agency_id":"1","route_short_name":"31","route_long_name":"NW Pasadena - Foothill Blvd - SMV Station","route_type":3,"route_color":"#215732","route_text_color":"#FFFFFF"},{"route_id":"32","agency_id":"1","route_short_name":"32","route_long_name":"NW Pasadena - New York - SMV Station","route_type":3,"route_color":"#009639","route_text_color":"#FFFFFF"},{"route_id":"33","agency_id":"1","route_short_name":"33","route_long_name":"Highland Park - SMV Station","route_type":3,"route_color":"#6B6F2A","route_text_color":"#FFFFFF"}],"agency_name":"Pasadena Transit"},"geometry":{"type":"Point","coordinates":[-118.103007,34.169053]}},{"type":"Feature","properties":{"stop_id":"365","stop_code":"10281","stop_name":"Washington Blvd & Roosevelt Ave","routes":[{"route_id":"31","agency_id":"1","route_short_name":"31","route_long_name":"NW Pasadena - Foothill Blvd - SMV Station","route_type":3,"route_color":"#215732","route_text_color":"#FFFFFF"},{"route_id":"32","agency_id":"1","route_short_name":"32","route_long_name":"NW Pasadena - New York - SMV Station","route_type":3,"route_color":"#009639","route_text_color":"#FFFFFF"},{"route_id":"33","agency_id":"1","route_short_name":"33","route_long_name":"Highland Park - SMV Station","route_type":3,"route_color":"#6B6F2A","route_text_color":"#FFFFFF"}],"agency_name":"Pasadena Transit"},"geometry":{"type":"Point","coordinates":[-118.103002,34.169227]}},{"type":"Feature","properties":{"stop_id":"366","stop_code":"1711","stop_name":"Washington Blvd & Coolidge Ave","routes":[{"route_id":"31","agency_id":"1","route_short_name":"31","route_long_name":"NW Pasadena - Foothill Blvd - SMV Station","route_type":3,"route_color":"#215732","route_text_color":"#FFFFFF"},{"route_id":"32","agency_id":"1","route_short_name":"32","route_long_name":"NW Pasadena - New York - SMV Station","route_type":3,"route_color":"#009639","route_text_color":"#FFFFFF"},{"route_id":"33","agency_id":"1","route_short_name":"33","route_long_name":"Highland Park - SMV Station","route_type":3,"route_color":"#6B6F2A","route_text_color":"#FFFFFF"}],"agency_name":"Pasadena Transit"},"geometry":{"type":"Point","coordinates":[-118.100754,34.169058]}},{"type":"Feature","properties":{"stop_id":"367","stop_code":"10266","stop_name":"Washington Blvd & Coolidge Ave","routes":[{"route_id":"31","agency_id":"1","route_short_name":"31","route_long_name":"NW Pasadena - Foothill Blvd - SMV Station","route_type":3,"route_color":"#215732","route_text_color":"#FFFFFF"},{"route_id":"32","agency_id":"1","route_short_name":"32","route_long_name":"NW Pasadena - New York - SMV Station","route_type":3,"route_color":"#009639","route_text_color":"#FFFFFF"},{"route_id":"33","agency_id":"1","route_short_name":"33","route_long_name":"Highland Park - SMV Station","route_type":3,"route_color":"#6B6F2A","route_text_color":"#FFFFFF"}],"agency_name":"Pasadena Transit"},"geometry":{"type":"Point","coordinates":[-118.100927,34.169222]}},{"type":"Feature","properties":{"stop_id":"368","stop_code":"286","stop_name":"Orange Grove Blvd & Martelo Ave","routes":[{"route_id":"40","agency_id":"1","route_short_name":"40","route_long_name":"Old Pasadena - SMV Station","route_type":3,"route_color":"#DC4405","route_text_color":"#FFFFFF"}],"agency_name":"Pasadena Transit"},"geometry":{"type":"Point","coordinates":[-118.102786,34.158168]}},{"type":"Feature","properties":{"stop_id":"369","stop_code":"257","stop_name":"Orange Grove Blvd & Martelo Ave","routes":[{"route_id":"40","agency_id":"1","route_short_name":"40","route_long_name":"Old Pasadena - SMV Station","route_type":3,"route_color":"#DC4405","route_text_color":"#FFFFFF"}],"agency_name":"Pasadena Transit"},"geometry":{"type":"Point","coordinates":[-118.103504,34.158359]}},{"type":"Feature","properties":{"stop_id":"371","stop_code":"9270","stop_name":"Allen Ave & Orange Grove Blvd","routes":[{"route_id":"40","agency_id":"1","route_short_name":"40","route_long_name":"Old Pasadena - SMV Station","route_type":3,"route_color":"#DC4405","route_text_color":"#FFFFFF"}],"agency_name":"Pasadena Transit"},"geometry":{"type":"Point","coordinates":[-118.113088,34.1576]}},{"type":"Feature","properties":{"stop_id":"372","stop_code":"11823","stop_name":"Allen Ave & Orange Grove Blvd","routes":[{"route_id":"40","agency_id":"1","route_short_name":"40","route_long_name":"Old Pasadena - SMV Station","route_type":3,"route_color":"#DC4405","route_text_color":"#FFFFFF"}],"agency_name":"Pasadena Transit"},"geometry":{"type":"Point","coordinates":[-118.113291,34.157447]}},{"type":"Feature","properties":{"stop_id":"394","stop_code":"3345","stop_name":"Allen Ave & Las Lunas St","routes":[{"route_id":"40","agency_id":"1","route_short_name":"40","route_long_name":"Old Pasadena - SMV Station","route_type":3,"route_color":"#DC4405","route_text_color":"#FFFFFF"}],"agency_name":"Pasadena Transit"},"geometry":{"type":"Point","coordinates":[-118.113105,34.156223]}},{"type":"Feature","properties":{"stop_id":"395","stop_code":"10955","stop_name":"Allen Ave & Monte Vista St","routes":[{"route_id":"40","agency_id":"1","route_short_name":"40","route_long_name":"Old Pasadena - SMV Station","route_type":3,"route_color":"#DC4405","route_text_color":"#FFFFFF"}],"agency_name":"Pasadena Transit"},"geometry":{"type":"Point","coordinates":[-118.113315,34.155861]}},{"type":"Feature","properties":{"stop_id":"396","stop_code":"260","stop_name":"Villa St & Allen Ave","routes":[{"route_id":"40","agency_id":"1","route_short_name":"40","route_long_name":"Old Pasadena - SMV Station","route_type":3,"route_color":"#DC4405","route_text_color":"#FFFFFF"}],"agency_name":"Pasadena Transit"},"geometry":{"type":"Point","coordinates":[-118.113598,34.154452]}},{"type":"Feature","properties":{"stop_id":"399","stop_code":"261","stop_name":"Villa St & Sierra Bonita Ave","routes":[{"route_id":"40","agency_id":"1","route_short_name":"40","route_long_name":"Old Pasadena - SMV Station","route_type":3,"route_color":"#DC4405","route_text_color":"#FFFFFF"}],"agency_name":"Pasadena Transit"},"geometry":{"type":"Point","coordinates":[-118.11808,34.15442]}},{"type":"Feature","properties":{"stop_id":"400","stop_code":"283","stop_name":"Villa St & Sierra Bonita Ave","routes":[{"route_id":"40","agency_id":"1","route_short_name":"40","route_long_name":"Old Pasadena - SMV Station","route_type":3,"route_color":"#DC4405","route_text_color":"#FFFFFF"}],"agency_name":"Pasadena Transit"},"geometry":{"type":"Point","coordinates":[-118.117493,34.154293]}},{"type":"Feature","properties":{"stop_id":"401","stop_code":"282","stop_name":"Villa St & Hill Ave","routes":[{"route_id":"40","agency_id":"1","route_short_name":"40","route_long_name":"Old Pasadena - SMV Station","route_type":3,"route_color":"#DC4405","route_text_color":"#FFFFFF"}],"agency_name":"Pasadena Transit"},"geometry":{"type":"Point","coordinates":[-118.121799,34.154274]}},{"type":"Feature","properties":{"stop_id":"402","stop_code":"262","stop_name":"Villa St & Hill Ave","routes":[{"route_id":"40","agency_id":"1","route_short_name":"40","route_long_name":"Old Pasadena - SMV Station","route_type":3,"route_color":"#DC4405","route_text_color":"#FFFFFF"}],"agency_name":"Pasadena Transit"},"geometry":{"type":"Point","coordinates":[-118.121774,34.154429]}},{"type":"Feature","properties":{"stop_id":"403","stop_code":"263","stop_name":"Villa St & Chester Ave","routes":[{"route_id":"40","agency_id":"1","route_short_name":"40","route_long_name":"Old Pasadena - SMV Station","route_type":3,"route_color":"#DC4405","route_text_color":"#FFFFFF"}],"agency_name":"Pasadena Transit"},"geometry":{"type":"Point","coordinates":[-118.124598,34.1544]}},{"type":"Feature","properties":{"stop_id":"404","stop_code":"281","stop_name":"Villa St & Chester Ave","routes":[{"route_id":"40","agency_id":"1","route_short_name":"40","route_long_name":"Old Pasadena - SMV Station","route_type":3,"route_color":"#DC4405","route_text_color":"#FFFFFF"}],"agency_name":"Pasadena Transit"},"geometry":{"type":"Point","coordinates":[-118.124105,34.154284]}},{"type":"Feature","properties":{"stop_id":"405","stop_code":"280","stop_name":"Villa St & Wilson Ave","routes":[{"route_id":"40","agency_id":"1","route_short_name":"40","route_long_name":"Old Pasadena - SMV Station","route_type":3,"route_color":"#DC4405","route_text_color":"#FFFFFF"}],"agency_name":"Pasadena Transit"},"geometry":{"type":"Point","coordinates":[-118.127851,34.154265]}},{"type":"Feature","properties":{"stop_id":"406","stop_code":"264","stop_name":"Villa St & Wilson Ave","routes":[{"route_id":"40","agency_id":"1","route_short_name":"40","route_long_name":"Old Pasadena - SMV Station","route_type":3,"route_color":"#DC4405","route_text_color":"#FFFFFF"}],"agency_name":"Pasadena Transit"},"geometry":{"type":"Point","coordinates":[-118.128032,34.154363]}},{"type":"Feature","properties":{"stop_id":"408","stop_code":"3671","stop_name":"Lake Ave & Union St","routes":[{"route_id":"20cc","agency_id":"1","route_short_name":"20cc","route_long_name":"Counterclockwise Fair Oaks - Lake","route_type":3,"route_color":"#002855","route_text_color":"#FFFFFF"}],"agency_name":"Pasadena Transit"},"geometry":{"type":"Point","coordinates":[-118.132259,34.148193]}},{"type":"Feature","properties":{"stop_id":"410","stop_code":"12165","stop_name":"Lake Ave & Union St","routes":[{"route_id":"20cw","agency_id":"1","route_short_name":"20cw","route_long_name":"Clockwise Lake - Fair Oaks","route_type":3,"route_color":"#002855","route_text_color":"#FFFFFF"}],"agency_name":"Pasadena Transit"},"geometry":{"type":"Point","coordinates":[-118.132509,34.147516]}},{"type":"Feature","properties":{"stop_id":"413","stop_code":"4084","stop_name":"Oak Grove Dr & Foothill Blvd","routes":[{"route_id":"52","agency_id":"1","route_short_name":"52","route_long_name":"So. Raymond - Linda Vista - JPL","route_type":3,"route_color":"#418FDE","route_text_color":"#FFFFFF"},{"route_id":"53","agency_id":"1","route_short_name":"53","route_long_name":"Caltech - JPL","route_type":3,"route_color":"#936DB7","route_text_color":"#FFFFFF"}],"agency_name":"Pasadena Transit"},"geometry":{"type":"Point","coordinates":[-118.177626,34.194725]}},{"type":"Feature","properties":{"stop_id":"414","stop_code":"12574","stop_name":"Oak Grove Dr & Foothill Blvd","routes":[{"route_id":"52","agency_id":"1","route_short_name":"52","route_long_name":"So. Raymond - Linda Vista - JPL","route_type":3,"route_color":"#418FDE","route_text_color":"#FFFFFF"},{"route_id":"53","agency_id":"1","route_short_name":"53","route_long_name":"Caltech - JPL","route_type":3,"route_color":"#936DB7","route_text_color":"#FFFFFF"}],"agency_name":"Pasadena Transit"},"geometry":{"type":"Point","coordinates":[-118.177558,34.194474]}},{"type":"Feature","properties":{"stop_id":"416","stop_code":"12573","stop_name":"Oak Grove Dr & Berkshire Pl","routes":[{"route_id":"52","agency_id":"1","route_short_name":"52","route_long_name":"So. Raymond - Linda Vista - JPL","route_type":3,"route_color":"#418FDE","route_text_color":"#FFFFFF"}],"agency_name":"Pasadena Transit"},"geometry":{"type":"Point","coordinates":[-118.178347,34.189063]}},{"type":"Feature","properties":{"stop_id":"417","stop_code":"4083","stop_name":"Oak Grove Dr & Berkshire Pl","routes":[{"route_id":"52","agency_id":"1","route_short_name":"52","route_long_name":"So. Raymond - Linda Vista - JPL","route_type":3,"route_color":"#418FDE","route_text_color":"#FFFFFF"}],"agency_name":"Pasadena Transit"},"geometry":{"type":"Point","coordinates":[-118.178625,34.18893]}},{"type":"Feature","properties":{"stop_id":"418","stop_code":"340","stop_name":"Linda Vista Ave & Inverness Dr","routes":[{"route_id":"52","agency_id":"1","route_short_name":"52","route_long_name":"So. Raymond - Linda Vista - JPL","route_type":3,"route_color":"#418FDE","route_text_color":"#FFFFFF"}],"agency_name":"Pasadena Transit"},"geometry":{"type":"Point","coordinates":[-118.176856,34.175597]}},{"type":"Feature","properties":{"stop_id":"419","stop_code":"344","stop_name":"Linda Vista Ave & Inverness Dr","routes":[{"route_id":"52","agency_id":"1","route_short_name":"52","route_long_name":"So. Raymond - Linda Vista - JPL","route_type":3,"route_color":"#418FDE","route_text_color":"#FFFFFF"}],"agency_name":"Pasadena Transit"},"geometry":{"type":"Point","coordinates":[-118.176751,34.175513]}},{"type":"Feature","properties":{"stop_id":"420","stop_code":"343","stop_name":"Linda Vista Ave & Madia St","routes":[{"route_id":"52","agency_id":"1","route_short_name":"52","route_long_name":"So. Raymond - Linda Vista - JPL","route_type":3,"route_color":"#418FDE","route_text_color":"#FFFFFF"}],"agency_name":"Pasadena Transit"},"geometry":{"type":"Point","coordinates":[-118.176718,34.173952]}},{"type":"Feature","properties":{"stop_id":"421","stop_code":"341","stop_name":"Linda Vista Ave & Madia St","routes":[{"route_id":"52","agency_id":"1","route_short_name":"52","route_long_name":"So. Raymond - Linda Vista - JPL","route_type":3,"route_color":"#418FDE","route_text_color":"#FFFFFF"}],"agency_name":"Pasadena Transit"},"geometry":{"type":"Point","coordinates":[-118.176829,34.173751]}},{"type":"Feature","properties":{"stop_id":"422","stop_code":"342","stop_name":"Linda Vista Ave & Lida St","routes":[{"route_id":"52","agency_id":"1","route_short_name":"52","route_long_name":"So. Raymond - Linda Vista - JPL","route_type":3,"route_color":"#418FDE","route_text_color":"#FFFFFF"}],"agency_name":"Pasadena Transit"},"geometry":{"type":"Point","coordinates":[-118.176699,34.171728]}},{"type":"Feature","properties":{"stop_id":"423","stop_code":"298","stop_name":"Linda Vista Ave & Lida St","routes":[{"route_id":"51","agency_id":"1","route_short_name":"51","route_long_name":"So. Raymond - Linda Vista - Art Center","route_type":3,"route_color":"#005EB8","route_text_color":"#FFFFFF"}],"agency_name":"Pasadena Transit"},"geometry":{"type":"Point","coordinates":[-118.176774,34.171225]}},{"type":"Feature","properties":{"stop_id":"424","stop_code":"334","stop_name":"Lida St & Linda Vista Ave","routes":[{"route_id":"51","agency_id":"1","route_short_name":"51","route_long_name":"So. Raymond - Linda Vista - Art Center","route_type":3,"route_color":"#005EB8","route_text_color":"#FFFFFF"},{"route_id":"52","agency_id":"1","route_short_name":"52","route_long_name":"So. Raymond - Linda Vista - JPL","route_type":3,"route_color":"#418FDE","route_text_color":"#FFFFFF"}],"agency_name":"Pasadena Transit"},"geometry":{"type":"Point","coordinates":[-118.177144,34.171504]}},{"type":"Feature","properties":{"stop_id":"425","stop_code":"335","stop_name":"Lida St & Arroyo Vw Dr","routes":[{"route_id":"51","agency_id":"1","route_short_name":"51","route_long_name":"So. Raymond - Linda Vista - Art Center","route_type":3,"route_color":"#005EB8","route_text_color":"#FFFFFF"},{"route_id":"52","agency_id":"1","route_short_name":"52","route_long_name":"So. Raymond - Linda Vista - JPL","route_type":3,"route_color":"#418FDE","route_text_color":"#FFFFFF"}],"agency_name":"Pasadena Transit"},"geometry":{"type":"Point","coordinates":[-118.180472,34.171462]}},{"type":"Feature","properties":{"stop_id":"426","stop_code":"297","stop_name":"Lida St & Lida Ln","routes":[{"route_id":"51","agency_id":"1","route_short_name":"51","route_long_name":"So. Raymond - Linda Vista - Art Center","route_type":3,"route_color":"#005EB8","route_text_color":"#FFFFFF"}],"agency_name":"Pasadena Transit"},"geometry":{"type":"Point","coordinates":[-118.181075,34.171399]}},{"type":"Feature","properties":{"stop_id":"428","stop_code":"410","stop_name":"Art Center Main Building","routes":[{"route_id":"51","agency_id":"1","route_short_name":"51","route_long_name":"So. Raymond - Linda Vista - Art Center","route_type":3,"route_color":"#005EB8","route_text_color":"#FFFFFF"}],"agency_name":"Pasadena Transit"},"geometry":{"type":"Point","coordinates":[-118.185589,34.168803]}},{"type":"Feature","properties":{"stop_id":"429","stop_code":"296","stop_name":"Art Center Parking Lot","routes":[{"route_id":"51","agency_id":"1","route_short_name":"51","route_long_name":"So. Raymond - Linda Vista - Art Center","route_type":3,"route_color":"#005EB8","route_text_color":"#FFFFFF"},{"route_id":"52","agency_id":"1","route_short_name":"52","route_long_name":"So. Raymond - Linda Vista - JPL","route_type":3,"route_color":"#418FDE","route_text_color":"#FFFFFF"}],"agency_name":"Pasadena Transit"},"geometry":{"type":"Point","coordinates":[-118.18483,34.167284]}},{"type":"Feature","properties":{"stop_id":"430","stop_code":"333","stop_name":"Linda Vista Ave & Laurel St","routes":[{"route_id":"51","agency_id":"1","route_short_name":"51","route_long_name":"So. Raymond - Linda Vista - Art Center","route_type":3,"route_color":"#005EB8","route_text_color":"#FFFFFF"},{"route_id":"52","agency_id":"1","route_short_name":"52","route_long_name":"So. Raymond - Linda Vista - JPL","route_type":3,"route_color":"#418FDE","route_text_color":"#FFFFFF"}],"agency_name":"Pasadena Transit"},"geometry":{"type":"Point","coordinates":[-118.176657,34.170015]}},{"type":"Feature","properties":{"stop_id":"431","stop_code":"299","stop_name":"Linda Vista Ave & Bryant St","routes":[{"route_id":"51","agency_id":"1","route_short_name":"51","route_long_name":"So. Raymond - Linda Vista - Art Center","route_type":3,"route_color":"#005EB8","route_text_color":"#FFFFFF"}],"agency_name":"Pasadena Transit"},"geometry":{"type":"Point","coordinates":[-118.176766,34.169664]}},{"type":"Feature","properties":{"stop_id":"432","stop_code":"332","stop_name":"Linda Vista Ave & Salvia Canon Rd","routes":[{"route_id":"51","agency_id":"1","route_short_name":"51","route_long_name":"So. Raymond - Linda Vista - Art Center","route_type":3,"route_color":"#005EB8","route_text_color":"#FFFFFF"},{"route_id":"52","agency_id":"1","route_short_name":"52","route_long_name":"So. Raymond - Linda Vista - JPL","route_type":3,"route_color":"#418FDE","route_text_color":"#FFFFFF"}],"agency_name":"Pasadena Transit"},"geometry":{"type":"Point","coordinates":[-118.176631,34.167866]}},{"type":"Feature","properties":{"stop_id":"433","stop_code":"300","stop_name":"Linda Vista Ave & Afton St","routes":[{"route_id":"51","agency_id":"1","route_short_name":"51","route_long_name":"So. Raymond - Linda Vista - Art Center","route_type":3,"route_color":"#005EB8","route_text_color":"#FFFFFF"}],"agency_name":"Pasadena Transit"},"geometry":{"type":"Point","coordinates":[-118.176722,34.167462]}},{"type":"Feature","properties":{"stop_id":"434","stop_code":"331","stop_name":"Linda Vista Ave & Linda Vista Way","routes":[{"route_id":"51","agency_id":"1","route_short_name":"51","route_long_name":"So. Raymond - Linda Vista - Art Center","route_type":3,"route_color":"#005EB8","route_text_color":"#FFFFFF"},{"route_id":"52","agency_id":"1","route_short_name":"52","route_long_name":"So. Raymond - Linda Vista - JPL","route_type":3,"route_color":"#418FDE","route_text_color":"#FFFFFF"}],"agency_name":"Pasadena Transit"},"geometry":{"type":"Point","coordinates":[-118.175853,34.165611]}},{"type":"Feature","properties":{"stop_id":"435","stop_code":"301","stop_name":"Linda Vista Ave & El Mirador Dr","routes":[{"route_id":"51","agency_id":"1","route_short_name":"51","route_long_name":"So. Raymond - Linda Vista - Art Center","route_type":3,"route_color":"#005EB8","route_text_color":"#FFFFFF"}],"agency_name":"Pasadena Transit"},"geometry":{"type":"Point","coordinates":[-118.175838,34.165282]}},{"type":"Feature","properties":{"stop_id":"436","stop_code":"302","stop_name":"Linda Vista Ave & Charles St","routes":[{"route_id":"51","agency_id":"1","route_short_name":"51","route_long_name":"So. Raymond - Linda Vista - Art Center","route_type":3,"route_color":"#005EB8","route_text_color":"#FFFFFF"}],"agency_name":"Pasadena Transit"},"geometry":{"type":"Point","coordinates":[-118.175278,34.164013]}},{"type":"Feature","properties":{"stop_id":"437","stop_code":"330","stop_name":"Linda Vista Ave & Charles St","routes":[{"route_id":"51","agency_id":"1","route_short_name":"51","route_long_name":"So. Raymond - Linda Vista - Art Center","route_type":3,"route_color":"#005EB8","route_text_color":"#FFFFFF"},{"route_id":"52","agency_id":"1","route_short_name":"52","route_long_name":"So. Raymond - Linda Vista - JPL","route_type":3,"route_color":"#418FDE","route_text_color":"#FFFFFF"}],"agency_name":"Pasadena Transit"},"geometry":{"type":"Point","coordinates":[-118.174966,34.163573]}},{"type":"Feature","properties":{"stop_id":"438","stop_code":"329","stop_name":"Linda Vista Ave & Chula Vista Pl","routes":[{"route_id":"51","agency_id":"1","route_short_name":"51","route_long_name":"So. Raymond - Linda Vista - Art Center","route_type":3,"route_color":"#005EB8","route_text_color":"#FFFFFF"},{"route_id":"52","agency_id":"1","route_short_name":"52","route_long_name":"So. Raymond - Linda Vista - JPL","route_type":3,"route_color":"#418FDE","route_text_color":"#FFFFFF"}],"agency_name":"Pasadena Transit"},"geometry":{"type":"Point","coordinates":[-118.173768,34.160784]}},{"type":"Feature","properties":{"stop_id":"439","stop_code":"303","stop_name":"Linda Vista Ave & Rancheros Rd","routes":[{"route_id":"51","agency_id":"1","route_short_name":"51","route_long_name":"So. Raymond - Linda Vista - Art Center","route_type":3,"route_color":"#005EB8","route_text_color":"#FFFFFF"}],"agency_name":"Pasadena Transit"},"geometry":{"type":"Point","coordinates":[-118.173792,34.160606]}},{"type":"Feature","properties":{"stop_id":"440","stop_code":"328","stop_name":"Linda Vista Ave & Heatherside Rd","routes":[{"route_id":"51","agency_id":"1","route_short_name":"51","route_long_name":"So. Raymond - Linda Vista - Art Center","route_type":3,"route_color":"#005EB8","route_text_color":"#FFFFFF"},{"route_id":"52","agency_id":"1","route_short_name":"52","route_long_name":"So. Raymond - Linda Vista - JPL","route_type":3,"route_color":"#418FDE","route_text_color":"#FFFFFF"}],"agency_name":"Pasadena Transit"},"geometry":{"type":"Point","coordinates":[-118.172229,34.157886]}},{"type":"Feature","properties":{"stop_id":"441","stop_code":"304","stop_name":"Linda Vista Ave & Heatherside Rd","routes":[{"route_id":"51","agency_id":"1","route_short_name":"51","route_long_name":"So. Raymond - Linda Vista - Art Center","route_type":3,"route_color":"#005EB8","route_text_color":"#FFFFFF"}],"agency_name":"Pasadena Transit"},"geometry":{"type":"Point","coordinates":[-118.172342,34.157853]}},{"type":"Feature","properties":{"stop_id":"442","stop_code":"327","stop_name":"Linda Vista Ave & Linda Gln Dr","routes":[{"route_id":"51","agency_id":"1","route_short_name":"51","route_long_name":"So. Raymond - Linda Vista - Art Center","route_type":3,"route_color":"#005EB8","route_text_color":"#FFFFFF"},{"route_id":"52","agency_id":"1","route_short_name":"52","route_long_name":"So. Raymond - Linda Vista - JPL","route_type":3,"route_color":"#418FDE","route_text_color":"#FFFFFF"}],"agency_name":"Pasadena Transit"},"geometry":{"type":"Point","coordinates":[-118.171048,34.155088]}},{"type":"Feature","properties":{"stop_id":"443","stop_code":"305","stop_name":"Linda Vista Ave & Linda Gln Dr","routes":[{"route_id":"51","agency_id":"1","route_short_name":"51","route_long_name":"So. Raymond - Linda Vista - Art Center","route_type":3,"route_color":"#005EB8","route_text_color":"#FFFFFF"}],"agency_name":"Pasadena Transit"},"geometry":{"type":"Point","coordinates":[-118.171063,34.154948]}},{"type":"Feature","properties":{"stop_id":"444","stop_code":"306","stop_name":"Seco St & Linda Vista Ave","routes":[{"route_id":"51","agency_id":"1","route_short_name":"51","route_long_name":"So. Raymond - Linda Vista - Art Center","route_type":3,"route_color":"#005EB8","route_text_color":"#FFFFFF"}],"agency_name":"Pasadena Transit"},"geometry":{"type":"Point","coordinates":[-118.167786,34.153376]}},{"type":"Feature","properties":{"stop_id":"445","stop_code":"325","stop_name":"Seco St & Arroyo Blvd","routes":[{"route_id":"51","agency_id":"1","route_short_name":"51","route_long_name":"So. Raymond - Linda Vista - Art Center","route_type":3,"route_color":"#005EB8","route_text_color":"#FFFFFF"},{"route_id":"52","agency_id":"1","route_short_name":"52","route_long_name":"So. Raymond - Linda Vista - JPL","route_type":3,"route_color":"#418FDE","route_text_color":"#FFFFFF"}],"agency_name":"Pasadena Transit"},"geometry":{"type":"Point","coordinates":[-118.167219,34.156428]}},{"type":"Feature","properties":{"stop_id":"446","stop_code":"9543","stop_name":"Seco St & Arroyo Blvd","routes":[{"route_id":"51","agency_id":"1","route_short_name":"51","route_long_name":"So. Raymond - Linda Vista - Art Center","route_type":3,"route_color":"#005EB8","route_text_color":"#FFFFFF"},{"route_id":"51s","agency_id":"1","route_short_name":"51s","route_long_name":"Route 51 Saturday & Sunday","route_type":3,"route_color":"#005EB8","route_text_color":"#FFFFFF"}],"agency_name":"Pasadena Transit"},"geometry":{"type":"Point","coordinates":[-118.166234,34.156318]}},{"type":"Feature","properties":{"stop_id":"447","stop_code":"324","stop_name":"Seco St & Rosemont Ave","routes":[{"route_id":"51","agency_id":"1","route_short_name":"51","route_long_name":"So. Raymond - Linda Vista - Art Center","route_type":3,"route_color":"#005EB8","route_text_color":"#FFFFFF"},{"route_id":"52","agency_id":"1","route_short_name":"52","route_long_name":"So. Raymond - Linda Vista - JPL","route_type":3,"route_color":"#418FDE","route_text_color":"#FFFFFF"}],"agency_name":"Pasadena Transit"},"geometry":{"type":"Point","coordinates":[-118.164642,34.157512]}},{"type":"Feature","properties":{"stop_id":"448","stop_code":"323","stop_name":"Seco St & Lincoln Ave","routes":[{"route_id":"51","agency_id":"1","route_short_name":"51","route_long_name":"So. Raymond - Linda Vista - Art Center","route_type":3,"route_color":"#005EB8","route_text_color":"#FFFFFF"},{"route_id":"51s","agency_id":"1","route_short_name":"51s","route_long_name":"Route 51 Saturday & Sunday","route_type":3,"route_color":"#005EB8","route_text_color":"#FFFFFF"},{"route_id":"52","agency_id":"1","route_short_name":"52","route_long_name":"So. Raymond - Linda Vista - JPL","route_type":3,"route_color":"#418FDE","route_text_color":"#FFFFFF"}],"agency_name":"Pasadena Transit"},"geometry":{"type":"Point","coordinates":[-118.16045,34.161981]}},{"type":"Feature","properties":{"stop_id":"449","stop_code":"2977","stop_name":"Lincoln Ave & Mountain St","routes":[{"route_id":"33","agency_id":"1","route_short_name":"33","route_long_name":"Highland Park - SMV Station","route_type":3,"route_color":"#6B6F2A","route_text_color":"#FFFFFF"}],"agency_name":"Pasadena Transit"},"geometry":{"type":"Point","coordinates":[-118.159787,34.161952]}},{"type":"Feature","properties":{"stop_id":"450","stop_code":"11461","stop_name":"Lincoln Ave & Seco St","routes":[{"route_id":"33","agency_id":"1","route_short_name":"33","route_long_name":"Highland Park - SMV Station","route_type":3,"route_color":"#6B6F2A","route_text_color":"#FFFFFF"}],"agency_name":"Pasadena Transit"},"geometry":{"type":"Point","coordinates":[-118.159822,34.161756]}},{"type":"Feature","properties":{"stop_id":"451","stop_code":"322","stop_name":"City of Pasadena Maintenance Yards","routes":[{"route_id":"51","agency_id":"1","route_short_name":"51","route_long_name":"So. Raymond - Linda Vista - Art Center","route_type":3,"route_color":"#005EB8","route_text_color":"#FFFFFF"},{"route_id":"51s","agency_id":"1","route_short_name":"51s","route_long_name":"Route 51 Saturday & Sunday","route_type":3,"route_color":"#005EB8","route_text_color":"#FFFFFF"},{"route_id":"52","agency_id":"1","route_short_name":"52","route_long_name":"So. Raymond - Linda Vista - JPL","route_type":3,"route_color":"#418FDE","route_text_color":"#FFFFFF"},{"route_id":"53","agency_id":"1","route_short_name":"53","route_long_name":"Caltech - JPL","route_type":3,"route_color":"#936DB7","route_text_color":"#FFFFFF"}],"agency_name":"Pasadena Transit"},"geometry":{"type":"Point","coordinates":[-118.157242,34.162178]}},{"type":"Feature","properties":{"stop_id":"452","stop_code":"5168","stop_name":"Mountain St & Sunset Ave","routes":[{"route_id":"51","agency_id":"1","route_short_name":"51","route_long_name":"So. Raymond - Linda Vista - Art Center","route_type":3,"route_color":"#005EB8","route_text_color":"#FFFFFF"},{"route_id":"51s","agency_id":"1","route_short_name":"51s","route_long_name":"Route 51 Saturday & Sunday","route_type":3,"route_color":"#005EB8","route_text_color":"#FFFFFF"},{"route_id":"52","agency_id":"1","route_short_name":"52","route_long_name":"So. Raymond - Linda Vista - JPL","route_type":3,"route_color":"#418FDE","route_text_color":"#FFFFFF"},{"route_id":"53","agency_id":"1","route_short_name":"53","route_long_name":"Caltech - JPL","route_type":3,"route_color":"#936DB7","route_text_color":"#FFFFFF"}],"agency_name":"Pasadena Transit"},"geometry":{"type":"Point","coordinates":[-118.153908,34.161368]}},{"type":"Feature","properties":{"stop_id":"453","stop_code":"5173","stop_name":"Mountain St & Sunset Ave","routes":[{"route_id":"51","agency_id":"1","route_short_name":"51","route_long_name":"So. Raymond - Linda Vista - Art Center","route_type":3,"route_color":"#005EB8","route_text_color":"#FFFFFF"},{"route_id":"51s","agency_id":"1","route_short_name":"51s","route_long_name":"Route 51 Saturday & Sunday","route_type":3,"route_color":"#005EB8","route_text_color":"#FFFFFF"},{"route_id":"53","agency_id":"1","route_short_name":"53","route_long_name":"Caltech - JPL","route_type":3,"route_color":"#936DB7","route_text_color":"#FFFFFF"}],"agency_name":"Pasadena Transit"},"geometry":{"type":"Point","coordinates":[-118.153723,34.161234]}},{"type":"Feature","properties":{"stop_id":"454","stop_code":"5161","stop_name":"Mountain St & Fair Oaks Ave","routes":[{"route_id":"51","agency_id":"1","route_short_name":"51","route_long_name":"So. Raymond - Linda Vista - Art Center","route_type":3,"route_color":"#005EB8","route_text_color":"#FFFFFF"},{"route_id":"51s","agency_id":"1","route_short_name":"51s","route_long_name":"Route 51 Saturday & Sunday","route_type":3,"route_color":"#005EB8","route_text_color":"#FFFFFF"},{"route_id":"52","agency_id":"1","route_short_name":"52","route_long_name":"So. Raymond - Linda Vista - JPL","route_type":3,"route_color":"#418FDE","route_text_color":"#FFFFFF"},{"route_id":"53","agency_id":"1","route_short_name":"53","route_long_name":"Caltech - JPL","route_type":3,"route_color":"#936DB7","route_text_color":"#FFFFFF"}],"agency_name":"Pasadena Transit"},"geometry":{"type":"Point","coordinates":[-118.151056,34.161569]}},{"type":"Feature","properties":{"stop_id":"455","stop_code":"11463","stop_name":"Lincoln Ave & Hammond St","routes":[{"route_id":"33","agency_id":"1","route_short_name":"33","route_long_name":"Highland Park - SMV Station","route_type":3,"route_color":"#6B6F2A","route_text_color":"#FFFFFF"}],"agency_name":"Pasadena Transit"},"geometry":{"type":"Point","coordinates":[-118.159607,34.165959]}},{"type":"Feature","properties":{"stop_id":"456","stop_code":"2972","stop_name":"Lincoln Ave & Hammond St","routes":[{"route_id":"33","agency_id":"1","route_short_name":"33","route_long_name":"Highland Park - SMV Station","route_type":3,"route_color":"#6B6F2A","route_text_color":"#FFFFFF"}],"agency_name":"Pasadena Transit"},"geometry":{"type":"Point","coordinates":[-118.159444,34.166354]}},{"type":"Feature","properties":{"stop_id":"457","stop_code":"2966","stop_name":"Lincoln Ave & Barthe Dr","routes":[{"route_id":"33","agency_id":"1","route_short_name":"33","route_long_name":"Highland Park - SMV Station","route_type":3,"route_color":"#6B6F2A","route_text_color":"#FFFFFF"}],"agency_name":"Pasadena Transit"},"geometry":{"type":"Point","coordinates":[-118.157416,34.159116]}},{"type":"Feature","properties":{"stop_id":"458","stop_code":"11456","stop_name":"Lincoln Ave & Barthe Dr","routes":[{"route_id":"33","agency_id":"1","route_short_name":"33","route_long_name":"Highland Park - SMV Station","route_type":3,"route_color":"#6B6F2A","route_text_color":"#FFFFFF"}],"agency_name":"Pasadena Transit"},"geometry":{"type":"Point","coordinates":[-118.157233,34.158689]}},{"type":"Feature","properties":{"stop_id":"459","stop_code":"326","stop_name":"Seco St & Linda Vista Ave","routes":[{"route_id":"51","agency_id":"1","route_short_name":"51","route_long_name":"So. Raymond - Linda Vista - Art Center","route_type":3,"route_color":"#005EB8","route_text_color":"#FFFFFF"},{"route_id":"52","agency_id":"1","route_short_name":"52","route_long_name":"So. Raymond - Linda Vista - JPL","route_type":3,"route_color":"#418FDE","route_text_color":"#FFFFFF"}],"agency_name":"Pasadena Transit"},"geometry":{"type":"Point","coordinates":[-118.168135,34.153257]}},{"type":"Feature","properties":{"stop_id":"460","stop_code":"308","stop_name":"Seco St & Rosemont Ave","routes":[{"route_id":"51","agency_id":"1","route_short_name":"51","route_long_name":"So. Raymond - Linda Vista - Art Center","route_type":3,"route_color":"#005EB8","route_text_color":"#FFFFFF"},{"route_id":"51s","agency_id":"1","route_short_name":"51s","route_long_name":"Route 51 Saturday & Sunday","route_type":3,"route_color":"#005EB8","route_text_color":"#FFFFFF"}],"agency_name":"Pasadena Transit"},"geometry":{"type":"Point","coordinates":[-118.164267,34.157434]}},{"type":"Feature","properties":{"stop_id":"461","stop_code":"309","stop_name":"Mountain St & I-210","routes":[{"route_id":"51","agency_id":"1","route_short_name":"51","route_long_name":"So. Raymond - Linda Vista - Art Center","route_type":3,"route_color":"#005EB8","route_text_color":"#FFFFFF"},{"route_id":"51s","agency_id":"1","route_short_name":"51s","route_long_name":"Route 51 Saturday & Sunday","route_type":3,"route_color":"#005EB8","route_text_color":"#FFFFFF"},{"route_id":"53","agency_id":"1","route_short_name":"53","route_long_name":"Caltech - JPL","route_type":3,"route_color":"#936DB7","route_text_color":"#FFFFFF"}],"agency_name":"Pasadena Transit"},"geometry":{"type":"Point","coordinates":[-118.158091,34.162021]}},{"type":"Feature","properties":{"stop_id":"462","stop_code":"2707","stop_name":"JPL","routes":[{"route_id":"52","agency_id":"1","route_short_name":"52","route_long_name":"So. Raymond - Linda Vista - JPL","route_type":3,"route_color":"#418FDE","route_text_color":"#FFFFFF"},{"route_id":"53","agency_id":"1","route_short_name":"53","route_long_name":"Caltech - JPL","route_type":3,"route_color":"#936DB7","route_text_color":"#FFFFFF"}],"agency_name":"Pasadena Transit"},"geometry":{"type":"Point","coordinates":[-118.175194,34.197933]}},{"type":"Feature","properties":{"stop_id":"472","stop_code":"9049","stop_name":"California Blvd & Lake Ave","routes":[{"route_id":"53","agency_id":"1","route_short_name":"53","route_long_name":"Caltech - JPL","route_type":3,"route_color":"#936DB7","route_text_color":"#FFFFFF"}],"agency_name":"Pasadena Transit"},"geometry":{"type":"Point","coordinates":[-118.13177,34.135806]}},{"type":"Feature","properties":{"stop_id":"474","stop_code":"5231","stop_name":"Lake Ave & California Blvd","routes":[{"route_id":"20cc","agency_id":"1","route_short_name":"20cc","route_long_name":"Counterclockwise Fair Oaks - Lake","route_type":3,"route_color":"#002855","route_text_color":"#FFFFFF"}],"agency_name":"Pasadena Transit"},"geometry":{"type":"Point","coordinates":[-118.132167,34.136257]}},{"type":"Feature","properties":{"stop_id":"475","stop_code":"13681","stop_name":"Lake Ave & San Pasqual St","routes":[{"route_id":"20cw","agency_id":"1","route_short_name":"20cw","route_long_name":"Clockwise Lake - Fair Oaks","route_type":3,"route_color":"#002855","route_text_color":"#FFFFFF"},{"route_id":"53","agency_id":"1","route_short_name":"53","route_long_name":"Caltech - JPL","route_type":3,"route_color":"#936DB7","route_text_color":"#FFFFFF"}],"agency_name":"Pasadena Transit"},"geometry":{"type":"Point","coordinates":[-118.132392,34.137482]}},{"type":"Feature","properties":{"stop_id":"476","stop_code":"5234","stop_name":"Lake Ave & San Pasqual St","routes":[{"route_id":"20cc","agency_id":"1","route_short_name":"20cc","route_long_name":"Counterclockwise Fair Oaks - Lake","route_type":3,"route_color":"#002855","route_text_color":"#FFFFFF"}],"agency_name":"Pasadena Transit"},"geometry":{"type":"Point","coordinates":[-118.132179,34.138119]}},{"type":"Feature","properties":{"stop_id":"498","stop_code":"9752","stop_name":"California Blvd & Hudson Ave","routes":[{"route_id":"20cw","agency_id":"1","route_short_name":"20cw","route_long_name":"Clockwise Lake - Fair Oaks","route_type":3,"route_color":"#002855","route_text_color":"#FFFFFF"}],"agency_name":"Pasadena Transit"},"geometry":{"type":"Point","coordinates":[-118.134063,34.135945]}},{"type":"Feature","properties":{"stop_id":"499","stop_code":"9033","stop_name":"California Blvd & El Molino Ave","routes":[{"route_id":"20cc","agency_id":"1","route_short_name":"20cc","route_long_name":"Counterclockwise Fair Oaks - Lake","route_type":3,"route_color":"#002855","route_text_color":"#FFFFFF"}],"agency_name":"Pasadena Transit"},"geometry":{"type":"Point","coordinates":[-118.136327,34.135792]}},{"type":"Feature","properties":{"stop_id":"500","stop_code":"9758","stop_name":"California Blvd & El Molino Ave","routes":[{"route_id":"20cw","agency_id":"1","route_short_name":"20cw","route_long_name":"Clockwise Lake - Fair Oaks","route_type":3,"route_color":"#002855","route_text_color":"#FFFFFF"}],"agency_name":"Pasadena Transit"},"geometry":{"type":"Point","coordinates":[-118.137085,34.135926]}},{"type":"Feature","properties":{"stop_id":"501","stop_code":"9023","stop_name":"California Blvd & Los Robles Ave","routes":[{"route_id":"20cc","agency_id":"1","route_short_name":"20cc","route_long_name":"Counterclockwise Fair Oaks - Lake","route_type":3,"route_color":"#002855","route_text_color":"#FFFFFF"}],"agency_name":"Pasadena Transit"},"geometry":{"type":"Point","coordinates":[-118.141006,34.13575]}},{"type":"Feature","properties":{"stop_id":"502","stop_code":"9767","stop_name":"California Blvd & Los Robles Ave","routes":[{"route_id":"20cw","agency_id":"1","route_short_name":"20cw","route_long_name":"Clockwise Lake - Fair Oaks","route_type":3,"route_color":"#002855","route_text_color":"#FFFFFF"}],"agency_name":"Pasadena Transit"},"geometry":{"type":"Point","coordinates":[-118.141726,34.135888]}},{"type":"Feature","properties":{"stop_id":"503","stop_code":"9022","stop_name":"California Blvd & Marengo Ave","routes":[{"route_id":"20cc","agency_id":"1","route_short_name":"20cc","route_long_name":"Counterclockwise Fair Oaks - Lake","route_type":3,"route_color":"#002855","route_text_color":"#FFFFFF"}],"agency_name":"Pasadena Transit"},"geometry":{"type":"Point","coordinates":[-118.145543,34.135739]}},{"type":"Feature","properties":{"stop_id":"505","stop_code":"9010","stop_name":"California Blvd & Arroyo Pkwy","routes":[{"route_id":"20cc","agency_id":"1","route_short_name":"20cc","route_long_name":"Counterclockwise Fair Oaks - Lake","route_type":3,"route_color":"#002855","route_text_color":"#FFFFFF"}],"agency_name":"Pasadena Transit"},"geometry":{"type":"Point","coordinates":[-118.146872,34.13569]}},{"type":"Feature","properties":{"stop_id":"520","stop_code":"9388","stop_name":"Green St & Orange Grove Blvd","routes":[{"route_id":"10","agency_id":"1","route_short_name":"10","route_long_name":"Old Pasadena - PCC - Allen Station","route_type":3,"route_color":"#C5003E","route_text_color":"#FFFFFF"}],"agency_name":"Pasadena Transit"},"geometry":{"type":"Point","coordinates":[-118.159556,34.144625]}},{"type":"Feature","properties":{"stop_id":"521","stop_code":"2","stop_name":"Green St & Terrace Dr","routes":[{"route_id":"10","agency_id":"1","route_short_name":"10","route_long_name":"Old Pasadena - PCC - Allen Station","route_type":3,"route_color":"#C5003E","route_text_color":"#FFFFFF"}],"agency_name":"Pasadena Transit"},"geometry":{"type":"Point","coordinates":[-118.15728,34.144646]}},{"type":"Feature","properties":{"stop_id":"524","stop_code":"9381","stop_name":"Green St & Arroyo Pkwy","routes":[{"route_id":"40","agency_id":"1","route_short_name":"40","route_long_name":"Old Pasadena - SMV Station","route_type":3,"route_color":"#DC4405","route_text_color":"#FFFFFF"}],"agency_name":"Pasadena Transit"},"geometry":{"type":"Point","coordinates":[-118.14787,34.144441]}},{"type":"Feature","properties":{"stop_id":"531","stop_code":"13129","stop_name":"Arroyo Pkwy & California Blvd","routes":[{"route_id":"20cw","agency_id":"1","route_short_name":"20cw","route_long_name":"Clockwise Lake - Fair Oaks","route_type":3,"route_color":"#002855","route_text_color":"#FFFFFF"},{"route_id":"51","agency_id":"1","route_short_name":"51","route_long_name":"So. Raymond - Linda Vista - Art Center","route_type":3,"route_color":"#005EB8","route_text_color":"#FFFFFF"}],"agency_name":"Pasadena Transit"},"geometry":{"type":"Point","coordinates":[-118.147491,34.135415]}},{"type":"Feature","properties":{"stop_id":"532","stop_code":"140938","stop_name":"Arroyo Pkwy & Fillmore St","routes":[{"route_id":"20cw","agency_id":"1","route_short_name":"20cw","route_long_name":"Clockwise Lake - Fair Oaks","route_type":3,"route_color":"#002855","route_text_color":"#FFFFFF"},{"route_id":"51","agency_id":"1","route_short_name":"51","route_long_name":"So. Raymond - Linda Vista - Art Center","route_type":3,"route_color":"#005EB8","route_text_color":"#FFFFFF"}],"agency_name":"Pasadena Transit"},"geometry":{"type":"Point","coordinates":[-118.14743,34.13273]}},{"type":"Feature","properties":{"stop_id":"533","stop_code":"461","stop_name":"Arroyo Pkwy & Fillmore St","routes":[{"route_id":"20cc","agency_id":"1","route_short_name":"20cc","route_long_name":"Counterclockwise Fair Oaks - Lake","route_type":3,"route_color":"#002855","route_text_color":"#FFFFFF"}],"agency_name":"Pasadena Transit"},"geometry":{"type":"Point","coordinates":[-118.147176,34.133233]}},{"type":"Feature","properties":{"stop_id":"534","stop_code":"8734","stop_name":"Arroyo Pkwy & Glenarm St","routes":[{"route_id":"20cw","agency_id":"1","route_short_name":"20cw","route_long_name":"Clockwise Lake - Fair Oaks","route_type":3,"route_color":"#002855","route_text_color":"#FFFFFF"},{"route_id":"51","agency_id":"1","route_short_name":"51","route_long_name":"So. Raymond - Linda Vista - Art Center","route_type":3,"route_color":"#005EB8","route_text_color":"#FFFFFF"}],"agency_name":"Pasadena Transit"},"geometry":{"type":"Point","coordinates":[-118.147432,34.127674]}},{"type":"Feature","properties":{"stop_id":"535","stop_code":"135","stop_name":"Arroyo Pkwy & Glenarm St","routes":[{"route_id":"20cc","agency_id":"1","route_short_name":"20cc","route_long_name":"Counterclockwise Fair Oaks - Lake","route_type":3,"route_color":"#002855","route_text_color":"#FFFFFF"}],"agency_name":"Pasadena Transit"},"geometry":{"type":"Point","coordinates":[-118.147135,34.128463]}},{"type":"Feature","properties":{"stop_id":"536","stop_code":"142018","stop_name":"Raymond Ave & Glenarm St","routes":[{"route_id":"51","agency_id":"1","route_short_name":"51","route_long_name":"So. Raymond - Linda Vista - Art Center","route_type":3,"route_color":"#005EB8","route_text_color":"#FFFFFF"},{"route_id":"52","agency_id":"1","route_short_name":"52","route_long_name":"So. Raymond - Linda Vista - JPL","route_type":3,"route_color":"#418FDE","route_text_color":"#FFFFFF"}],"agency_name":"Pasadena Transit"},"geometry":{"type":"Point","coordinates":[-118.148639,34.128138]}},{"type":"Feature","properties":{"stop_id":"538","stop_code":"272","stop_name":"Marengo Ave & Holly St","routes":[{"route_id":"40","agency_id":"1","route_short_name":"40","route_long_name":"Old Pasadena - SMV Station","route_type":3,"route_color":"#DC4405","route_text_color":"#FFFFFF"}],"agency_name":"Pasadena Transit"},"geometry":{"type":"Point","coordinates":[-118.145849,34.147978]}},{"type":"Feature","properties":{"stop_id":"539","stop_code":"93","stop_name":"Marengo Ave & Corson St","routes":[{"route_id":"20cw","agency_id":"1","route_short_name":"20cw","route_long_name":"Clockwise Lake - Fair Oaks","route_type":3,"route_color":"#002855","route_text_color":"#FFFFFF"},{"route_id":"33","agency_id":"1","route_short_name":"33","route_long_name":"Highland Park - SMV Station","route_type":3,"route_color":"#6B6F2A","route_text_color":"#FFFFFF"}],"agency_name":"Pasadena Transit"},"geometry":{"type":"Point","coordinates":[-118.145848,34.151529]}},{"type":"Feature","properties":{"stop_id":"540","stop_code":"121","stop_name":"Marengo Ave & Corson St","routes":[{"route_id":"20cc","agency_id":"1","route_short_name":"20cc","route_long_name":"Counterclockwise Fair Oaks - Lake","route_type":3,"route_color":"#002855","route_text_color":"#FFFFFF"},{"route_id":"33","agency_id":"1","route_short_name":"33","route_long_name":"Highland Park - SMV Station","route_type":3,"route_color":"#6B6F2A","route_text_color":"#FFFFFF"}],"agency_name":"Pasadena Transit"},"geometry":{"type":"Point","coordinates":[-118.146148,34.151461]}},{"type":"Feature","properties":{"stop_id":"541","stop_code":"5071","stop_name":"Marengo Ave & Villa St","routes":[{"route_id":"20cc","agency_id":"1","route_short_name":"20cc","route_long_name":"Counterclockwise Fair Oaks - Lake","route_type":3,"route_color":"#002855","route_text_color":"#FFFFFF"},{"route_id":"33","agency_id":"1","route_short_name":"33","route_long_name":"Highland Park - SMV Station","route_type":3,"route_color":"#6B6F2A","route_text_color":"#FFFFFF"}],"agency_name":"Pasadena Transit"},"geometry":{"type":"Point","coordinates":[-118.146113,34.15388]}},{"type":"Feature","properties":{"stop_id":"542","stop_code":"5070","stop_name":"Marengo Ave & Villa St","routes":[{"route_id":"20cw","agency_id":"1","route_short_name":"20cw","route_long_name":"Clockwise Lake - Fair Oaks","route_type":3,"route_color":"#002855","route_text_color":"#FFFFFF"},{"route_id":"33","agency_id":"1","route_short_name":"33","route_long_name":"Highland Park - SMV Station","route_type":3,"route_color":"#6B6F2A","route_text_color":"#FFFFFF"}],"agency_name":"Pasadena Transit"},"geometry":{"type":"Point","coordinates":[-118.145927,34.154406]}},{"type":"Feature","properties":{"stop_id":"543","stop_code":"5075","stop_name":"Marengo Ave & Orange Grove Blvd","routes":[{"route_id":"20cc","agency_id":"1","route_short_name":"20cc","route_long_name":"Counterclockwise Fair Oaks - Lake","route_type":3,"route_color":"#002855","route_text_color":"#FFFFFF"},{"route_id":"33","agency_id":"1","route_short_name":"33","route_long_name":"Highland Park - SMV Station","route_type":3,"route_color":"#6B6F2A","route_text_color":"#FFFFFF"}],"agency_name":"Pasadena Transit"},"geometry":{"type":"Point","coordinates":[-118.146147,34.157524]}},{"type":"Feature","properties":{"stop_id":"544","stop_code":"5078","stop_name":"Orange Grove Blvd & Marengo Ave","routes":[{"route_id":"20cw","agency_id":"1","route_short_name":"20cw","route_long_name":"Clockwise Lake - Fair Oaks","route_type":3,"route_color":"#002855","route_text_color":"#FFFFFF"},{"route_id":"33","agency_id":"1","route_short_name":"33","route_long_name":"Highland Park - SMV Station","route_type":3,"route_color":"#6B6F2A","route_text_color":"#FFFFFF"}],"agency_name":"Pasadena Transit"},"geometry":{"type":"Point","coordinates":[-118.146388,34.157928]}},{"type":"Feature","properties":{"stop_id":"546","stop_code":"2970","stop_name":"Lincoln Ave & Orange Grove Blvd","routes":[{"route_id":"33","agency_id":"1","route_short_name":"33","route_long_name":"Highland Park - SMV Station","route_type":3,"route_color":"#6B6F2A","route_text_color":"#FFFFFF"}],"agency_name":"Pasadena Transit"},"geometry":{"type":"Point","coordinates":[-118.154937,34.156095]}},{"type":"Feature","properties":{"stop_id":"556","stop_code":"142448","stop_name":"Colorado Blvd & San Rafael Ave","routes":[{"route_id":"33","agency_id":"1","route_short_name":"33","route_long_name":"Highland Park - SMV Station","route_type":3,"route_color":"#6B6F2A","route_text_color":"#FFFFFF"}],"agency_name":"Pasadena Transit"},"geometry":{"type":"Point","coordinates":[-118.17006,34.142956]}},{"type":"Feature","properties":{"stop_id":"557","stop_code":"7574","stop_name":"Colorado Blvd & San Rafael Ave","routes":[{"route_id":"33","agency_id":"1","route_short_name":"33","route_long_name":"Highland Park - SMV Station","route_type":3,"route_color":"#6B6F2A","route_text_color":"#FFFFFF"}],"agency_name":"Pasadena Transit"},"geometry":{"type":"Point","coordinates":[-118.170737,34.142629]}},{"type":"Feature","properties":{"stop_id":"558","stop_code":"7571","stop_name":"Colorado Blvd & Club Rd","routes":[{"route_id":"33","agency_id":"1","route_short_name":"33","route_long_name":"Highland Park - SMV Station","route_type":3,"route_color":"#6B6F2A","route_text_color":"#FFFFFF"}],"agency_name":"Pasadena Transit"},"geometry":{"type":"Point","coordinates":[-118.173986,34.141749]}},{"type":"Feature","properties":{"stop_id":"559","stop_code":"15916","stop_name":"Colorado Blvd & Club Rd","routes":[{"route_id":"33","agency_id":"1","route_short_name":"33","route_long_name":"Highland Park - SMV Station","route_type":3,"route_color":"#6B6F2A","route_text_color":"#FFFFFF"}],"agency_name":"Pasadena Transit"},"geometry":{"type":"Point","coordinates":[-118.174379,34.141724]}},{"type":"Feature","properties":{"stop_id":"560","stop_code":"7572","stop_name":"Colorado Blvd & Melrose Ave","routes":[{"route_id":"33","agency_id":"1","route_short_name":"33","route_long_name":"Highland Park - SMV Station","route_type":3,"route_color":"#6B6F2A","route_text_color":"#FFFFFF"}],"agency_name":"Pasadena Transit"},"geometry":{"type":"Point","coordinates":[-118.177377,34.140845]}},{"type":"Feature","properties":{"stop_id":"562","stop_code":"10993","stop_name":"Melrose Ave & Colorado Blvd","routes":[{"route_id":"33","agency_id":"1","route_short_name":"33","route_long_name":"Highland Park - SMV Station","route_type":3,"route_color":"#6B6F2A","route_text_color":"#FFFFFF"}],"agency_name":"Pasadena Transit"},"geometry":{"type":"Point","coordinates":[-118.177912,34.140594]}},{"type":"Feature","properties":{"stop_id":"564","stop_code":"10999","stop_name":"Ave 64 & La Loma Rd","routes":[{"route_id":"33","agency_id":"1","route_short_name":"33","route_long_name":"Highland Park - SMV Station","route_type":3,"route_color":"#6B6F2A","route_text_color":"#FFFFFF"}],"agency_name":"Pasadena Transit"},"geometry":{"type":"Point","coordinates":[-118.177113,34.130628]}},{"type":"Feature","properties":{"stop_id":"565","stop_code":"10490","stop_name":"Avenue 64 & La Loma Rd","routes":[{"route_id":"33","agency_id":"1","route_short_name":"33","route_long_name":"Highland Park - SMV Station","route_type":3,"route_color":"#6B6F2A","route_text_color":"#FFFFFF"}],"agency_name":"Pasadena Transit"},"geometry":{"type":"Point","coordinates":[-118.176918,34.130872]}},{"type":"Feature","properties":{"stop_id":"566","stop_code":"10471","stop_name":"Avenue 64 & Burleigh Dr","routes":[{"route_id":"33","agency_id":"1","route_short_name":"33","route_long_name":"Highland Park - SMV Station","route_type":3,"route_color":"#6B6F2A","route_text_color":"#FFFFFF"}],"agency_name":"Pasadena Transit"},"geometry":{"type":"Point","coordinates":[-118.176388,34.127579]}},{"type":"Feature","properties":{"stop_id":"567","stop_code":"11001","stop_name":"Avenue 64 & Burleigh Dr","routes":[{"route_id":"33","agency_id":"1","route_short_name":"33","route_long_name":"Highland Park - SMV Station","route_type":3,"route_color":"#6B6F2A","route_text_color":"#FFFFFF"}],"agency_name":"Pasadena Transit"},"geometry":{"type":"Point","coordinates":[-118.176619,34.126818]}},{"type":"Feature","properties":{"stop_id":"568","stop_code":"10470","stop_name":"Avenue 64 & Church St","routes":[{"route_id":"33","agency_id":"1","route_short_name":"33","route_long_name":"Highland Park - SMV Station","route_type":3,"route_color":"#6B6F2A","route_text_color":"#FFFFFF"}],"agency_name":"Pasadena Transit"},"geometry":{"type":"Point","coordinates":[-118.17661,34.125413]}},{"type":"Feature","properties":{"stop_id":"569","stop_code":"9746","stop_name":"California Blvd & Lake Ave","routes":[{"route_id":"20cw","agency_id":"1","route_short_name":"20cw","route_long_name":"Clockwise Lake - Fair Oaks","route_type":3,"route_color":"#002855","route_text_color":"#FFFFFF"}],"agency_name":"Pasadena Transit"},"geometry":{"type":"Point","coordinates":[-118.132671,34.135952]}},{"type":"Feature","properties":{"stop_id":"570","stop_code":"9946","stop_name":"Raymond Ave & Holly St","routes":[{"route_id":"20cc","agency_id":"1","route_short_name":"20cc","route_long_name":"Counterclockwise Fair Oaks - Lake","route_type":3,"route_color":"#002855","route_text_color":"#FFFFFF"},{"route_id":"33","agency_id":"1","route_short_name":"33","route_long_name":"Highland Park - SMV Station","route_type":3,"route_color":"#6B6F2A","route_text_color":"#FFFFFF"},{"route_id":"40","agency_id":"1","route_short_name":"40","route_long_name":"Old Pasadena - SMV Station","route_type":3,"route_color":"#DC4405","route_text_color":"#FFFFFF"},{"route_id":"51","agency_id":"1","route_short_name":"51","route_long_name":"So. Raymond - Linda Vista - Art Center","route_type":3,"route_color":"#005EB8","route_text_color":"#FFFFFF"},{"route_id":"53","agency_id":"1","route_short_name":"53","route_long_name":"Caltech - JPL","route_type":3,"route_color":"#936DB7","route_text_color":"#FFFFFF"}],"agency_name":"Pasadena Transit"},"geometry":{"type":"Point","coordinates":[-118.149024,34.147754]}},{"type":"Feature","properties":{"stop_id":"574","stop_code":"3490","stop_name":"Raymond Ave & Green St","routes":[{"route_id":"20cc","agency_id":"1","route_short_name":"20cc","route_long_name":"Counterclockwise Fair Oaks - Lake","route_type":3,"route_color":"#002855","route_text_color":"#FFFFFF"},{"route_id":"51","agency_id":"1","route_short_name":"51","route_long_name":"So. Raymond - Linda Vista - Art Center","route_type":3,"route_color":"#005EB8","route_text_color":"#FFFFFF"},{"route_id":"53","agency_id":"1","route_short_name":"53","route_long_name":"Caltech - JPL","route_type":3,"route_color":"#936DB7","route_text_color":"#FFFFFF"}],"agency_name":"Pasadena Transit"},"geometry":{"type":"Point","coordinates":[-118.148967,34.14423]}},{"type":"Feature","properties":{"stop_id":"575","stop_code":"9800","stop_name":"Raymond Ave & Green St","routes":[{"route_id":"20cw","agency_id":"1","route_short_name":"20cw","route_long_name":"Clockwise Lake - Fair Oaks","route_type":3,"route_color":"#002855","route_text_color":"#FFFFFF"},{"route_id":"51","agency_id":"1","route_short_name":"51","route_long_name":"So. Raymond - Linda Vista - Art Center","route_type":3,"route_color":"#005EB8","route_text_color":"#FFFFFF"},{"route_id":"52","agency_id":"1","route_short_name":"52","route_long_name":"So. Raymond - Linda Vista - JPL","route_type":3,"route_color":"#418FDE","route_text_color":"#FFFFFF"},{"route_id":"53","agency_id":"1","route_short_name":"53","route_long_name":"Caltech - JPL","route_type":3,"route_color":"#936DB7","route_text_color":"#FFFFFF"}],"agency_name":"Pasadena Transit"},"geometry":{"type":"Point","coordinates":[-118.148759,34.144471]}},{"type":"Feature","properties":{"stop_id":"576","stop_code":"2439","stop_name":"Raymond Ave & Union St","routes":[{"route_id":"20cc","agency_id":"1","route_short_name":"20cc","route_long_name":"Counterclockwise Fair Oaks - Lake","route_type":3,"route_color":"#002855","route_text_color":"#FFFFFF"},{"route_id":"33","agency_id":"1","route_short_name":"33","route_long_name":"Highland Park - SMV Station","route_type":3,"route_color":"#6B6F2A","route_text_color":"#FFFFFF"},{"route_id":"40","agency_id":"1","route_short_name":"40","route_long_name":"Old Pasadena - SMV Station","route_type":3,"route_color":"#DC4405","route_text_color":"#FFFFFF"},{"route_id":"51","agency_id":"1","route_short_name":"51","route_long_name":"So. Raymond - Linda Vista - Art Center","route_type":3,"route_color":"#005EB8","route_text_color":"#FFFFFF"},{"route_id":"53","agency_id":"1","route_short_name":"53","route_long_name":"Caltech - JPL","route_type":3,"route_color":"#936DB7","route_text_color":"#FFFFFF"}],"agency_name":"Pasadena Transit"},"geometry":{"type":"Point","coordinates":[-118.148916,34.146497]}},{"type":"Feature","properties":{"stop_id":"577","stop_code":"9809","stop_name":"Raymond Ave & Union St","routes":[{"route_id":"20cw","agency_id":"1","route_short_name":"20cw","route_long_name":"Clockwise Lake - Fair Oaks","route_type":3,"route_color":"#002855","route_text_color":"#FFFFFF"},{"route_id":"33","agency_id":"1","route_short_name":"33","route_long_name":"Highland Park - SMV Station","route_type":3,"route_color":"#6B6F2A","route_text_color":"#FFFFFF"},{"route_id":"51","agency_id":"1","route_short_name":"51","route_long_name":"So. Raymond - Linda Vista - Art Center","route_type":3,"route_color":"#005EB8","route_text_color":"#FFFFFF"},{"route_id":"52","agency_id":"1","route_short_name":"52","route_long_name":"So. Raymond - Linda Vista - JPL","route_type":3,"route_color":"#418FDE","route_text_color":"#FFFFFF"},{"route_id":"53","agency_id":"1","route_short_name":"53","route_long_name":"Caltech - JPL","route_type":3,"route_color":"#936DB7","route_text_color":"#FFFFFF"}],"agency_name":"Pasadena Transit"},"geometry":{"type":"Point","coordinates":[-118.148872,34.146753]}},{"type":"Feature","properties":{"stop_id":"579","stop_code":"501","stop_name":"Raymond Ave & Del Mar Blvd","routes":[{"route_id":"20cc","agency_id":"1","route_short_name":"20cc","route_long_name":"Counterclockwise Fair Oaks - Lake","route_type":3,"route_color":"#002855","route_text_color":"#FFFFFF"},{"route_id":"51","agency_id":"1","route_short_name":"51","route_long_name":"So. Raymond - Linda Vista - Art Center","route_type":3,"route_color":"#005EB8","route_text_color":"#FFFFFF"},{"route_id":"53","agency_id":"1","route_short_name":"53","route_long_name":"Caltech - JPL","route_type":3,"route_color":"#936DB7","route_text_color":"#FFFFFF"}],"agency_name":"Pasadena Transit"},"geometry":{"type":"Point","coordinates":[-118.148956,34.141434]}},{"type":"Feature","properties":{"stop_id":"580","stop_code":"4673","stop_name":"Raymond Ave & Del Mar Blvd","routes":[{"route_id":"20cw","agency_id":"1","route_short_name":"20cw","route_long_name":"Clockwise Lake - Fair Oaks","route_type":3,"route_color":"#002855","route_text_color":"#FFFFFF"},{"route_id":"51","agency_id":"1","route_short_name":"51","route_long_name":"So. Raymond - Linda Vista - Art Center","route_type":3,"route_color":"#005EB8","route_text_color":"#FFFFFF"},{"route_id":"52","agency_id":"1","route_short_name":"52","route_long_name":"So. Raymond - Linda Vista - JPL","route_type":3,"route_color":"#418FDE","route_text_color":"#FFFFFF"},{"route_id":"53","agency_id":"1","route_short_name":"53","route_long_name":"Caltech - JPL","route_type":3,"route_color":"#936DB7","route_text_color":"#FFFFFF"}],"agency_name":"Pasadena Transit"},"geometry":{"type":"Point","coordinates":[-118.148766,34.141778]}},{"type":"Feature","properties":{"stop_id":"582","stop_code":"412","stop_name":"Allen Ave & Maple St","routes":[{"route_id":"40","agency_id":"1","route_short_name":"40","route_long_name":"Old Pasadena - SMV Station","route_type":3,"route_color":"#DC4405","route_text_color":"#FFFFFF"}],"agency_name":"Pasadena Transit"},"geometry":{"type":"Point","coordinates":[-118.113,34.15335]}},{"type":"Feature","properties":{"stop_id":"584","stop_code":"9706","stop_name":"Maple St & Allen Ave","routes":[{"route_id":"10","agency_id":"1","route_short_name":"10","route_long_name":"Old Pasadena - PCC - Allen Station","route_type":3,"route_color":"#C5003E","route_text_color":"#FFFFFF"}],"agency_name":"Pasadena Transit"},"geometry":{"type":"Point","coordinates":[-118.114,34.15305]}},{"type":"Feature","properties":{"stop_id":"588","stop_code":"1844","stop_name":"Fair Oaks Ave & Glenarm St","routes":[{"route_id":"20cw","agency_id":"1","route_short_name":"20cw","route_long_name":"Clockwise Lake - Fair Oaks","route_type":3,"route_color":"#002855","route_text_color":"#FFFFFF"}],"agency_name":"Pasadena Transit"},"geometry":{"type":"Point","coordinates":[-118.150211,34.127882]}},{"type":"Feature","properties":{"stop_id":"589","stop_code":"83","stop_name":"Fair Oaks Ave & Hurlbut St","routes":[{"route_id":"20cw","agency_id":"1","route_short_name":"20cw","route_long_name":"Clockwise Lake - Fair Oaks","route_type":3,"route_color":"#002855","route_text_color":"#FFFFFF"}],"agency_name":"Pasadena Transit"},"geometry":{"type":"Point","coordinates":[-118.150212,34.130029]}},{"type":"Feature","properties":{"stop_id":"590","stop_code":"4961","stop_name":"Fair Oaks Ave & Bellefontaine St","routes":[{"route_id":"20cw","agency_id":"1","route_short_name":"20cw","route_long_name":"Clockwise Lake - Fair Oaks","route_type":3,"route_color":"#002855","route_text_color":"#FFFFFF"}],"agency_name":"Pasadena Transit"},"geometry":{"type":"Point","coordinates":[-118.15023,34.13184]}},{"type":"Feature","properties":{"stop_id":"591","stop_code":"4955","stop_name":"Fair Oaks Ave & Congress St","routes":[{"route_id":"20cw","agency_id":"1","route_short_name":"20cw","route_long_name":"Clockwise Lake - Fair Oaks","route_type":3,"route_color":"#002855","route_text_color":"#FFFFFF"}],"agency_name":"Pasadena Transit"},"geometry":{"type":"Point","coordinates":[-118.150232,34.134295]}},{"type":"Feature","properties":{"stop_id":"592","stop_code":"4957","stop_name":"Fair Oaks Ave & California Blvd","routes":[{"route_id":"20cw","agency_id":"1","route_short_name":"20cw","route_long_name":"Clockwise Lake - Fair Oaks","route_type":3,"route_color":"#002855","route_text_color":"#FFFFFF"}],"agency_name":"Pasadena Transit"},"geometry":{"type":"Point","coordinates":[-118.150243,34.136317]}},{"type":"Feature","properties":{"stop_id":"593","stop_code":"4956","stop_name":"Fair Oaks Ave & Bellevue Dr","routes":[{"route_id":"20cw","agency_id":"1","route_short_name":"20cw","route_long_name":"Clockwise Lake - Fair Oaks","route_type":3,"route_color":"#002855","route_text_color":"#FFFFFF"}],"agency_name":"Pasadena Transit"},"geometry":{"type":"Point","coordinates":[-118.150268,34.138707]}},{"type":"Feature","properties":{"stop_id":"594","stop_code":"92","stop_name":"Walnut St & Raymond Ave","routes":[{"route_id":"20cw","agency_id":"1","route_short_name":"20cw","route_long_name":"Clockwise Lake - Fair Oaks","route_type":3,"route_color":"#002855","route_text_color":"#FFFFFF"},{"route_id":"33","agency_id":"1","route_short_name":"33","route_long_name":"Highland Park - SMV Station","route_type":3,"route_color":"#6B6F2A","route_text_color":"#FFFFFF"}],"agency_name":"Pasadena Transit"},"geometry":{"type":"Point","coordinates":[-118.148002,34.149418]}},{"type":"Feature","properties":{"stop_id":"595","stop_code":"3470","stop_name":"Fair Oaks Ave & Orange Grove Blvd","routes":[{"route_id":"20cw","agency_id":"1","route_short_name":"20cw","route_long_name":"Clockwise Lake - Fair Oaks","route_type":3,"route_color":"#002855","route_text_color":"#FFFFFF"},{"route_id":"51","agency_id":"1","route_short_name":"51","route_long_name":"So. Raymond - Linda Vista - Art Center","route_type":3,"route_color":"#005EB8","route_text_color":"#FFFFFF"},{"route_id":"51s","agency_id":"1","route_short_name":"51s","route_long_name":"Route 51 Saturday & Sunday","route_type":3,"route_color":"#005EB8","route_text_color":"#FFFFFF"},{"route_id":"52","agency_id":"1","route_short_name":"52","route_long_name":"So. Raymond - Linda Vista - JPL","route_type":3,"route_color":"#418FDE","route_text_color":"#FFFFFF"},{"route_id":"53","agency_id":"1","route_short_name":"53","route_long_name":"Caltech - JPL","route_type":3,"route_color":"#936DB7","route_text_color":"#FFFFFF"}],"agency_name":"Pasadena Transit"},"geometry":{"type":"Point","coordinates":[-118.15044,34.158114]}},{"type":"Feature","properties":{"stop_id":"596","stop_code":"1848","stop_name":"Fair Oaks Ave & Painter St","routes":[{"route_id":"20cw","agency_id":"1","route_short_name":"20cw","route_long_name":"Clockwise Lake - Fair Oaks","route_type":3,"route_color":"#002855","route_text_color":"#FFFFFF"},{"route_id":"51","agency_id":"1","route_short_name":"51","route_long_name":"So. Raymond - Linda Vista - Art Center","route_type":3,"route_color":"#005EB8","route_text_color":"#FFFFFF"},{"route_id":"51s","agency_id":"1","route_short_name":"51s","route_long_name":"Route 51 Saturday & Sunday","route_type":3,"route_color":"#005EB8","route_text_color":"#FFFFFF"},{"route_id":"52","agency_id":"1","route_short_name":"52","route_long_name":"So. Raymond - Linda Vista - JPL","route_type":3,"route_color":"#418FDE","route_text_color":"#FFFFFF"}],"agency_name":"Pasadena Transit"},"geometry":{"type":"Point","coordinates":[-118.150474,34.15981]}},{"type":"Feature","properties":{"stop_id":"597","stop_code":"3482","stop_name":"Fair Oaks Ave & Mountain St","routes":[{"route_id":"20cw","agency_id":"1","route_short_name":"20cw","route_long_name":"Clockwise Lake - Fair Oaks","route_type":3,"route_color":"#002855","route_text_color":"#FFFFFF"}],"agency_name":"Pasadena Transit"},"geometry":{"type":"Point","coordinates":[-118.15046,34.161624]}},{"type":"Feature","properties":{"stop_id":"598","stop_code":"3473","stop_name":"Fair Oaks Ave & Jackie Robinson Ctr","routes":[{"route_id":"20cw","agency_id":"1","route_short_name":"20cw","route_long_name":"Clockwise Lake - Fair Oaks","route_type":3,"route_color":"#002855","route_text_color":"#FFFFFF"}],"agency_name":"Pasadena Transit"},"geometry":{"type":"Point","coordinates":[-118.150475,34.163632]}},{"type":"Feature","properties":{"stop_id":"599","stop_code":"18015","stop_name":"Fair Oaks Ave & Hammond St","routes":[{"route_id":"20cw","agency_id":"1","route_short_name":"20cw","route_long_name":"Clockwise Lake - Fair Oaks","route_type":3,"route_color":"#002855","route_text_color":"#FFFFFF"}],"agency_name":"Pasadena Transit"},"geometry":{"type":"Point","coordinates":[-118.150512,34.165043]}},{"type":"Feature","properties":{"stop_id":"600","stop_code":"1843","stop_name":"Fair Oaks Ave & Claremont St","routes":[{"route_id":"20cw","agency_id":"1","route_short_name":"20cw","route_long_name":"Clockwise Lake - Fair Oaks","route_type":3,"route_color":"#002855","route_text_color":"#FFFFFF"}],"agency_name":"Pasadena Transit"},"geometry":{"type":"Point","coordinates":[-118.150532,34.167148]}},{"type":"Feature","properties":{"stop_id":"601","stop_code":"10393","stop_name":"Fair Oaks Ave & Claremont St","routes":[{"route_id":"20cc","agency_id":"1","route_short_name":"20cc","route_long_name":"Counterclockwise Fair Oaks - Lake","route_type":3,"route_color":"#002855","route_text_color":"#FFFFFF"}],"agency_name":"Pasadena Transit"},"geometry":{"type":"Point","coordinates":[-118.150782,34.166512]}},{"type":"Feature","properties":{"stop_id":"602","stop_code":"18016","stop_name":"Fair Oaks Ave & Hammond St","routes":[{"route_id":"20cc","agency_id":"1","route_short_name":"20cc","route_long_name":"Counterclockwise Fair Oaks - Lake","route_type":3,"route_color":"#002855","route_text_color":"#FFFFFF"}],"agency_name":"Pasadena Transit"},"geometry":{"type":"Point","coordinates":[-118.150775,34.164864]}},{"type":"Feature","properties":{"stop_id":"603","stop_code":"11965","stop_name":"Fair Oaks Ave & Jackie Robinson Ctr","routes":[{"route_id":"20cc","agency_id":"1","route_short_name":"20cc","route_long_name":"Counterclockwise Fair Oaks - Lake","route_type":3,"route_color":"#002855","route_text_color":"#FFFFFF"}],"agency_name":"Pasadena Transit"},"geometry":{"type":"Point","coordinates":[-118.150767,34.163397]}},{"type":"Feature","properties":{"stop_id":"604","stop_code":"11972","stop_name":"Fair Oaks Ave & Mountain St","routes":[{"route_id":"20cc","agency_id":"1","route_short_name":"20cc","route_long_name":"Counterclockwise Fair Oaks - Lake","route_type":3,"route_color":"#002855","route_text_color":"#FFFFFF"},{"route_id":"51","agency_id":"1","route_short_name":"51","route_long_name":"So. Raymond - Linda Vista - Art Center","route_type":3,"route_color":"#005EB8","route_text_color":"#FFFFFF"},{"route_id":"51s","agency_id":"1","route_short_name":"51s","route_long_name":"Route 51 Saturday & Sunday","route_type":3,"route_color":"#005EB8","route_text_color":"#FFFFFF"},{"route_id":"53","agency_id":"1","route_short_name":"53","route_long_name":"Caltech - JPL","route_type":3,"route_color":"#936DB7","route_text_color":"#FFFFFF"}],"agency_name":"Pasadena Transit"},"geometry":{"type":"Point","coordinates":[-118.150738,34.161119]}},{"type":"Feature","properties":{"stop_id":"605","stop_code":"11980","stop_name":"Fair Oaks Ave & Yale St","routes":[{"route_id":"20cc","agency_id":"1","route_short_name":"20cc","route_long_name":"Counterclockwise Fair Oaks - Lake","route_type":3,"route_color":"#002855","route_text_color":"#FFFFFF"},{"route_id":"51","agency_id":"1","route_short_name":"51","route_long_name":"So. Raymond - Linda Vista - Art Center","route_type":3,"route_color":"#005EB8","route_text_color":"#FFFFFF"},{"route_id":"51s","agency_id":"1","route_short_name":"51s","route_long_name":"Route 51 Saturday & Sunday","route_type":3,"route_color":"#005EB8","route_text_color":"#FFFFFF"}],"agency_name":"Pasadena Transit"},"geometry":{"type":"Point","coordinates":[-118.15073,34.160005]}},{"type":"Feature","properties":{"stop_id":"606","stop_code":"1708","stop_name":"Walnut St & Marengo Ave","routes":[{"route_id":"20cc","agency_id":"1","route_short_name":"20cc","route_long_name":"Counterclockwise Fair Oaks - Lake","route_type":3,"route_color":"#002855","route_text_color":"#FFFFFF"},{"route_id":"33","agency_id":"1","route_short_name":"33","route_long_name":"Highland Park - SMV Station","route_type":3,"route_color":"#6B6F2A","route_text_color":"#FFFFFF"},{"route_id":"40","agency_id":"1","route_short_name":"40","route_long_name":"Old Pasadena - SMV Station","route_type":3,"route_color":"#DC4405","route_text_color":"#FFFFFF"}],"agency_name":"Pasadena Transit"},"geometry":{"type":"Point","coordinates":[-118.146329,34.149662]}},{"type":"Feature","properties":{"stop_id":"607","stop_code":"13403","stop_name":"Fair Oaks Ave & Del Mar Blvd","routes":[{"route_id":"20cc","agency_id":"1","route_short_name":"20cc","route_long_name":"Counterclockwise Fair Oaks - Lake","route_type":3,"route_color":"#002855","route_text_color":"#FFFFFF"},{"route_id":"51","agency_id":"1","route_short_name":"51","route_long_name":"So. Raymond - Linda Vista - Art Center","route_type":3,"route_color":"#005EB8","route_text_color":"#FFFFFF"}],"agency_name":"Pasadena Transit"},"geometry":{"type":"Point","coordinates":[-118.150568,34.140331]}},{"type":"Feature","properties":{"stop_id":"608","stop_code":"13401","stop_name":"Fair Oaks Ave & Bellevue Dr","routes":[{"route_id":"20cc","agency_id":"1","route_short_name":"20cc","route_long_name":"Counterclockwise Fair Oaks - Lake","route_type":3,"route_color":"#002855","route_text_color":"#FFFFFF"},{"route_id":"51","agency_id":"1","route_short_name":"51","route_long_name":"So. Raymond - Linda Vista - Art Center","route_type":3,"route_color":"#005EB8","route_text_color":"#FFFFFF"}],"agency_name":"Pasadena Transit"},"geometry":{"type":"Point","coordinates":[-118.150541,34.138051]}},{"type":"Feature","properties":{"stop_id":"609","stop_code":"13402","stop_name":"Fair Oaks Ave & California Blvd","routes":[{"route_id":"20cc","agency_id":"1","route_short_name":"20cc","route_long_name":"Counterclockwise Fair Oaks - Lake","route_type":3,"route_color":"#002855","route_text_color":"#FFFFFF"},{"route_id":"51","agency_id":"1","route_short_name":"51","route_long_name":"So. Raymond - Linda Vista - Art Center","route_type":3,"route_color":"#005EB8","route_text_color":"#FFFFFF"}],"agency_name":"Pasadena Transit"},"geometry":{"type":"Point","coordinates":[-118.150514,34.135361]}},{"type":"Feature","properties":{"stop_id":"610","stop_code":"10394","stop_name":"Fair Oaks Ave & Congress St","routes":[{"route_id":"20cc","agency_id":"1","route_short_name":"20cc","route_long_name":"Counterclockwise Fair Oaks - Lake","route_type":3,"route_color":"#002855","route_text_color":"#FFFFFF"},{"route_id":"51","agency_id":"1","route_short_name":"51","route_long_name":"So. Raymond - Linda Vista - Art Center","route_type":3,"route_color":"#005EB8","route_text_color":"#FFFFFF"}],"agency_name":"Pasadena Transit"},"geometry":{"type":"Point","coordinates":[-118.150507,34.133798]}},{"type":"Feature","properties":{"stop_id":"611","stop_code":"10392","stop_name":"Fair Oaks Ave & Bellefontaine St","routes":[{"route_id":"20cc","agency_id":"1","route_short_name":"20cc","route_long_name":"Counterclockwise Fair Oaks - Lake","route_type":3,"route_color":"#002855","route_text_color":"#FFFFFF"},{"route_id":"51","agency_id":"1","route_short_name":"51","route_long_name":"So. Raymond - Linda Vista - Art Center","route_type":3,"route_color":"#005EB8","route_text_color":"#FFFFFF"}],"agency_name":"Pasadena Transit"},"geometry":{"type":"Point","coordinates":[-118.150484,34.131295]}},{"type":"Feature","properties":{"stop_id":"612","stop_code":"132","stop_name":"Fair Oaks Ave & Hurlbut St","routes":[{"route_id":"20cc","agency_id":"1","route_short_name":"20cc","route_long_name":"Counterclockwise Fair Oaks - Lake","route_type":3,"route_color":"#002855","route_text_color":"#FFFFFF"},{"route_id":"51","agency_id":"1","route_short_name":"51","route_long_name":"So. Raymond - Linda Vista - Art Center","route_type":3,"route_color":"#005EB8","route_text_color":"#FFFFFF"}],"agency_name":"Pasadena Transit"},"geometry":{"type":"Point","coordinates":[-118.150459,34.129798]}},{"type":"Feature","properties":{"stop_id":"614","stop_code":"9722","stop_name":"Villa St & Madison Ave","routes":[{"route_id":"40","agency_id":"1","route_short_name":"40","route_long_name":"Old Pasadena - SMV Station","route_type":3,"route_color":"#DC4405","route_text_color":"#FFFFFF"}],"agency_name":"Pasadena Transit"},"geometry":{"type":"Point","coordinates":[-118.138604,34.154305]}},{"type":"Feature","properties":{"stop_id":"615","stop_code":"12255","stop_name":"Los Robles Ave & Villa St","routes":[{"route_id":"40","agency_id":"1","route_short_name":"40","route_long_name":"Old Pasadena - SMV Station","route_type":3,"route_color":"#DC4405","route_text_color":"#FFFFFF"}],"agency_name":"Pasadena Transit"},"geometry":{"type":"Point","coordinates":[-118.141631,34.153966]}},{"type":"Feature","properties":{"stop_id":"616","stop_code":"11543","stop_name":"Los Robles Ave & Maple St","routes":[{"route_id":"40","agency_id":"1","route_short_name":"40","route_long_name":"Old Pasadena - SMV Station","route_type":3,"route_color":"#DC4405","route_text_color":"#FFFFFF"}],"agency_name":"Pasadena Transit"},"geometry":{"type":"Point","coordinates":[-118.141639,34.152239]}},{"type":"Feature","properties":{"stop_id":"617","stop_code":"1707","stop_name":"Walnut St & Los Robles Ave","routes":[{"route_id":"40","agency_id":"1","route_short_name":"40","route_long_name":"Old Pasadena - SMV Station","route_type":3,"route_color":"#DC4405","route_text_color":"#FFFFFF"}],"agency_name":"Pasadena Transit"},"geometry":{"type":"Point","coordinates":[-118.141792,34.149662]}},{"type":"Feature","properties":{"stop_id":"618","stop_code":"1706","stop_name":"Walnut St & Garfield Ave","routes":[{"route_id":"40","agency_id":"1","route_short_name":"40","route_long_name":"Old Pasadena - SMV Station","route_type":3,"route_color":"#DC4405","route_text_color":"#FFFFFF"}],"agency_name":"Pasadena Transit"},"geometry":{"type":"Point","coordinates":[-118.144049,34.149641]}},{"type":"Feature","properties":{"stop_id":"619","stop_code":"10263","stop_name":"Walnut St & Marengo Ave","routes":[{"route_id":"40","agency_id":"1","route_short_name":"40","route_long_name":"Old Pasadena - SMV Station","route_type":3,"route_color":"#DC4405","route_text_color":"#FFFFFF"}],"agency_name":"Pasadena Transit"},"geometry":{"type":"Point","coordinates":[-118.14567,34.14941]}},{"type":"Feature","properties":{"stop_id":"620","stop_code":"10262","stop_name":"Walnut St & Garfield Ave","routes":[{"route_id":"40","agency_id":"1","route_short_name":"40","route_long_name":"Old Pasadena - SMV Station","route_type":3,"route_color":"#DC4405","route_text_color":"#FFFFFF"}],"agency_name":"Pasadena Transit"},"geometry":{"type":"Point","coordinates":[-118.144008,34.149378]}},{"type":"Feature","properties":{"stop_id":"621","stop_code":"3760","stop_name":"Los Robles Ave & Walnut St","routes":[{"route_id":"40","agency_id":"1","route_short_name":"40","route_long_name":"Old Pasadena - SMV Station","route_type":3,"route_color":"#DC4405","route_text_color":"#FFFFFF"}],"agency_name":"Pasadena Transit"},"geometry":{"type":"Point","coordinates":[-118.141292,34.149826]}},{"type":"Feature","properties":{"stop_id":"622","stop_code":"3757","stop_name":"Los Robles Ave & Villa St","routes":[{"route_id":"40","agency_id":"1","route_short_name":"40","route_long_name":"Old Pasadena - SMV Station","route_type":3,"route_color":"#DC4405","route_text_color":"#FFFFFF"}],"agency_name":"Pasadena Transit"},"geometry":{"type":"Point","coordinates":[-118.141329,34.154022]}},{"type":"Feature","properties":{"stop_id":"623","stop_code":"9747","stop_name":"Villa St & Madison Ave","routes":[{"route_id":"40","agency_id":"1","route_short_name":"40","route_long_name":"Old Pasadena - SMV Station","route_type":3,"route_color":"#DC4405","route_text_color":"#FFFFFF"}],"agency_name":"Pasadena Transit"},"geometry":{"type":"Point","coordinates":[-118.138183,34.154116]}},{"type":"Feature","properties":{"stop_id":"624","stop_code":"278","stop_name":"Villa St between Maple Way & Lake Ave","routes":[{"route_id":"40","agency_id":"1","route_short_name":"40","route_long_name":"Old Pasadena - SMV Station","route_type":3,"route_color":"#DC4405","route_text_color":"#FFFFFF"}],"agency_name":"Pasadena Transit"},"geometry":{"type":"Point","coordinates":[-118.134354,34.154209]}},{"type":"Feature","properties":{"stop_id":"625","stop_code":"11962","stop_name":"Fair Oaks Ave & Orange Grove Blvd","routes":[{"route_id":"51","agency_id":"1","route_short_name":"51","route_long_name":"So. Raymond - Linda Vista - Art Center","route_type":3,"route_color":"#005EB8","route_text_color":"#FFFFFF"},{"route_id":"51s","agency_id":"1","route_short_name":"51s","route_long_name":"Route 51 Saturday & Sunday","route_type":3,"route_color":"#005EB8","route_text_color":"#FFFFFF"},{"route_id":"53","agency_id":"1","route_short_name":"53","route_long_name":"Caltech - JPL","route_type":3,"route_color":"#936DB7","route_text_color":"#FFFFFF"}],"agency_name":"Pasadena Transit"},"geometry":{"type":"Point","coordinates":[-118.150706,34.1575]}},{"type":"Feature","properties":{"stop_id":"626","stop_code":"11958","stop_name":"Fair Oaks Ave & Villa St","routes":[{"route_id":"51","agency_id":"1","route_short_name":"51","route_long_name":"So. Raymond - Linda Vista - Art Center","route_type":3,"route_color":"#005EB8","route_text_color":"#FFFFFF"},{"route_id":"51s","agency_id":"1","route_short_name":"51s","route_long_name":"Route 51 Saturday & Sunday","route_type":3,"route_color":"#005EB8","route_text_color":"#FFFFFF"},{"route_id":"53","agency_id":"1","route_short_name":"53","route_long_name":"Caltech - JPL","route_type":3,"route_color":"#936DB7","route_text_color":"#FFFFFF"}],"agency_name":"Pasadena Transit"},"geometry":{"type":"Point","coordinates":[-118.15069,34.154328]}},{"type":"Feature","properties":{"stop_id":"627","stop_code":"10261","stop_name":"Walnut St & Fair Oaks Ave","routes":[{"route_id":"51","agency_id":"1","route_short_name":"51","route_long_name":"So. Raymond - Linda Vista - Art Center","route_type":3,"route_color":"#005EB8","route_text_color":"#FFFFFF"},{"route_id":"53","agency_id":"1","route_short_name":"53","route_long_name":"Caltech - JPL","route_type":3,"route_color":"#936DB7","route_text_color":"#FFFFFF"}],"agency_name":"Pasadena Transit"},"geometry":{"type":"Point","coordinates":[-118.150189,34.149446]}},{"type":"Feature","properties":{"stop_id":"628","stop_code":"140939","stop_name":"Raymond Ave & Fillmore St","routes":[{"route_id":"51","agency_id":"1","route_short_name":"51","route_long_name":"So. Raymond - Linda Vista - Art Center","route_type":3,"route_color":"#005EB8","route_text_color":"#FFFFFF"},{"route_id":"52","agency_id":"1","route_short_name":"52","route_long_name":"So. Raymond - Linda Vista - JPL","route_type":3,"route_color":"#418FDE","route_text_color":"#FFFFFF"}],"agency_name":"Pasadena Transit"},"geometry":{"type":"Point","coordinates":[-118.148683,34.133375]}},{"type":"Feature","properties":{"stop_id":"629","stop_code":"4672","stop_name":"Raymond Ave & California Blvd","routes":[{"route_id":"51","agency_id":"1","route_short_name":"51","route_long_name":"So. Raymond - Linda Vista - Art Center","route_type":3,"route_color":"#005EB8","route_text_color":"#FFFFFF"},{"route_id":"52","agency_id":"1","route_short_name":"52","route_long_name":"So. Raymond - Linda Vista - JPL","route_type":3,"route_color":"#418FDE","route_text_color":"#FFFFFF"}],"agency_name":"Pasadena Transit"},"geometry":{"type":"Point","coordinates":[-118.148691,34.136342]}},{"type":"Feature","properties":{"stop_id":"630","stop_code":"1709","stop_name":"Walnut St & Raymond Ave","routes":[{"route_id":"51","agency_id":"1","route_short_name":"51","route_long_name":"So. Raymond - Linda Vista - Art Center","route_type":3,"route_color":"#005EB8","route_text_color":"#FFFFFF"},{"route_id":"51s","agency_id":"1","route_short_name":"51s","route_long_name":"Route 51 Saturday & Sunday","route_type":3,"route_color":"#005EB8","route_text_color":"#FFFFFF"},{"route_id":"52","agency_id":"1","route_short_name":"52","route_long_name":"So. Raymond - Linda Vista - JPL","route_type":3,"route_color":"#418FDE","route_text_color":"#FFFFFF"},{"route_id":"53","agency_id":"1","route_short_name":"53","route_long_name":"Caltech - JPL","route_type":3,"route_color":"#936DB7","route_text_color":"#FFFFFF"}],"agency_name":"Pasadena Transit"},"geometry":{"type":"Point","coordinates":[-118.149143,34.149605]}},{"type":"Feature","properties":{"stop_id":"631","stop_code":"3464","stop_name":"Fair Oaks Ave & Corson St","routes":[{"route_id":"51","agency_id":"1","route_short_name":"51","route_long_name":"So. Raymond - Linda Vista - Art Center","route_type":3,"route_color":"#005EB8","route_text_color":"#FFFFFF"},{"route_id":"51s","agency_id":"1","route_short_name":"51s","route_long_name":"Route 51 Saturday & Sunday","route_type":3,"route_color":"#005EB8","route_text_color":"#FFFFFF"},{"route_id":"52","agency_id":"1","route_short_name":"52","route_long_name":"So. Raymond - Linda Vista - JPL","route_type":3,"route_color":"#418FDE","route_text_color":"#FFFFFF"},{"route_id":"53","agency_id":"1","route_short_name":"53","route_long_name":"Caltech - JPL","route_type":3,"route_color":"#936DB7","route_text_color":"#FFFFFF"}],"agency_name":"Pasadena Transit"},"geometry":{"type":"Point","coordinates":[-118.150335,34.15084]}},{"type":"Feature","properties":{"stop_id":"632","stop_code":"3466","stop_name":"Fair Oaks Ave & Villa St","routes":[{"route_id":"51","agency_id":"1","route_short_name":"51","route_long_name":"So. Raymond - Linda Vista - Art Center","route_type":3,"route_color":"#005EB8","route_text_color":"#FFFFFF"},{"route_id":"51s","agency_id":"1","route_short_name":"51s","route_long_name":"Route 51 Saturday & Sunday","route_type":3,"route_color":"#005EB8","route_text_color":"#FFFFFF"},{"route_id":"52","agency_id":"1","route_short_name":"52","route_long_name":"So. Raymond - Linda Vista - JPL","route_type":3,"route_color":"#418FDE","route_text_color":"#FFFFFF"},{"route_id":"53","agency_id":"1","route_short_name":"53","route_long_name":"Caltech - JPL","route_type":3,"route_color":"#936DB7","route_text_color":"#FFFFFF"}],"agency_name":"Pasadena Transit"},"geometry":{"type":"Point","coordinates":[-118.150423,34.154289]}},{"type":"Feature","properties":{"stop_id":"633","stop_code":"1850","stop_name":"Glenarm St & Fair Oaks Ave","routes":[{"route_id":"20cc","agency_id":"1","route_short_name":"20cc","route_long_name":"Counterclockwise Fair Oaks - Lake","route_type":3,"route_color":"#002855","route_text_color":"#FFFFFF"}],"agency_name":"Pasadena Transit"},"geometry":{"type":"Point","coordinates":[-118.149878,34.127464]}},{"type":"Feature","properties":{"stop_id":"634","stop_code":"3056","stop_name":"Los Robles Ave & Maple St","routes":[{"route_id":"40","agency_id":"1","route_short_name":"40","route_long_name":"Old Pasadena - SMV Station","route_type":3,"route_color":"#DC4405","route_text_color":"#FFFFFF"}],"agency_name":"Pasadena Transit"},"geometry":{"type":"Point","coordinates":[-118.1414,34.1523]}},{"type":"Feature","properties":{"stop_id":"635","stop_code":"3348","stop_name":"Washington Blvd & Altadena Dr","routes":[{"route_id":"31","agency_id":"1","route_short_name":"31","route_long_name":"NW Pasadena - Foothill Blvd - SMV Station","route_type":3,"route_color":"#215732","route_text_color":"#FFFFFF"},{"route_id":"32","agency_id":"1","route_short_name":"32","route_long_name":"NW Pasadena - New York - SMV Station","route_type":3,"route_color":"#009639","route_text_color":"#FFFFFF"},{"route_id":"33","agency_id":"1","route_short_name":"33","route_long_name":"Highland Park - SMV Station","route_type":3,"route_color":"#6B6F2A","route_text_color":"#FFFFFF"}],"agency_name":"Pasadena Transit"},"geometry":{"type":"Point","coordinates":[-118.098614,34.169241]}},{"type":"Feature","properties":{"stop_id":"636","stop_code":"760","stop_name":"Lake Ave & Colorado Blvd","routes":[{"route_id":"20cc","agency_id":"1","route_short_name":"20cc","route_long_name":"Counterclockwise Fair Oaks - Lake","route_type":3,"route_color":"#002855","route_text_color":"#FFFFFF"}],"agency_name":"Pasadena Transit"},"geometry":{"type":"Point","coordinates":[-118.132198,34.146379]}},{"type":"Feature","properties":{"stop_id":"637","stop_code":"11821","stop_name":"Allen Ave & Corson St","routes":[{"route_id":"10","agency_id":"1","route_short_name":"10","route_long_name":"Old Pasadena - PCC - Allen Station","route_type":3,"route_color":"#C5003E","route_text_color":"#FFFFFF"}],"agency_name":"Pasadena Transit"},"geometry":{"type":"Point","coordinates":[-118.113341,34.151275]}},{"type":"Feature","properties":{"stop_id":"638","stop_code":"11825","stop_name":"Allen Ave & Walnut St","routes":[{"route_id":"10","agency_id":"1","route_short_name":"10","route_long_name":"Old Pasadena - PCC - Allen Station","route_type":3,"route_color":"#C5003E","route_text_color":"#FFFFFF"}],"agency_name":"Pasadena Transit"},"geometry":{"type":"Point","coordinates":[-118.113297,34.149136]}},{"type":"Feature","properties":{"stop_id":"639","stop_code":"9843","stop_name":"Colorado Blvd & Arroyo Pkwy","routes":[{"route_id":"10","agency_id":"1","route_short_name":"10","route_long_name":"Old Pasadena - PCC - Allen Station","route_type":3,"route_color":"#C5003E","route_text_color":"#FFFFFF"}],"agency_name":"Pasadena Transit"},"geometry":{"type":"Point","coordinates":[-118.14802,34.145916]}},{"type":"Feature","properties":{"stop_id":"641","stop_code":"9867","stop_name":"Colorado Blvd &  Raymond Ave","routes":[{"route_id":"10","agency_id":"1","route_short_name":"10","route_long_name":"Old Pasadena - PCC - Allen Station","route_type":3,"route_color":"#C5003E","route_text_color":"#FFFFFF"},{"route_id":"33","agency_id":"1","route_short_name":"33","route_long_name":"Highland Park - SMV Station","route_type":3,"route_color":"#6B6F2A","route_text_color":"#FFFFFF"}],"agency_name":"Pasadena Transit"},"geometry":{"type":"Point","coordinates":[-118.149191,34.145891]}},{"type":"Feature","properties":{"stop_id":"643","stop_code":"3340","stop_name":"Allen Ave & Walnut St","routes":[{"route_id":"10","agency_id":"1","route_short_name":"10","route_long_name":"Old Pasadena - PCC - Allen Station","route_type":3,"route_color":"#C5003E","route_text_color":"#FFFFFF"}],"agency_name":"Pasadena Transit"},"geometry":{"type":"Point","coordinates":[-118.113039,34.150083]}},{"type":"Feature","properties":{"stop_id":"644","stop_code":"9070","stop_name":"Corson St & Sierra Bonita Ave","routes":[{"route_id":"10","agency_id":"1","route_short_name":"10","route_long_name":"Old Pasadena - PCC - Allen Station","route_type":3,"route_color":"#C5003E","route_text_color":"#FFFFFF"},{"route_id":"40","agency_id":"1","route_short_name":"40","route_long_name":"Old Pasadena - SMV Station","route_type":3,"route_color":"#DC4405","route_text_color":"#FFFFFF"}],"agency_name":"Pasadena Transit"},"geometry":{"type":"Point","coordinates":[-118.116919,34.151741]}},{"type":"Feature","properties":{"stop_id":"646","stop_code":"13677","stop_name":"Lake Ave & Cordova St","routes":[{"route_id":"10","agency_id":"1","route_short_name":"10","route_long_name":"Old Pasadena - PCC - Allen Station","route_type":3,"route_color":"#C5003E","route_text_color":"#FFFFFF"},{"route_id":"20cw","agency_id":"1","route_short_name":"20cw","route_long_name":"Clockwise Lake - Fair Oaks","route_type":3,"route_color":"#002855","route_text_color":"#FFFFFF"}],"agency_name":"Pasadena Transit"},"geometry":{"type":"Point","coordinates":[-118.132469,34.142208]}},{"type":"Feature","properties":{"stop_id":"647","stop_code":"13680","stop_name":"Lake Ave & Green St","routes":[{"route_id":"10","agency_id":"1","route_short_name":"10","route_long_name":"Old Pasadena - PCC - Allen Station","route_type":3,"route_color":"#C5003E","route_text_color":"#FFFFFF"},{"route_id":"20cw","agency_id":"1","route_short_name":"20cw","route_long_name":"Clockwise Lake - Fair Oaks","route_type":3,"route_color":"#002855","route_text_color":"#FFFFFF"}],"agency_name":"Pasadena Transit"},"geometry":{"type":"Point","coordinates":[-118.132491,34.144342]}},{"type":"Feature","properties":{"stop_id":"649","stop_code":"3667","stop_name":"Lake Ave & Maple St","routes":[{"route_id":"20cc","agency_id":"1","route_short_name":"20cc","route_long_name":"Counterclockwise Fair Oaks - Lake","route_type":3,"route_color":"#002855","route_text_color":"#FFFFFF"}],"agency_name":"Pasadena Transit"},"geometry":{"type":"Point","coordinates":[-118.132127,34.152154]}},{"type":"Feature","properties":{"stop_id":"650","stop_code":"16445","stop_name":"Washington Blvd & Glen Ave","routes":[{"route_id":"31","agency_id":"1","route_short_name":"31","route_long_name":"NW Pasadena - Foothill Blvd - SMV Station","route_type":3,"route_color":"#215732","route_text_color":"#FFFFFF"},{"route_id":"32","agency_id":"1","route_short_name":"32","route_long_name":"NW Pasadena - New York - SMV Station","route_type":3,"route_color":"#009639","route_text_color":"#FFFFFF"},{"route_id":"33","agency_id":"1","route_short_name":"33","route_long_name":"Highland Park - SMV Station","route_type":3,"route_color":"#6B6F2A","route_text_color":"#FFFFFF"}],"agency_name":"Pasadena Transit"},"geometry":{"type":"Point","coordinates":[-118.156191,34.169278]}},{"type":"Feature","properties":{"stop_id":"651","stop_code":"1618","stop_name":"Orange Grove Blvd & Sierra Madre Villa Ave","routes":[{"route_id":"33","agency_id":"1","route_short_name":"33","route_long_name":"Highland Park - SMV Station","route_type":3,"route_color":"#6B6F2A","route_text_color":"#FFFFFF"},{"route_id":"40","agency_id":"1","route_short_name":"40","route_long_name":"Old Pasadena - SMV Station","route_type":3,"route_color":"#DC4405","route_text_color":"#FFFFFF"}],"agency_name":"Pasadena Transit"},"geometry":{"type":"Point","coordinates":[-118.081849,34.157779]}},{"type":"Feature","properties":{"stop_id":"653","stop_code":"10170","stop_name":"Orange Grove Blvd & Sierra Madre Villa Ave","routes":[{"route_id":"33","agency_id":"1","route_short_name":"33","route_long_name":"Highland Park - SMV Station","route_type":3,"route_color":"#6B6F2A","route_text_color":"#FFFFFF"},{"route_id":"40","agency_id":"1","route_short_name":"40","route_long_name":"Old Pasadena - SMV Station","route_type":3,"route_color":"#DC4405","route_text_color":"#FFFFFF"}],"agency_name":"Pasadena Transit"},"geometry":{"type":"Point","coordinates":[-118.081989,34.157987]}},{"type":"Feature","properties":{"stop_id":"658","stop_code":"418","stop_name":"Pasadena Ave & Colorado Blvd","routes":[{"route_id":"10","agency_id":"1","route_short_name":"10","route_long_name":"Old Pasadena - PCC - Allen Station","route_type":3,"route_color":"#C5003E","route_text_color":"#FFFFFF"}],"agency_name":"Pasadena Transit"},"geometry":{"type":"Point","coordinates":[-118.154076,34.145614]}},{"type":"Feature","properties":{"stop_id":"669","stop_code":"1271","stop_name":"Altadena Dr & Orange Grove Blvd","routes":[{"route_id":"31","agency_id":"1","route_short_name":"31","route_long_name":"NW Pasadena - Foothill Blvd - SMV Station","route_type":3,"route_color":"#215732","route_text_color":"#FFFFFF"}],"agency_name":"Pasadena Transit"},"geometry":{"type":"Point","coordinates":[-118.098338,34.158759]}},{"type":"Feature","properties":{"stop_id":"673","stop_code":"413","stop_name":"Kinneloa Ave & Foothill Blvd","routes":[{"route_id":"60","agency_id":"1","route_short_name":"60","route_long_name":"PCC - SMV Station - Michillinda","route_type":3,"route_color":"#C5299B","route_text_color":"#FFFFFF"}],"agency_name":"Pasadena Transit"},"geometry":{"type":"Point","coordinates":[-118.086388,34.149508]}},{"type":"Feature","properties":{"stop_id":"683","stop_code":"428","stop_name":"Bonnie Ave & Colorado Blvd","routes":[{"route_id":"60","agency_id":"1","route_short_name":"60","route_long_name":"PCC - SMV Station - Michillinda","route_type":3,"route_color":"#C5299B","route_text_color":"#FFFFFF"}],"agency_name":"Pasadena Transit"},"geometry":{"type":"Point","coordinates":[-118.115606,34.145325]}},{"type":"Feature","properties":{"stop_id":"687","stop_code":"429","stop_name":"Marengo Ave & Green St","routes":[{"route_id":"40","agency_id":"1","route_short_name":"40","route_long_name":"Old Pasadena - SMV Station","route_type":3,"route_color":"#DC4405","route_text_color":"#FFFFFF"}],"agency_name":"Pasadena Transit"},"geometry":{"type":"Point","coordinates":[-118.145854,34.145105]}},{"type":"Feature","properties":{"stop_id":"688","stop_code":"430","stop_name":"Mountain St & Lincoln Ave","routes":[{"route_id":"51","agency_id":"1","route_short_name":"51","route_long_name":"So. Raymond - Linda Vista - Art Center","route_type":3,"route_color":"#005EB8","route_text_color":"#FFFFFF"},{"route_id":"51s","agency_id":"1","route_short_name":"51s","route_long_name":"Route 51 Saturday & Sunday","route_type":3,"route_color":"#005EB8","route_text_color":"#FFFFFF"}],"agency_name":"Pasadena Transit"},"geometry":{"type":"Point","coordinates":[-118.159598,34.162107]}},{"type":"Feature","properties":{"stop_id":"689","stop_code":"9811","stop_name":"Raymond Ave & Holly St","routes":[{"route_id":"20cw","agency_id":"1","route_short_name":"20cw","route_long_name":"Clockwise Lake - Fair Oaks","route_type":3,"route_color":"#002855","route_text_color":"#FFFFFF"},{"route_id":"33","agency_id":"1","route_short_name":"33","route_long_name":"Highland Park - SMV Station","route_type":3,"route_color":"#6B6F2A","route_text_color":"#FFFFFF"},{"route_id":"51","agency_id":"1","route_short_name":"51","route_long_name":"So. Raymond - Linda Vista - Art Center","route_type":3,"route_color":"#005EB8","route_text_color":"#FFFFFF"},{"route_id":"51s","agency_id":"1","route_short_name":"51s","route_long_name":"Route 51 Saturday & Sunday","route_type":3,"route_color":"#005EB8","route_text_color":"#FFFFFF"},{"route_id":"52","agency_id":"1","route_short_name":"52","route_long_name":"So. Raymond - Linda Vista - JPL","route_type":3,"route_color":"#418FDE","route_text_color":"#FFFFFF"},{"route_id":"53","agency_id":"1","route_short_name":"53","route_long_name":"Caltech - JPL","route_type":3,"route_color":"#936DB7","route_text_color":"#FFFFFF"}],"agency_name":"Pasadena Transit"},"geometry":{"type":"Point","coordinates":[-118.148841,34.148206]}},{"type":"Feature","properties":{"stop_id":"716","stop_code":"5572","stop_name":"Colorado Blvd & Madison Ave","routes":[{"route_id":"10","agency_id":"1","route_short_name":"10","route_long_name":"Old Pasadena - PCC - Allen Station","route_type":3,"route_color":"#C5003E","route_text_color":"#FFFFFF"}],"agency_name":"Pasadena Transit"},"geometry":{"type":"Point","coordinates":[-118.138881,34.145769]}},{"type":"Feature","properties":{"stop_id":"717","stop_code":"5073","stop_name":"Orange Grove Blvd & Fair Oaks Ave","routes":[{"route_id":"20cc","agency_id":"1","route_short_name":"20cc","route_long_name":"Counterclockwise Fair Oaks - Lake","route_type":3,"route_color":"#002855","route_text_color":"#FFFFFF"},{"route_id":"33","agency_id":"1","route_short_name":"33","route_long_name":"Highland Park - SMV Station","route_type":3,"route_color":"#6B6F2A","route_text_color":"#FFFFFF"}],"agency_name":"Pasadena Transit"},"geometry":{"type":"Point","coordinates":[-118.1501,34.157706]}},{"type":"Feature","properties":{"stop_id":"718","stop_code":"5072","stop_name":"Orange Grove Blvd & Fair Oaks Ave","routes":[{"route_id":"33","agency_id":"1","route_short_name":"33","route_long_name":"Highland Park - SMV Station","route_type":3,"route_color":"#6B6F2A","route_text_color":"#FFFFFF"}],"agency_name":"Pasadena Transit"},"geometry":{"type":"Point","coordinates":[-118.150977,34.15791]}},{"type":"Feature","properties":{"stop_id":"719","stop_code":"5160","stop_name":"Orange Grove Blvd & Lincoln Ave","routes":[{"route_id":"33","agency_id":"1","route_short_name":"33","route_long_name":"Highland Park - SMV Station","route_type":3,"route_color":"#6B6F2A","route_text_color":"#FFFFFF"}],"agency_name":"Pasadena Transit"},"geometry":{"type":"Point","coordinates":[-118.154255,34.155933]}},{"type":"Feature","properties":{"stop_id":"726","stop_code":"3509","stop_name":"Del Mar Blvd & Los Robles Ave","routes":[{"route_id":"53","agency_id":"1","route_short_name":"53","route_long_name":"Caltech - JPL","route_type":3,"route_color":"#936DB7","route_text_color":"#FFFFFF"}],"agency_name":"Pasadena Transit"},"geometry":{"type":"Point","coordinates":[-118.141027,34.140485]}},{"type":"Feature","properties":{"stop_id":"727","stop_code":"1378","stop_name":"Del Mar Blvd & El Molino Ave","routes":[{"route_id":"53","agency_id":"1","route_short_name":"53","route_long_name":"Caltech - JPL","route_type":3,"route_color":"#936DB7","route_text_color":"#FFFFFF"}],"agency_name":"Pasadena Transit"},"geometry":{"type":"Point","coordinates":[-118.13717,34.1405]}},{"type":"Feature","properties":{"stop_id":"728","stop_code":"5793","stop_name":"Wilson Ave & Del Mar Blvd","routes":[{"route_id":"53","agency_id":"1","route_short_name":"53","route_long_name":"Caltech - JPL","route_type":3,"route_color":"#936DB7","route_text_color":"#FFFFFF"}],"agency_name":"Pasadena Transit"},"geometry":{"type":"Point","coordinates":[-118.127941,34.140718]}},{"type":"Feature","properties":{"stop_id":"729","stop_code":"3015","stop_name":"Halstead St & Foothill Blvd","routes":[{"route_id":"33","agency_id":"1","route_short_name":"33","route_long_name":"Highland Park - SMV Station","route_type":3,"route_color":"#6B6F2A","route_text_color":"#FFFFFF"}],"agency_name":"Pasadena Transit"},"geometry":{"type":"Point","coordinates":[-118.079586,34.150792]}},{"type":"Feature","properties":{"stop_id":"730","stop_code":"8167","stop_name":"Washington Blvd & Glen Ave","routes":[{"route_id":"33","agency_id":"1","route_short_name":"33","route_long_name":"Highland Park - SMV Station","route_type":3,"route_color":"#6B6F2A","route_text_color":"#FFFFFF"}],"agency_name":"Pasadena Transit"},"geometry":{"type":"Point","coordinates":[-118.15612,34.169033]}},{"type":"Feature","properties":{"stop_id":"731","stop_code":"3489","stop_name":"Foothill Blvd & Crown Ave","routes":[{"route_id":"53","agency_id":"1","route_short_name":"53","route_long_name":"Caltech - JPL","route_type":3,"route_color":"#936DB7","route_text_color":"#FFFFFF"}],"agency_name":"Pasadena Transit"},"geometry":{"type":"Point","coordinates":[-118.184069,34.197199]}},{"type":"Feature","properties":{"stop_id":"732","stop_code":"3514","stop_name":"Foothill Blvd & Crown Ave","routes":[{"route_id":"53","agency_id":"1","route_short_name":"53","route_long_name":"Caltech - JPL","route_type":3,"route_color":"#936DB7","route_text_color":"#FFFFFF"}],"agency_name":"Pasadena Transit"},"geometry":{"type":"Point","coordinates":[-118.183749,34.196828]}},{"type":"Feature","properties":{"stop_id":"733","stop_code":"11004","stop_name":"Avenue 64 & Church St","routes":[{"route_id":"33","agency_id":"1","route_short_name":"33","route_long_name":"Highland Park - SMV Station","route_type":3,"route_color":"#6B6F2A","route_text_color":"#FFFFFF"}],"agency_name":"Pasadena Transit"},"geometry":{"type":"Point","coordinates":[-118.176863,34.124869]}},{"type":"Feature","properties":{"stop_id":"734","stop_code":"10453","stop_name":"Avenue 64 & Elder St","routes":[{"route_id":"33","agency_id":"1","route_short_name":"33","route_long_name":"Highland Park - SMV Station","route_type":3,"route_color":"#6B6F2A","route_text_color":"#FFFFFF"}],"agency_name":"Pasadena Transit"},"geometry":{"type":"Point","coordinates":[-118.176993,34.122026]}},{"type":"Feature","properties":{"stop_id":"735","stop_code":"11006","stop_name":"Avenue 64 & Elder St","routes":[{"route_id":"33","agency_id":"1","route_short_name":"33","route_long_name":"Highland Park - SMV Station","route_type":3,"route_color":"#6B6F2A","route_text_color":"#FFFFFF"}],"agency_name":"Pasadena Transit"},"geometry":{"type":"Point","coordinates":[-118.177166,34.122071]}},{"type":"Feature","properties":{"stop_id":"736","stop_code":"10469","stop_name":"Avenue 64 & Pollard St","routes":[{"route_id":"33","agency_id":"1","route_short_name":"33","route_long_name":"Highland Park - SMV Station","route_type":3,"route_color":"#6B6F2A","route_text_color":"#FFFFFF"}],"agency_name":"Pasadena Transit"},"geometry":{"type":"Point","coordinates":[-118.178177,34.11997]}},{"type":"Feature","properties":{"stop_id":"737","stop_code":"11008","stop_name":"Avenue 64 & Pollard St","routes":[{"route_id":"33","agency_id":"1","route_short_name":"33","route_long_name":"Highland Park - SMV Station","route_type":3,"route_color":"#6B6F2A","route_text_color":"#FFFFFF"}],"agency_name":"Pasadena Transit"},"geometry":{"type":"Point","coordinates":[-118.178394,34.119879]}},{"type":"Feature","properties":{"stop_id":"738","stop_code":"11009","stop_name":"Avenue 64 & Crescent St","routes":[{"route_id":"33","agency_id":"1","route_short_name":"33","route_long_name":"Highland Park - SMV Station","route_type":3,"route_color":"#6B6F2A","route_text_color":"#FFFFFF"}],"agency_name":"Pasadena Transit"},"geometry":{"type":"Point","coordinates":[-118.179833,34.117392]}},{"type":"Feature","properties":{"stop_id":"739","stop_code":"10415","stop_name":"Avenue 64 & Crescent St","routes":[{"route_id":"33","agency_id":"1","route_short_name":"33","route_long_name":"Highland Park - SMV Station","route_type":3,"route_color":"#6B6F2A","route_text_color":"#FFFFFF"}],"agency_name":"Pasadena Transit"},"geometry":{"type":"Point","coordinates":[-118.179834,34.117092]}},{"type":"Feature","properties":{"stop_id":"740","stop_code":"10408","stop_name":"Avenue 64 & York Blvd","routes":[{"route_id":"33","agency_id":"1","route_short_name":"33","route_long_name":"Highland Park - SMV Station","route_type":3,"route_color":"#6B6F2A","route_text_color":"#FFFFFF"}],"agency_name":"Pasadena Transit"},"geometry":{"type":"Point","coordinates":[-118.181187,34.114777]}},{"type":"Feature","properties":{"stop_id":"741","stop_code":"16878","stop_name":"York Blvd & Avenue 64","routes":[{"route_id":"33","agency_id":"1","route_short_name":"33","route_long_name":"Highland Park - SMV Station","route_type":3,"route_color":"#6B6F2A","route_text_color":"#FFFFFF"}],"agency_name":"Pasadena Transit"},"geometry":{"type":"Point","coordinates":[-118.181736,34.114639]}},{"type":"Feature","properties":{"stop_id":"742","stop_code":"12027","stop_name":"York Blvd & Figueroa St","routes":[{"route_id":"33","agency_id":"1","route_short_name":"33","route_long_name":"Highland Park - SMV Station","route_type":3,"route_color":"#6B6F2A","route_text_color":"#FFFFFF"}],"agency_name":"Pasadena Transit"},"geometry":{"type":"Point","coordinates":[-118.184095,34.115248]}},{"type":"Feature","properties":{"stop_id":"743","stop_code":"12028","stop_name":"Figueroa St & York Blvd","routes":[{"route_id":"33","agency_id":"1","route_short_name":"33","route_long_name":"Highland Park - SMV Station","route_type":3,"route_color":"#6B6F2A","route_text_color":"#FFFFFF"}],"agency_name":"Pasadena Transit"},"geometry":{"type":"Point","coordinates":[-118.18522,34.114795]}},{"type":"Feature","properties":{"stop_id":"744","stop_code":"1881","stop_name":"Figueroa St & Arroyo Glen St","routes":[{"route_id":"33","agency_id":"1","route_short_name":"33","route_long_name":"Highland Park - SMV Station","route_type":3,"route_color":"#6B6F2A","route_text_color":"#FFFFFF"}],"agency_name":"Pasadena Transit"},"geometry":{"type":"Point","coordinates":[-118.186213,34.1135]}},{"type":"Feature","properties":{"stop_id":"745","stop_code":"3529","stop_name":"Figueroa St & Avenue 61","routes":[{"route_id":"33","agency_id":"1","route_short_name":"33","route_long_name":"Highland Park - SMV Station","route_type":3,"route_color":"#6B6F2A","route_text_color":"#FFFFFF"}],"agency_name":"Pasadena Transit"},"geometry":{"type":"Point","coordinates":[-118.187558,34.112308]}},{"type":"Feature","properties":{"stop_id":"746","stop_code":"11993","stop_name":"Figueroa St & Avenue 60","routes":[{"route_id":"33","agency_id":"1","route_short_name":"33","route_long_name":"Highland Park - SMV Station","route_type":3,"route_color":"#6B6F2A","route_text_color":"#FFFFFF"}],"agency_name":"Pasadena Transit"},"geometry":{"type":"Point","coordinates":[-118.188998,34.111589]}},{"type":"Feature","properties":{"stop_id":"747","stop_code":"12010","stop_name":"Figueroa St & Avenue 57","routes":[{"route_id":"33","agency_id":"1","route_short_name":"33","route_long_name":"Highland Park - SMV Station","route_type":3,"route_color":"#6B6F2A","route_text_color":"#FFFFFF"}],"agency_name":"Pasadena Transit"},"geometry":{"type":"Point","coordinates":[-118.19285,34.10971]}},{"type":"Feature","properties":{"stop_id":"748","stop_code":"10401","stop_name":"Avenue 57 & Marmion Way","routes":[{"route_id":"33","agency_id":"1","route_short_name":"33","route_long_name":"Highland Park - SMV Station","route_type":3,"route_color":"#6B6F2A","route_text_color":"#FFFFFF"}],"agency_name":"Pasadena Transit"},"geometry":{"type":"Point","coordinates":[-118.19336,34.110364]}},{"type":"Feature","properties":{"stop_id":"750","stop_code":"3295","stop_name":"Monte Vista St & Avenue 61","routes":[{"route_id":"33","agency_id":"1","route_short_name":"33","route_long_name":"Highland Park - SMV Station","route_type":3,"route_color":"#6B6F2A","route_text_color":"#FFFFFF"}],"agency_name":"Pasadena Transit"},"geometry":{"type":"Point","coordinates":[-118.190152,34.113832]}},{"type":"Feature","properties":{"stop_id":"751","stop_code":"3294","stop_name":"Monte Vista St & Avenue 59","routes":[{"route_id":"33","agency_id":"1","route_short_name":"33","route_long_name":"Highland Park - SMV Station","route_type":3,"route_color":"#6B6F2A","route_text_color":"#FFFFFF"}],"agency_name":"Pasadena Transit"},"geometry":{"type":"Point","coordinates":[-118.192465,34.112679]}},{"type":"Feature","properties":{"stop_id":"759","stop_code":"9879","stop_name":"Sierra Madre Villa Station layover","routes":[{"route_id":"33","agency_id":"1","route_short_name":"33","route_long_name":"Highland Park - SMV Station","route_type":3,"route_color":"#6B6F2A","route_text_color":"#FFFFFF"}],"agency_name":"Pasadena Transit"},"geometry":{"type":"Point","coordinates":[-118.07973,34.148866]}}]}