{"type":"FeatureCollection","features":[{"type":"Feature","properties":{"agency_name":"City of Baldwin Park","route_id":"8924","agency_id":"7343","route_short_name":"P","route_long_name":"Pumpkin","route_type":3,"route_color":"#E0813F","route_text_color":"#000000"},"geometry":{"type":"MultiLineString","coordinates":[[[-117.957227,34.0862],[-117.957839,34.085627],[-117.958056,34.085421],[-117.95856,34.084943],[-117.958782,34.084734],[-117.958881,34.084642],[-117.9590194,34.0845243],[-117.959235,34.08431],[-117.95934,34.084386],[-117.959342,34.084388],[-117.959383,34.084418],[-117.959403,34.084509],[-117.959517,34.084592],[-117.959608,34.08466],[-117.959117,34.085113],[-117.958622,34.085569],[-117.958407,34.085768],[-117.958152,34.086003],[-117.957709,34.086412],[-117.957641,34.086489],[-117.957606,34.086554],[-117.957598,34.086619],[-117.957657,34.086803],[-117.957663,34.08689],[-117.957668,34.086981],[-117.957675,34.087085],[-117.957092,34.08722],[-117.957041,34.087232],[-117.95658,34.087344],[-117.956444,34.087374],[-117.956132,34.087435],[-117.955864,34.087473],[-117.955625,34.087494],[-117.955295,34.087487],[-117.955101,34.087482],[-117.954901,34.087478],[-117.954173,34.087447],[-117.953614,34.087423],[-117.952267,34.087361],[-117.951951,34.087348],[-117.951751,34.08734],[-117.951555,34.087332],[-117.951328,34.087323],[-117.950777,34.087301],[-117.950575,34.087292],[-117.950407,34.087286],[-117.950224,34.087278],[-117.949924,34.087263],[-117.949801,34.087256],[-117.949677,34.087249],[-117.949653,34.087248],[-117.949661,34.087133],[-117.949704,34.086743],[-117.949709,34.086697],[-117.949723,34.086558],[-117.949733,34.086455],[-117.949735,34.086435],[-117.949749,34.086278],[-117.949771,34.086021],[-117.949805,34.085652],[-117.949837,34.085283],[-117.949841,34.085248],[-117.949851,34.085132],[-117.949864,34.084992],[-117.950027,34.083265],[-117.950112,34.082391],[-117.950153,34.081896],[-117.950171,34.081676],[-117.95018,34.081574],[-117.950076,34.081446],[-117.950253,34.081296],[-117.950336,34.081225],[-117.950847,34.080713],[-117.951461,34.080147],[-117.95156,34.080056],[-117.951926,34.07973],[-117.951996,34.079667],[-117.952069,34.079602],[-117.952076,34.079595],[-117.952209,34.079476],[-117.952397,34.079309],[-117.95254,34.079172],[-117.952579,34.079135],[-117.952719,34.079],[-117.952858,34.078867],[-117.952941,34.078788],[-117.953232,34.078519],[-117.953294,34.078465],[-117.953581,34.078175],[-117.953939,34.077832],[-117.953994,34.077788],[-117.954173,34.077626],[-117.954348,34.077464],[-117.954417,34.077403],[-117.954729,34.077128],[-117.955351,34.076535],[-117.955579,34.076318],[-117.955853,34.076055],[-117.956078,34.075834],[-117.95647,34.075449],[-117.956591,34.07533],[-117.956855,34.075085],[-117.957079,34.074877],[-117.9573,34.074671],[-117.957364,34.074612],[-117.957435,34.074544],[-117.957991,34.074015],[-117.958022,34.073985],[-117.958257,34.073763],[-117.958362,34.073664],[-117.958429,34.073601],[-117.958476,34.073556],[-117.95866,34.073383],[-117.958804,34.073246],[-117.95906,34.073005],[-117.959084,34.072983],[-117.959098,34.072969],[-117.959158,34.072914],[-117.95922,34.072894],[-117.959263,34.07288],[-117.959318,34.072844],[-117.959622,34.072543],[-117.960004,34.072182],[-117.960076,34.072114],[-117.96019,34.072008],[-117.960217,34.071969],[-117.960243,34.071932],[-117.960284,34.071873],[-117.96035,34.071808],[-117.960519,34.071643],[-117.960815,34.071352],[-117.961083,34.071095],[-117.961349,34.070839],[-117.961628,34.070576],[-117.96173,34.070479],[-117.962136,34.070097],[-117.962373,34.069873],[-117.962467,34.069784],[-117.962495,34.069757],[-117.962837,34.069436],[-117.963548,34.068762],[-117.963589,34.068723],[-117.963738,34.068582],[-117.963825,34.0685],[-117.963898,34.068431],[-117.963906,34.068424],[-117.963994,34.068342],[-117.964055,34.068285],[-117.964091,34.068248],[-117.964159,34.068182],[-117.964502,34.067867],[-117.964792,34.067595],[-117.96493,34.067463],[-117.965213,34.067202],[-117.965348,34.067182],[-117.965535,34.067004],[-117.965745,34.066815],[-117.966099,34.066471],[-117.966209,34.066365],[-117.96635,34.066234],[-117.966383,34.066202],[-117.966674,34.065929],[-117.966762,34.065847],[-117.967018,34.065608],[-117.967304,34.065342],[-117.967628,34.065041],[-117.967887,34.064788],[-117.967941,34.064739],[-117.968103,34.064581],[-117.96821,34.064476],[-117.968401,34.064345],[-117.968673,34.064558],[-117.968935,34.064755],[-117.969049,34.064841],[-117.969391,34.065097],[-117.969717,34.065342],[-117.970051,34.065588],[-117.970287,34.065762],[-117.970603,34.065995],[-117.970671,34.066045],[-117.970748,34.066101],[-117.970825,34.066156],[-117.971033,34.066303],[-117.971244,34.066459],[-117.971657,34.066764],[-117.971944,34.066978],[-117.97214,34.067123],[-117.972361,34.067287],[-117.97243,34.067338],[-117.972614,34.067474],[-117.972915,34.067696],[-117.973029,34.06778],[-117.973204,34.067908],[-117.97325,34.067941],[-117.97336,34.068021],[-117.973475,34.068105],[-117.973533,34.068147],[-117.973724,34.068286],[-117.974092,34.068554],[-117.974454,34.068787],[-117.974734,34.068968],[-117.974798,34.069016],[-117.974937,34.069119],[-117.975182,34.0693],[-117.975342,34.069419],[-117.975506,34.06954],[-117.97562,34.069625],[-117.975666,34.069659],[-117.975813,34.069768],[-117.975878,34.069816],[-117.976072,34.06996],[-117.976519,34.07029],[-117.976754,34.070464],[-117.976871,34.070551],[-117.976933,34.070597],[-117.977061,34.070692],[-117.977149,34.070757],[-117.977166,34.07077],[-117.977184,34.070783],[-117.97753,34.071039],[-117.977564,34.071065],[-117.977753,34.071207],[-117.977845,34.071273],[-117.977936,34.071346],[-117.978022,34.071267],[-117.978024,34.071265],[-117.978197,34.071106],[-117.978257,34.07105],[-117.978628,34.070709],[-117.978963,34.070401],[-117.979362,34.070034],[-117.979491,34.069916],[-117.979719,34.069682],[-117.979695,34.069638],[-117.97973,34.069604],[-117.979756,34.069579],[-117.98,34.069344],[-117.980056,34.069297],[-117.980128,34.069236],[-117.980149,34.069215],[-117.980329,34.069042],[-117.980636,34.06871],[-117.980959,34.068382],[-117.981,34.068339],[-117.981252,34.068073],[-117.98202,34.067302],[-117.982262,34.067059],[-117.982615,34.066714],[-117.982638,34.06669],[-117.983096,34.066215],[-117.983544,34.065754],[-117.983655,34.06564],[-117.984207,34.065081],[-117.984569,34.064713],[-117.984611,34.064671],[-117.984712,34.06473],[-117.98472,34.064767],[-117.98473,34.064813],[-117.984807,34.064864],[-117.984883,34.0649],[-117.984967,34.064939],[-117.985039,34.064942],[-117.985134,34.064912],[-117.985215,34.064842],[-117.985268,34.06488],[-117.985296,34.064879],[-117.985334,34.064854],[-117.985467,34.064715],[-117.985587,34.06459],[-117.985604,34.064572],[-117.985593,34.064499],[-117.98556,34.064445],[-117.985517,34.064457],[-117.985427,34.064482],[-117.985156,34.064785],[-117.98509,34.064841],[-117.985042,34.064857],[-117.985013,34.06486],[-117.984961,34.064853],[-117.98492,34.064824],[-117.984799,34.064739],[-117.984712,34.06473]],[[-117.984611,34.064671],[-117.984207,34.065081]],[[-117.983655,34.06564],[-117.983633,34.065662],[-117.983544,34.065754],[-117.983506,34.065793],[-117.983107,34.066203],[-117.983096,34.066215],[-117.983139,34.066242],[-117.983605,34.066532],[-117.983712,34.066598],[-117.983778,34.066639],[-117.983817,34.066663],[-117.983896,34.06671],[-117.984023,34.066784],[-117.984124,34.066842],[-117.984229,34.066891],[-117.984286,34.066902],[-117.984496,34.0669],[-117.984662,34.066877],[-117.984848,34.06685],[-117.985269,34.066794],[-117.985582,34.066753],[-117.986515,34.066631],[-117.986581,34.066622],[-117.986726,34.066601],[-117.988561,34.066343],[-117.988592,34.066339],[-117.988685,34.06632],[-117.988713,34.066316],[-117.989819,34.066145],[-117.990032,34.066112],[-117.990118,34.066099],[-117.991128,34.065948],[-117.99138,34.065911],[-117.991455,34.065897],[-117.991515,34.065879],[-117.991565,34.065851],[-117.99162,34.065813],[-117.991668,34.065772],[-117.991692,34.065746],[-117.99181,34.065619],[-117.991865,34.06556],[-117.992062,34.065355],[-117.992234,34.065176],[-117.992536,34.064873],[-117.992544,34.064865],[-117.9926867,34.0647352],[-117.9927657,34.064669],[-117.9928822,34.0647317],[-117.9930161,34.0648177],[-117.993145,34.064915],[-117.99319,34.064971],[-117.993258,34.065099],[-117.993297,34.065195],[-117.993318,34.065248],[-117.993361,34.065412],[-117.993387,34.065518],[-117.993579,34.066434],[-117.99367,34.066876],[-117.993739,34.067218],[-117.993742,34.067268],[-117.993748,34.067388],[-117.993745,34.067447],[-117.993712,34.067705],[-117.993688,34.067779],[-117.993627,34.067886],[-117.993567,34.067986],[-117.993482,34.068085],[-117.993361,34.068205],[-117.993189,34.068385],[-117.992418,34.069194],[-117.991988,34.06964],[-117.991857,34.069776],[-117.991328,34.070326],[-117.99115,34.07051],[-117.990551,34.071132],[-117.990641,34.071191],[-117.990792,34.071289],[-117.991043,34.071453],[-117.991156,34.071518],[-117.991169,34.071525],[-117.991359,34.071606],[-117.991489,34.071661],[-117.991654,34.071706],[-117.992188,34.071787],[-117.992864,34.071889],[-117.993218,34.071922],[-117.993241,34.071924],[-117.993439,34.07196],[-117.994774,34.072232],[-117.994947,34.072267],[-117.995078,34.072294],[-117.996973,34.072677],[-117.997243,34.072732],[-117.997204,34.072863],[-117.997156,34.073022],[-117.99702,34.073479],[-117.996803,34.07427],[-117.996554,34.075081],[-117.996531,34.07516],[-117.99653,34.075162],[-117.996391,34.075622],[-117.996324,34.075843],[-117.9959074,34.0772524],[-117.995869,34.077334],[-117.995855,34.077384],[-117.995825,34.077491],[-117.995813,34.07754],[-117.995781,34.077669],[-117.995705,34.077918],[-117.995704,34.077934],[-117.995696,34.078017],[-117.995694,34.07804],[-117.995704,34.078153],[-117.995683,34.078159],[-117.995344,34.078238],[-117.994307,34.078477],[-117.994181,34.078506],[-117.993947,34.07856],[-117.99372,34.078613],[-117.993471,34.07867],[-117.993256,34.07872],[-117.993162,34.07874],[-117.993157,34.078741],[-117.992654,34.078851],[-117.992499,34.078885],[-117.992078,34.078976],[-117.99131,34.079146],[-117.990935,34.07923],[-117.990471,34.079333],[-117.989721,34.079511],[-117.989174,34.079639],[-117.989135,34.079648],[-117.988861,34.079709],[-117.988857,34.07971],[-117.988648,34.079757],[-117.988531,34.079781],[-117.988311,34.079826],[-117.988279,34.079833],[-117.988263,34.079836],[-117.987069,34.080103],[-117.986946,34.08013],[-117.986807,34.080161],[-117.986783,34.080166],[-117.986039,34.080341],[-117.985851,34.080386],[-117.985645,34.080434],[-117.985491,34.080469],[-117.985456,34.080477],[-117.984901,34.080604],[-117.984577,34.080678],[-117.984168,34.080771],[-117.98381,34.080853],[-117.983308,34.080967],[-117.983183,34.080998],[-117.982897,34.081069],[-117.982724,34.081122],[-117.982511,34.081189],[-117.98229,34.081255],[-117.982217,34.081271],[-117.981939,34.081334],[-117.981895,34.081344],[-117.981575,34.081416],[-117.981482,34.081437],[-117.981333,34.08147],[-117.981159,34.081509],[-117.981005,34.081544],[-117.980664,34.081622],[-117.98041,34.08168],[-117.98016,34.081736],[-117.979966,34.08178],[-117.979814,34.081816],[-117.978941,34.082005],[-117.978465,34.082113],[-117.978098,34.082196],[-117.977288,34.082379],[-117.977154,34.082409],[-117.976882,34.08247],[-117.976821,34.082484],[-117.97555,34.082772],[-117.974721,34.082959],[-117.973672,34.083195],[-117.973531,34.083227],[-117.973197,34.083303],[-117.972882,34.083374],[-117.972846,34.083382],[-117.97265,34.083425],[-117.972664,34.083443],[-117.972732,34.083528],[-117.972783,34.083574],[-117.972847,34.083631],[-117.972906,34.083684],[-117.973046,34.083808],[-117.973163,34.083912],[-117.973353,34.084088],[-117.973413,34.084187],[-117.973449,34.084303],[-117.97348,34.084517],[-117.973489,34.084736],[-117.973497,34.084843],[-117.973501,34.084891],[-117.973502,34.084935],[-117.973507,34.085376],[-117.973513,34.08595],[-117.97352,34.086672],[-117.973523,34.086776],[-117.973529,34.08704],[-117.973547,34.088163],[-117.973552,34.088473],[-117.973554,34.088625],[-117.973554,34.088689],[-117.97356,34.089235],[-117.973567,34.089792],[-117.973578,34.090587],[-117.973583,34.090979],[-117.973587,34.091301],[-117.973589,34.091514],[-117.973591,34.091664],[-117.973592,34.091719],[-117.973592,34.091752],[-117.973592,34.091774],[-117.973593,34.091826],[-117.973594,34.09193],[-117.973596,34.092084],[-117.973584,34.092121],[-117.973597,34.092121],[-117.973653,34.092121],[-117.973774,34.09212],[-117.9739,34.092119],[-117.974046,34.092118],[-117.974118,34.092118],[-117.974332,34.092116],[-117.974722,34.092114],[-117.974879,34.092112],[-117.974987,34.092112],[-117.97546,34.092109],[-117.975586,34.092108],[-117.975787,34.092106],[-117.975839,34.092105],[-117.976106,34.092101],[-117.976282,34.0921],[-117.976496,34.092096],[-117.976823,34.09209],[-117.977058,34.092086],[-117.977724,34.092076],[-117.977989,34.092072],[-117.97828,34.09207],[-117.979116,34.092066],[-117.979629,34.092063],[-117.980717,34.09204],[-117.981544,34.092041],[-117.981776,34.092041],[-117.981895,34.092041],[-117.982048,34.09204],[-117.98228,34.092038],[-117.982489,34.092033],[-117.983339,34.092031],[-117.984329,34.092014],[-117.984353,34.092014],[-117.984389,34.092013],[-117.984436,34.092013],[-117.984403,34.092226],[-117.984376,34.092397],[-117.984355,34.09243],[-117.984136,34.092771],[-117.983912,34.093122],[-117.983789,34.093303],[-117.983678,34.093466],[-117.98333,34.093974],[-117.9831996,34.0940629],[-117.9826896,34.0947914],[-117.9825216,34.095119],[-117.982511,34.095299],[-117.982503,34.095358],[-117.982503,34.095389],[-117.982503,34.095445],[-117.982504,34.096],[-117.982504,34.09628],[-117.982504,34.096657],[-117.982502,34.096962],[-117.9825,34.097216],[-117.982498,34.097479],[-117.982493,34.098128],[-117.982492,34.09827],[-117.9824866,34.0983726],[-117.9825442,34.0984023],[-117.9829423,34.0984221],[-117.983319,34.0985062],[-117.983672,34.098789],[-117.983724,34.098829],[-117.983834,34.098926],[-117.983881,34.098963],[-117.984076,34.09912],[-117.984094,34.099134],[-117.984085,34.09914],[-117.98375,34.099376],[-117.983548,34.099533],[-117.983384,34.09966],[-117.982229,34.100553],[-117.981468,34.101142],[-117.981074,34.101447],[-117.979582,34.102602],[-117.979178,34.102215],[-117.979005,34.10205],[-117.9787417,34.1017947],[-117.9785861,34.1016291],[-117.9784231,34.1015636],[-117.978279,34.1015594],[-117.9781443,34.1015851],[-117.97807,34.101645],[-117.977834,34.101781],[-117.977204,34.102142],[-117.977144,34.102176],[-117.977052,34.102232],[-117.976131,34.102765],[-117.976031,34.102824],[-117.975982,34.102853],[-117.975607,34.103078],[-117.975447,34.103174],[-117.975369,34.103221],[-117.9744,34.1038],[-117.974354,34.103827],[-117.974134,34.103959],[-117.973911,34.104092],[-117.973504,34.104336],[-117.973348,34.104429],[-117.97326,34.104481],[-117.973153,34.104546],[-117.973102,34.104576],[-117.973066,34.104598],[-117.9727505,34.1049419],[-117.9726703,34.1051945],[-117.9726489,34.1053275],[-117.972653,34.105469],[-117.972685,34.105821],[-117.972687,34.105844],[-117.972687,34.106417],[-117.972688,34.10649],[-117.972011,34.10655],[-117.971648,34.106584],[-117.97134,34.106612],[-117.971252,34.106614],[-117.970859,34.106623],[-117.970775,34.106625],[-117.970656,34.106627],[-117.970364,34.106632],[-117.970008,34.106638],[-117.969819,34.106641],[-117.969328,34.106649],[-117.969296,34.106649],[-117.969296,34.106025],[-117.969296,34.105999],[-117.969296,34.105902],[-117.969296,34.10581],[-117.969296,34.105686],[-117.969296,34.105484],[-117.969296,34.104842],[-117.969298,34.104404],[-117.96929,34.103456],[-117.969287,34.103117],[-117.969287,34.103094],[-117.969229,34.103094],[-117.968127,34.103097],[-117.967106,34.103122],[-117.965115,34.103149],[-117.964909,34.103152],[-117.964745,34.103151],[-117.964309,34.103151],[-117.964215,34.10317],[-117.964079,34.103206],[-117.963931,34.103245],[-117.963763,34.103291],[-117.963678,34.10333],[-117.963499,34.103411],[-117.963112,34.103587],[-117.962974,34.103617],[-117.962938,34.103625],[-117.962712,34.103636],[-117.962637,34.103636],[-117.961678,34.103637],[-117.961279,34.10364],[-117.961142,34.103641],[-117.960743,34.103643],[-117.96065,34.103643],[-117.960543,34.103644],[-117.960544,34.103699],[-117.960545,34.1038],[-117.960547,34.10397],[-117.960549,34.104109],[-117.960554,34.104544],[-117.960553,34.105189],[-117.960552,34.105566],[-117.960526,34.105566],[-117.960403,34.105567],[-117.959786,34.10557],[-117.959516,34.105572],[-117.959437,34.105574],[-117.958664,34.105579],[-117.957577,34.105586],[-117.957444,34.105587],[-117.956852,34.105591],[-117.956802,34.105591],[-117.956664,34.105576],[-117.956585,34.105567],[-117.956311,34.105537],[-117.956278,34.105533],[-117.955254,34.105544],[-117.955058,34.105546],[-117.955057,34.105218],[-117.955056,34.105022],[-117.955056,34.104914],[-117.955055,34.104596],[-117.955055,34.104561],[-117.955055,34.104495],[-117.955054,34.104059],[-117.955053,34.10378],[-117.955052,34.103277],[-117.955052,34.103262],[-117.954928,34.103261],[-117.954844,34.10326],[-117.954659,34.103259],[-117.953996,34.103253],[-117.95396,34.103253],[-117.952888,34.103256],[-117.952196,34.10326],[-117.951778,34.103262],[-117.950661,34.103285],[-117.949044,34.103295],[-117.948479,34.103294],[-117.94785,34.10331],[-117.947272,34.103314],[-117.947033,34.103319],[-117.94679,34.103324],[-117.946591,34.103328],[-117.946291,34.103334],[-117.944957,34.103353],[-117.944756,34.103356],[-117.944757,34.103279],[-117.944762,34.102696],[-117.944767,34.102113],[-117.944777,34.100947],[-117.944781,34.10053],[-117.944777,34.100173],[-117.944778,34.100156],[-117.944785,34.099963],[-117.944787,34.099902],[-117.944793,34.099753],[-117.946297,34.099739],[-117.947622,34.099721],[-117.947942,34.099719],[-117.94849,34.099717],[-117.949055,34.09971],[-117.950698,34.099688],[-117.951346,34.099681],[-117.951749,34.099675],[-117.952171,34.09967],[-117.952327,34.099668],[-117.953316,34.099651],[-117.953886,34.099652],[-117.953947,34.099647],[-117.954489,34.099641],[-117.954492,34.099641],[-117.954597,34.099642],[-117.95464,34.099643],[-117.954674,34.099643],[-117.95478,34.099643],[-117.954964,34.099642],[-117.955023,34.099641],[-117.955062,34.099641],[-117.955154,34.099635],[-117.955158,34.099635],[-117.955297,34.099632],[-117.955615,34.099624],[-117.955808,34.099622],[-117.955938,34.099624],[-117.956002,34.099624],[-117.956039,34.099624],[-117.956518,34.099617],[-117.956663,34.099615],[-117.956666,34.099615],[-117.957265,34.099604],[-117.957717,34.099596],[-117.958278,34.099581],[-117.958319,34.09958],[-117.958542,34.099575],[-117.958843,34.099575],[-117.959426,34.099575],[-117.959976,34.099568],[-117.960348,34.099566],[-117.960405,34.099566],[-117.960508,34.099565],[-117.960549,34.099565],[-117.960549,34.099555],[-117.960548,34.099526],[-117.960541,34.099361],[-117.960537,34.099259],[-117.960537,34.099245],[-117.960536,34.099134],[-117.960536,34.099053],[-117.960529,34.09876],[-117.960532,34.098624],[-117.960532,34.098194],[-117.96052,34.097741],[-117.960522,34.097172],[-117.960522,34.097102],[-117.960521,34.096835],[-117.960521,34.096659],[-117.960521,34.096439],[-117.960519,34.096012],[-117.960518,34.095774],[-117.960512,34.095513],[-117.960512,34.09551],[-117.960512,34.09525],[-117.960503,34.094776],[-117.9605,34.09465],[-117.9605,34.094578],[-117.960494,34.094098],[-117.960493,34.09395],[-117.960499,34.093662],[-117.960495,34.093053],[-117.960494,34.092783],[-117.960493,34.092663],[-117.960492,34.092448],[-117.960492,34.092445],[-117.960491,34.092297],[-117.960485,34.092016],[-117.960483,34.0919],[-117.960481,34.091829],[-117.960481,34.091802],[-117.960445,34.089514],[-117.960444,34.089395],[-117.960441,34.08915],[-117.960421,34.088587],[-117.960419,34.08851],[-117.960418,34.08842],[-117.960414,34.088258],[-117.960396,34.087292],[-117.960395,34.087255],[-117.960386,34.086803],[-117.960387,34.086781],[-117.960387,34.086766],[-117.960392,34.086599],[-117.960436,34.086588],[-117.960575,34.086555],[-117.96108,34.086433],[-117.961109,34.086426],[-117.961315,34.086376],[-117.961345,34.086455],[-117.961382,34.086554],[-117.961499,34.086951],[-117.961505,34.086972],[-117.961521,34.086968],[-117.961556,34.08696],[-117.961593,34.086952],[-117.962534,34.086734],[-117.962567,34.086669],[-117.962566,34.086625],[-117.962523,34.086493],[-117.962484,34.086373],[-117.96246,34.086306],[-117.962444,34.086256],[-117.962421,34.086185],[-117.9624092,34.0861243],[-117.9623562,34.086075],[-117.9623085,34.0860435],[-117.962245,34.086057],[-117.961202,34.086294],[-117.961001,34.086339],[-117.960611,34.086427],[-117.960395,34.086476],[-117.960133,34.086537],[-117.96006,34.086553],[-117.959707,34.086632],[-117.959354,34.086711],[-117.959263,34.086735],[-117.95912,34.086766],[-117.958791,34.086836],[-117.958478,34.086906],[-117.957979,34.087017],[-117.957857,34.087044],[-117.957675,34.087085]],[[-117.956444,34.087374],[-117.956441,34.087246],[-117.956436,34.087163],[-117.956443,34.087099],[-117.956447,34.087058],[-117.956468,34.086976],[-117.956506,34.086894],[-117.956526,34.086859],[-117.956582,34.086806],[-117.956622,34.086768],[-117.956679,34.086706],[-117.956731,34.086651],[-117.957122,34.086297],[-117.95718,34.086244],[-117.957227,34.0862]],[[-117.957839,34.085627],[-117.95856,34.084943]],[[-117.958881,34.084642],[-117.959012,34.084519],[-117.959235,34.08431]],[[-117.959608,34.08466],[-117.958407,34.085768]],[[-117.957668,34.086981],[-117.957672,34.087047],[-117.957675,34.087085]],[[-117.957041,34.087232],[-117.956596,34.08734],[-117.95658,34.087344]],[[-117.949801,34.087256],[-117.949653,34.087248]],[[-117.949704,34.086743],[-117.949713,34.086654],[-117.949723,34.086558]],[[-117.963738,34.068582],[-117.963781,34.068542],[-117.963825,34.0685]],[[-117.963906,34.068424],[-117.964055,34.068285]],[[-117.964159,34.068182],[-117.964187,34.068157],[-117.964502,34.067867]],[[-117.965745,34.066815],[-117.966209,34.066365]],[[-117.967941,34.064739],[-117.96837,34.06432],[-117.968401,34.064345]],[[-117.970287,34.065762],[-117.97045,34.065882],[-117.970603,34.065995],[-117.970748,34.066101]],[[-117.974092,34.068554],[-117.974734,34.068968]],[[-117.977149,34.070757],[-117.977184,34.070783]],[[-117.977936,34.071346],[-117.977957,34.071327],[-117.978022,34.071267]],[[-117.978024,34.071265],[-117.978149,34.07115],[-117.978197,34.071106]],[[-117.979491,34.069916],[-117.979724,34.069692],[-117.979719,34.069682]],[[-117.981252,34.068073],[-117.982262,34.067059],[-117.982347,34.066976],[-117.982615,34.066714],[-117.983096,34.066215]],[[-117.985039,34.064942],[-117.985119,34.064925],[-117.985215,34.064842]],[[-117.985296,34.064879],[-117.985342,34.064846],[-117.985587,34.06459]],[[-117.985593,34.064499],[-117.9855699,34.0644582],[-117.985517,34.064457]],[[-117.983506,34.065793],[-117.983139,34.066171],[-117.983096,34.066215],[-117.983394,34.0664],[-117.983403,34.066406],[-117.983605,34.066532]],[[-117.983817,34.066663],[-117.98388,34.066701],[-117.9841146,34.0668532],[-117.984286,34.066902],[-117.984328,34.06691],[-117.984449,34.066906],[-117.984662,34.066877]],[[-117.986726,34.066601],[-117.988592,34.066339]],[[-117.991455,34.065897],[-117.991497,34.065884],[-117.991565,34.065851]],[[-117.991865,34.06556],[-117.992234,34.065176]],[[-117.992544,34.064865],[-117.992678,34.06473],[-117.992778,34.06463],[-117.992846,34.064672],[-117.992904,34.064708],[-117.992984,34.064758],[-117.993087,34.064843],[-117.993145,34.064915]],[[-117.993745,34.067447],[-117.9936993,34.0677019],[-117.993596,34.067938],[-117.993567,34.067986]],[[-117.993189,34.068385],[-117.993109,34.06847],[-117.993024,34.068559],[-117.992418,34.069194]],[[-117.99115,34.07051],[-117.990601,34.07108],[-117.990551,34.071132]],[[-117.990641,34.071191],[-117.990713,34.071238],[-117.990792,34.071289]],[[-117.993439,34.07196],[-117.994864,34.07225],[-117.994947,34.072267]],[[-117.997204,34.072863],[-117.997192,34.072903],[-117.997156,34.073022]],[[-117.996324,34.075843],[-117.996314,34.075877],[-117.996074,34.076681],[-117.995902,34.077214],[-117.995892,34.077249],[-117.995869,34.077334]],[[-117.99372,34.078613],[-117.993662,34.078626],[-117.993471,34.07867]],[[-117.988531,34.079781],[-117.988279,34.079833]],[[-117.985456,34.080477],[-117.98522,34.080531],[-117.984901,34.080604]],[[-117.978941,34.082005],[-117.978848,34.082026],[-117.978465,34.082113]],[[-117.97555,34.082772],[-117.974862,34.082927],[-117.974721,34.082959]],[[-117.972882,34.083374],[-117.972873,34.083347],[-117.9726825,34.0834049],[-117.9726649,34.0834423],[-117.972783,34.083574]],[[-117.97348,34.084517],[-117.973489,34.08474],[-117.973497,34.084843]],[[-117.97352,34.086672],[-117.973529,34.08704],[-117.97354,34.087701],[-117.973547,34.088163]],[[-117.973552,34.088473],[-117.973554,34.088689]],[[-117.973567,34.089792],[-117.973573,34.090192],[-117.973578,34.090587],[-117.973587,34.091301]],[[-117.973589,34.091514],[-117.97359,34.091607],[-117.973591,34.091664]],[[-117.973596,34.092084],[-117.973597,34.092121]],[[-117.977989,34.092072],[-117.97802,34.092072],[-117.97828,34.09207]],[[-117.981895,34.092041],[-117.982037,34.09204],[-117.98228,34.092038]],[[-117.98333,34.093974],[-117.98323,34.094117],[-117.983059,34.094359],[-117.982861,34.09464],[-117.982738,34.094815],[-117.982606,34.095002],[-117.982577,34.095064],[-117.982548,34.095127],[-117.982535,34.095155],[-117.982529,34.095171],[-117.982511,34.095299]],[[-117.982503,34.095445],[-117.982504,34.095991],[-117.982504,34.096]],[[-117.982493,34.098128],[-117.982491,34.098373],[-117.982491,34.098397],[-117.982544,34.0984],[-117.9829423,34.0984221]],[[-117.983319,34.0985062],[-117.9836862,34.0987766],[-117.984085,34.09914]],[[-117.981074,34.101447],[-117.980335,34.102019002],[-117.979596,34.102591],[-117.979582,34.102602]],[[-117.97326,34.104481],[-117.973102,34.104576]],[[-117.973066,34.104598],[-117.972913,34.104741],[-117.972886,34.104777],[-117.972763,34.104945],[-117.9726703,34.1051945]],[[-117.971252,34.106614],[-117.9710555,34.1066185],[-117.970859,34.106623]],[[-117.970364,34.106632],[-117.970079,34.106637],[-117.970008,34.106638]],[[-117.969819,34.106641],[-117.969296,34.106649],[-117.969296,34.106621],[-117.969296,34.106594],[-117.969296,34.106025],[-117.969296,34.105902]],[[-117.96929,34.103456],[-117.969287,34.103094]],[[-117.967106,34.103122],[-117.965475,34.103144],[-117.965115,34.103149]],[[-117.963499,34.103411],[-117.963186,34.103553],[-117.9629679,34.1035986],[-117.9626369,34.1036207],[-117.962107,34.103637],[-117.961678,34.103637],[-117.961142,34.103641]],[[-117.960552,34.105566],[-117.960403,34.105567]],[[-117.958664,34.105579],[-117.957853,34.105584],[-117.957577,34.105586]],[[-117.956852,34.105591],[-117.9563124,34.1055255],[-117.955891,34.105537],[-117.955254,34.105544]],[[-117.955052,34.103262],[-117.954844,34.10326]],[[-117.946291,34.103334],[-117.945524,34.103345],[-117.94514,34.10335],[-117.944756,34.103356],[-117.944757,34.103313],[-117.944757,34.103279],[-117.94477,34.101734],[-117.944777,34.100947]],[[-117.944787,34.099902],[-117.94479,34.099841],[-117.944793,34.099753]],[[-117.94849,34.099717],[-117.948736,34.099714],[-117.949055,34.09971]],[[-117.960512,34.09525],[-117.960508,34.095075],[-117.960503,34.094776]],[[-117.960481,34.091802],[-117.960475,34.09147],[-117.960472,34.091318],[-117.960462,34.090815],[-117.960461,34.090739],[-117.96046,34.090667],[-117.960456,34.090485],[-117.960454,34.090317],[-117.960453,34.090178],[-117.960452,34.090146],[-117.96045,34.089687],[-117.960447,34.089652],[-117.960447,34.089618],[-117.960445,34.089514]],[[-117.960444,34.089395],[-117.960441,34.08918],[-117.960441,34.08915]],[[-117.960392,34.086599],[-117.960575,34.086555]],[[-117.961315,34.086376],[-117.961335,34.086429],[-117.961345,34.086455]],[[-117.961499,34.086951],[-117.9615208,34.0869666],[-117.961556,34.08696]],[[-117.962566,34.086625],[-117.962533,34.086523],[-117.962523,34.086493]],[[-117.962421,34.086185],[-117.962404,34.086131],[-117.96237,34.086029],[-117.962308,34.086043],[-117.962245,34.086057]],[[-117.956443,34.087099],[-117.9565032,34.0869628],[-117.956582,34.086806]],[[-117.956731,34.086651],[-117.957101,34.086316],[-117.95718,34.086244]]]}},{"type":"Feature","properties":{"agency_name":"City of Baldwin Park","route_id":"8925","agency_id":"7343","route_short_name":"P","route_long_name":"Pumpkin Sat","route_type":3,"route_color":"#E0813F","route_text_color":"#000000"},"geometry":{"type":"MultiLineString","coordinates":[[[-117.95722697,34.086200628],[-117.957393599,34.086043425],[-117.957560228,34.085886223],[-117.957893485,34.085571816],[-117.958226743,34.085257409],[-117.95856,34.084943],[-117.958782,34.084734],[-117.958881,34.084642],[-117.959012,34.084519],[-117.959235,34.08431],[-117.95934,34.084386],[-117.959342,34.084388],[-117.959383,34.084418],[-117.9594,34.084497],[-117.959517,34.084592],[-117.959608,34.08466],[-117.958407,34.085768],[-117.958152,34.086003],[-117.957709,34.086412],[-117.957641,34.086489],[-117.957606,34.086554],[-117.957598,34.086619],[-117.957657,34.086803],[-117.957663,34.08689],[-117.957668,34.086981],[-117.957672,34.087047],[-117.957675,34.087085],[-117.957092,34.08722],[-117.957041,34.087232],[-117.956596,34.08734],[-117.95658,34.087344],[-117.956444,34.087374],[-117.956132,34.087435],[-117.955864,34.087473],[-117.955625,34.087494],[-117.955593,34.087493],[-117.955295,34.087487],[-117.955101,34.087482],[-117.954901,34.087478],[-117.954173,34.087447],[-117.953614,34.087423],[-117.952267,34.087361],[-117.951951,34.087348],[-117.951751,34.08734],[-117.951555,34.087332],[-117.951328,34.087323],[-117.950777,34.087301],[-117.950575,34.087292],[-117.950407,34.087286],[-117.950224,34.087278],[-117.949924,34.087263],[-117.949801,34.087256],[-117.949653,34.087248],[-117.949661,34.087133],[-117.949704,34.086743],[-117.94979,34.086659],[-117.949723,34.086558],[-117.949733,34.086455],[-117.949735,34.086435],[-117.949749,34.086278],[-117.949771,34.086021],[-117.949805,34.085652],[-117.949837,34.085283],[-117.949841,34.085248],[-117.949851,34.085132],[-117.949864,34.084992],[-117.950027,34.083265],[-117.950112,34.082391],[-117.950153,34.081896],[-117.95018,34.081574],[-117.950076,34.081446],[-117.950253,34.081296],[-117.950336,34.081225],[-117.950847,34.080713],[-117.951461,34.080147],[-117.95156,34.080056],[-117.951926,34.07973],[-117.951996,34.079667],[-117.952069,34.079602],[-117.952076,34.079595],[-117.952209,34.079476],[-117.952397,34.079309],[-117.95254,34.079172],[-117.952719,34.079],[-117.952858,34.078867],[-117.952941,34.078788],[-117.953232,34.078519],[-117.953294,34.078465],[-117.953581,34.078175],[-117.953939,34.077832],[-117.953994,34.077788],[-117.954173,34.077626],[-117.954348,34.077464],[-117.954417,34.077403],[-117.954729,34.077128],[-117.955351,34.076535],[-117.955579,34.076318],[-117.955853,34.076055],[-117.956078,34.075834],[-117.95647,34.075449],[-117.956591,34.07533],[-117.956855,34.075085],[-117.957079,34.074877],[-117.9573,34.074671],[-117.957364,34.074612],[-117.957435,34.074544],[-117.957991,34.074015],[-117.958022,34.073985],[-117.958257,34.073763],[-117.958362,34.073664],[-117.958429,34.073601],[-117.958476,34.073556],[-117.95866,34.073383],[-117.958804,34.073246],[-117.95906,34.073005],[-117.959084,34.072983],[-117.959098,34.072969],[-117.959158,34.072914],[-117.95922,34.072894],[-117.959263,34.07288],[-117.959318,34.072844],[-117.959386,34.072777],[-117.959622,34.072543],[-117.960004,34.072182],[-117.960076,34.072114],[-117.960218,34.071969],[-117.960243,34.071932],[-117.960284,34.071873],[-117.96035,34.071808],[-117.960519,34.071643],[-117.960815,34.071352],[-117.961083,34.071095],[-117.961349,34.070839],[-117.961628,34.070576],[-117.96173,34.070479],[-117.962136,34.070097],[-117.962373,34.069873],[-117.962467,34.069784],[-117.962495,34.069757],[-117.962837,34.069436],[-117.963548,34.068762],[-117.963589,34.068723],[-117.963738,34.068582],[-117.963781,34.068542],[-117.963825,34.0685],[-117.963898,34.068431],[-117.963906,34.068424],[-117.964055,34.068285],[-117.964091,34.068248],[-117.964159,34.068182],[-117.964187,34.068157],[-117.964502,34.067867],[-117.964792,34.067595],[-117.96493,34.067463],[-117.965213,34.067202],[-117.965348,34.067182],[-117.965535,34.067004],[-117.965745,34.066815],[-117.966099,34.066471],[-117.966209,34.066365],[-117.96635,34.066234],[-117.966383,34.066202],[-117.966674,34.065929],[-117.966762,34.065847],[-117.967018,34.065608],[-117.967304,34.065342],[-117.967628,34.065041],[-117.967887,34.064788],[-117.967941,34.064739],[-117.968103,34.064581],[-117.96837,34.06432],[-117.968401,34.064345],[-117.968673,34.064558],[-117.968935,34.064755],[-117.969049,34.064841],[-117.969391,34.065097],[-117.969717,34.065342],[-117.970051,34.065588],[-117.970287,34.065762],[-117.97045,34.065882],[-117.970603,34.065995],[-117.970748,34.066101],[-117.970825,34.066156],[-117.971033,34.066303],[-117.971244,34.066459],[-117.971657,34.066764],[-117.971944,34.066978],[-117.97214,34.067123],[-117.972361,34.067287],[-117.97243,34.067338],[-117.972614,34.067474],[-117.972915,34.067696],[-117.973029,34.06778],[-117.97325,34.067941],[-117.973475,34.068105],[-117.973724,34.068286],[-117.974092,34.068554],[-117.974454,34.068787],[-117.974734,34.068968],[-117.974798,34.069016],[-117.974937,34.069119],[-117.975094,34.069235],[-117.97562,34.069625],[-117.975666,34.069659],[-117.975813,34.069768],[-117.975878,34.069816],[-117.976072,34.06996],[-117.976519,34.07029],[-117.976754,34.070464],[-117.976871,34.070551],[-117.977061,34.070692],[-117.977149,34.070757],[-117.977166,34.07077],[-117.977184,34.070783],[-117.97753,34.071039],[-117.977564,34.071065],[-117.977753,34.071207],[-117.977845,34.071273],[-117.977936,34.071346],[-117.977957,34.071327],[-117.978022,34.071267],[-117.978024,34.071265],[-117.978149,34.07115],[-117.978197,34.071106],[-117.978257,34.07105],[-117.978628,34.070709],[-117.978963,34.070401],[-117.979491,34.069916],[-117.979719,34.069682],[-117.979707,34.06966],[-117.979695,34.069638],[-117.97973,34.069604],[-117.979756,34.069579],[-117.98,34.069344],[-117.980056,34.069297],[-117.980128,34.069236],[-117.980149,34.069215],[-117.980329,34.069042],[-117.980636,34.06871],[-117.980959,34.068382],[-117.981,34.068339],[-117.981252,34.068073],[-117.982262,34.067059],[-117.982347,34.066976],[-117.982615,34.066714],[-117.983096,34.066215],[-117.983544,34.065754],[-117.983621,34.065675],[-117.983655,34.06564],[-117.984207,34.065081],[-117.984569,34.064713],[-117.984611,34.064671],[-117.984712,34.06473],[-117.98472,34.064767],[-117.98473,34.064813],[-117.984807,34.064864],[-117.984883,34.0649],[-117.984967,34.064939],[-117.985039,34.064942],[-117.985134,34.064912],[-117.985215,34.064842],[-117.985268,34.06488],[-117.985296,34.064879],[-117.985325,34.064864],[-117.985587,34.06459],[-117.985604,34.064572],[-117.985593,34.064499],[-117.9855699,34.0644582],[-117.985517,34.064457],[-117.985427,34.064482],[-117.985156,34.064785],[-117.98509,34.064841],[-117.985042,34.064857],[-117.985013,34.06486],[-117.984961,34.064853],[-117.98492,34.064824],[-117.984799,34.064739],[-117.984712,34.06473]],[[-117.984611,34.064671],[-117.984207,34.065081]],[[-117.983655,34.06564],[-117.983633,34.065662],[-117.983544,34.065754],[-117.983506,34.065793],[-117.983107,34.066203],[-117.983096,34.066215],[-117.983139,34.066242],[-117.983394,34.0664],[-117.983403,34.066406],[-117.983605,34.066532],[-117.983712,34.066598],[-117.983778,34.066639],[-117.983817,34.066663],[-117.98388,34.066701],[-117.9841146,34.0668532],[-117.9842836,34.0669087],[-117.984496,34.0669],[-117.984662,34.066877],[-117.984848,34.06685],[-117.985269,34.066794],[-117.986515,34.066631],[-117.986581,34.066622],[-117.986726,34.066601],[-117.988561,34.066343],[-117.988592,34.066339],[-117.988685,34.06632],[-117.988713,34.066316],[-117.989819,34.066145],[-117.990032,34.066112],[-117.990118,34.066099],[-117.991128,34.065948],[-117.99138,34.065911],[-117.991455,34.065897],[-117.991497,34.065884],[-117.991565,34.065851],[-117.99162,34.065813],[-117.991668,34.065772],[-117.991692,34.065746],[-117.99181,34.065619],[-117.991865,34.06556],[-117.992062,34.065355],[-117.992234,34.065176],[-117.992536,34.064873],[-117.992544,34.064865],[-117.9926867,34.0647352],[-117.9927657,34.064669],[-117.9928822,34.0647317],[-117.993036,34.064801],[-117.993087,34.064843],[-117.99319,34.064971],[-117.993258,34.065099],[-117.993297,34.065195],[-117.993318,34.065248],[-117.993361,34.065412],[-117.993387,34.065518],[-117.993579,34.066434],[-117.99367,34.066876],[-117.993739,34.067218],[-117.993742,34.067268],[-117.993748,34.067388],[-117.993745,34.067447],[-117.9936993,34.0677019],[-117.9935864,34.0679339],[-117.993189,34.068385],[-117.993024,34.068559],[-117.992418,34.069194],[-117.991988,34.06964],[-117.991857,34.069776],[-117.991328,34.070326],[-117.99115,34.07051],[-117.990601,34.07108],[-117.990551,34.071132],[-117.990641,34.071191],[-117.990713,34.071238],[-117.990792,34.071289],[-117.991043,34.071453],[-117.991156,34.071518],[-117.991546,34.071676],[-117.991654,34.071706],[-117.992188,34.071787],[-117.992864,34.071889],[-117.993218,34.071922],[-117.993241,34.071924],[-117.993439,34.07196],[-117.994774,34.072232],[-117.994947,34.072267],[-117.995078,34.072294],[-117.996973,34.072677],[-117.997243,34.072732],[-117.997234,34.072763],[-117.997204,34.072863],[-117.997192,34.072903],[-117.997156,34.073022],[-117.99702,34.073479],[-117.996803,34.07427],[-117.996554,34.075081],[-117.996531,34.07516],[-117.99653,34.075162],[-117.996391,34.075622],[-117.996324,34.075843],[-117.996314,34.075877],[-117.996074,34.076681],[-117.995902,34.077214],[-117.995892,34.077249],[-117.995869,34.077334],[-117.995855,34.077384],[-117.995825,34.077491],[-117.995813,34.07754],[-117.995781,34.077669],[-117.995705,34.077918],[-117.995704,34.077934],[-117.995696,34.078017],[-117.995694,34.07804],[-117.995683,34.078159],[-117.995344,34.078238],[-117.994307,34.078477],[-117.994181,34.078506],[-117.993947,34.07856],[-117.99372,34.078613],[-117.993662,34.078626],[-117.993471,34.07867],[-117.993256,34.07872],[-117.993162,34.07874],[-117.993157,34.078741],[-117.992654,34.078851],[-117.992499,34.078885],[-117.992078,34.078976],[-117.99131,34.079146],[-117.990935,34.07923],[-117.990471,34.079333],[-117.989721,34.079511],[-117.989174,34.079639],[-117.989135,34.079648],[-117.988861,34.079709],[-117.988857,34.07971],[-117.988648,34.079757],[-117.988531,34.079781],[-117.988311,34.079826],[-117.988279,34.079833],[-117.988263,34.079836],[-117.987069,34.080103],[-117.986946,34.08013],[-117.986807,34.080161],[-117.986783,34.080166],[-117.986039,34.080341],[-117.985851,34.080386],[-117.985645,34.080434],[-117.985491,34.080469],[-117.985456,34.080477],[-117.984901,34.080604],[-117.984577,34.080678],[-117.984168,34.080771],[-117.98381,34.080853],[-117.983308,34.080967],[-117.983183,34.080998],[-117.982897,34.081069],[-117.982724,34.081122],[-117.982511,34.081189],[-117.98229,34.081255],[-117.982217,34.081271],[-117.981939,34.081334],[-117.981895,34.081344],[-117.981575,34.081416],[-117.981482,34.081437],[-117.981333,34.08147],[-117.981159,34.081509],[-117.981005,34.081544],[-117.980664,34.081622],[-117.98041,34.08168],[-117.98016,34.081736],[-117.979966,34.08178],[-117.979814,34.081816],[-117.978941,34.082005],[-117.978848,34.082026],[-117.978465,34.082113],[-117.978098,34.082196],[-117.977288,34.082379],[-117.977154,34.082409],[-117.976882,34.08247],[-117.976821,34.082484],[-117.97555,34.082772],[-117.974721,34.082959],[-117.973672,34.083195],[-117.973531,34.083227],[-117.973197,34.083303],[-117.972882,34.083374],[-117.972846,34.083382],[-117.972686,34.083417],[-117.972664,34.083443],[-117.972732,34.083528],[-117.972847,34.083631],[-117.972906,34.083684],[-117.973046,34.083808],[-117.973163,34.083912],[-117.973202,34.083948],[-117.973353,34.084088],[-117.973413,34.084187],[-117.973449,34.084303],[-117.97348,34.08451],[-117.973489,34.08474],[-117.973497,34.084843],[-117.973502,34.084935],[-117.973507,34.085376],[-117.973513,34.08595],[-117.97352,34.086672],[-117.973523,34.086776],[-117.973529,34.08704],[-117.97354,34.087701],[-117.973552,34.088473],[-117.973553,34.088561],[-117.973554,34.088689],[-117.97356,34.089235],[-117.973567,34.089792],[-117.973573,34.090192],[-117.973578,34.090587],[-117.973583,34.090979],[-117.973587,34.091301],[-117.973589,34.091514],[-117.97359,34.091607],[-117.973591,34.091664],[-117.973592,34.091719],[-117.973592,34.091774],[-117.973593,34.091826],[-117.973594,34.09193],[-117.973596,34.092084],[-117.973584,34.092121],[-117.973597,34.092121],[-117.973653,34.092121],[-117.973774,34.09212],[-117.9739,34.092119],[-117.974046,34.092118],[-117.974118,34.092118],[-117.974332,34.092116],[-117.974722,34.092114],[-117.974879,34.092112],[-117.974987,34.092112],[-117.97546,34.092109],[-117.975586,34.092108],[-117.975787,34.092106],[-117.976106,34.092101],[-117.976282,34.0921],[-117.976496,34.092096],[-117.976823,34.09209],[-117.977058,34.092086],[-117.977724,34.092076],[-117.977989,34.092072],[-117.97802,34.092072],[-117.97828,34.09207],[-117.979116,34.092066],[-117.979629,34.092063],[-117.980717,34.09204],[-117.981544,34.092041],[-117.981776,34.092041],[-117.981895,34.092041],[-117.982037,34.09204],[-117.98228,34.092038],[-117.982317,34.092037],[-117.982489,34.092033],[-117.983339,34.092031],[-117.984329,34.092014],[-117.984353,34.092014],[-117.984389,34.092013],[-117.984436,34.092013],[-117.984403,34.092226],[-117.984355,34.09243],[-117.984136,34.092771],[-117.983912,34.093122],[-117.983789,34.093303],[-117.983678,34.093466],[-117.98333,34.093974],[-117.98323,34.094117],[-117.983059,34.094359],[-117.982861,34.09464],[-117.982738,34.094815],[-117.982606,34.095002],[-117.982577,34.095064],[-117.982548,34.095127],[-117.982535,34.095155],[-117.982529,34.095171],[-117.982511,34.095299],[-117.982503,34.095358],[-117.982503,34.095389],[-117.982503,34.095445],[-117.982504,34.095991],[-117.982504,34.096],[-117.982504,34.09628],[-117.982504,34.096657],[-117.982502,34.096962],[-117.9825,34.097216],[-117.982498,34.097479],[-117.982493,34.098128],[-117.982492,34.09827],[-117.982491,34.098397],[-117.982746,34.098412],[-117.982895,34.09842],[-117.983114,34.098438],[-117.983415,34.098587],[-117.983522,34.098671],[-117.983672,34.098789],[-117.983724,34.098829],[-117.983834,34.098926],[-117.983881,34.098963],[-117.984076,34.09912],[-117.984094,34.099134],[-117.984085,34.09914],[-117.98375,34.099376],[-117.983548,34.099533],[-117.983384,34.09966],[-117.9828065,34.1001065],[-117.982229,34.100553],[-117.981468,34.101142],[-117.981074,34.101447],[-117.979596,34.102591],[-117.979582,34.102602],[-117.979178,34.102215],[-117.979005,34.10205],[-117.97874,34.101796],[-117.978732,34.101789],[-117.978614,34.101676],[-117.978413,34.101579],[-117.978351,34.101574],[-117.97828,34.101577],[-117.978181,34.101581],[-117.97807,34.101645],[-117.977834,34.101781],[-117.977204,34.102142],[-117.977144,34.102176],[-117.977052,34.102232],[-117.976131,34.102765],[-117.976031,34.102824],[-117.975982,34.102853],[-117.975447,34.103174],[-117.975369,34.103221],[-117.9744,34.1038],[-117.974354,34.103827],[-117.974134,34.103959],[-117.973911,34.104092],[-117.973504,34.104336],[-117.973348,34.104429],[-117.97326,34.104481],[-117.973153,34.104546],[-117.973066,34.104598],[-117.972913,34.104741],[-117.972886,34.104777],[-117.972763,34.104945],[-117.972739,34.10501],[-117.972686,34.105153],[-117.97268,34.105195],[-117.9726489,34.1053275],[-117.972653,34.105469],[-117.972685,34.105821],[-117.972687,34.105844],[-117.972687,34.106417],[-117.972688,34.10649],[-117.972011,34.10655],[-117.971648,34.106584],[-117.97134,34.106612],[-117.971252,34.106614],[-117.970859,34.106623],[-117.970775,34.106625],[-117.970656,34.106627],[-117.970364,34.106632],[-117.970079,34.106637],[-117.970008,34.106638],[-117.969819,34.106641],[-117.969328,34.106649],[-117.969296,34.106594],[-117.969296,34.106025],[-117.969296,34.105999],[-117.969296,34.105902],[-117.969296,34.10581],[-117.969296,34.105686],[-117.969296,34.105484],[-117.969296,34.104842],[-117.969298,34.104404],[-117.96929,34.103456],[-117.969287,34.103117],[-117.969287,34.103094],[-117.969287,34.10308],[-117.969229,34.103094],[-117.968127,34.103097],[-117.967106,34.103122],[-117.965115,34.103149],[-117.964909,34.103152],[-117.964745,34.103151],[-117.964309,34.103151],[-117.964215,34.10317],[-117.964079,34.103206],[-117.963931,34.103245],[-117.963763,34.103291],[-117.963678,34.10333],[-117.963499,34.103411],[-117.963186,34.103553],[-117.963112,34.103587],[-117.962974,34.103617],[-117.962938,34.103625],[-117.962712,34.103636],[-117.962107,34.103637],[-117.961678,34.103637],[-117.961142,34.103641],[-117.960743,34.103643],[-117.96065,34.103643],[-117.960543,34.103644],[-117.960544,34.103699],[-117.960545,34.1038],[-117.960547,34.10397],[-117.960549,34.104109],[-117.960554,34.104544],[-117.960553,34.105189],[-117.960552,34.105566],[-117.960403,34.105567],[-117.959786,34.10557],[-117.959516,34.105572],[-117.959437,34.105574],[-117.958664,34.105579],[-117.957853,34.105584],[-117.957577,34.105586],[-117.957444,34.105587],[-117.956852,34.105591],[-117.956311,34.105537],[-117.956278,34.105533],[-117.955254,34.105544],[-117.955058,34.105546],[-117.955057,34.105218],[-117.955056,34.105022],[-117.955056,34.104914],[-117.955055,34.104596],[-117.955055,34.104561],[-117.955055,34.104495],[-117.955054,34.104059],[-117.955053,34.10378],[-117.955052,34.103277],[-117.955052,34.103262],[-117.954659,34.103259],[-117.953996,34.103253],[-117.95396,34.103253],[-117.952888,34.103256],[-117.952196,34.10326],[-117.951778,34.103262],[-117.950661,34.103285],[-117.949044,34.103295],[-117.948479,34.103294],[-117.94785,34.10331],[-117.947272,34.103314],[-117.947033,34.103319],[-117.94679,34.103324],[-117.946591,34.103328],[-117.946291,34.103334],[-117.944957,34.103353],[-117.944756,34.103356],[-117.944757,34.103279],[-117.94477,34.101734],[-117.944777,34.100947],[-117.944781,34.10053],[-117.944777,34.100173],[-117.944778,34.100156],[-117.944785,34.099963],[-117.944787,34.099902],[-117.94479,34.099841],[-117.944793,34.099753],[-117.94482,34.099753],[-117.946297,34.099739],[-117.947622,34.099721],[-117.947942,34.099719],[-117.94849,34.099717],[-117.948736,34.099714],[-117.949055,34.09971],[-117.950698,34.099688],[-117.951346,34.099681],[-117.951749,34.099675],[-117.951874,34.099673],[-117.952171,34.09967],[-117.952327,34.099668],[-117.953316,34.099651],[-117.953886,34.099652],[-117.953947,34.099647],[-117.954489,34.099641],[-117.954492,34.099641],[-117.954532,34.099641],[-117.954597,34.099642],[-117.95464,34.099643],[-117.954674,34.099643],[-117.95478,34.099643],[-117.954964,34.099642],[-117.955023,34.099641],[-117.955062,34.099641],[-117.955154,34.099635],[-117.955158,34.099635],[-117.955297,34.099632],[-117.955615,34.099624],[-117.955808,34.099622],[-117.955938,34.099624],[-117.956002,34.099624],[-117.956039,34.099624],[-117.956518,34.099617],[-117.956663,34.099615],[-117.956666,34.099615],[-117.957265,34.099604],[-117.957717,34.099596],[-117.958097,34.099586],[-117.958278,34.099581],[-117.958319,34.09958],[-117.958542,34.099575],[-117.959337,34.099575],[-117.959426,34.099575],[-117.959976,34.099568],[-117.960348,34.099566],[-117.960405,34.099566],[-117.960508,34.099565],[-117.960549,34.099565],[-117.960549,34.099555],[-117.960548,34.099526],[-117.960537,34.099259],[-117.960537,34.099245],[-117.960536,34.099134],[-117.960536,34.099053],[-117.960529,34.09876],[-117.960532,34.098624],[-117.960532,34.098194],[-117.96052,34.097741],[-117.960522,34.097172],[-117.960521,34.096835],[-117.960521,34.096659],[-117.960521,34.096439],[-117.960519,34.096012],[-117.960518,34.095774],[-117.960512,34.095513],[-117.960512,34.09551],[-117.960512,34.09525],[-117.960508,34.095075],[-117.960503,34.094776],[-117.9605,34.09465],[-117.9605,34.094578],[-117.960494,34.094098],[-117.960493,34.09395],[-117.960499,34.093662],[-117.960495,34.093053],[-117.960494,34.092783],[-117.960493,34.092663],[-117.960492,34.092448],[-117.960492,34.092445],[-117.960491,34.092297],[-117.960485,34.092016],[-117.960483,34.0919],[-117.960481,34.091829],[-117.960481,34.091802],[-117.960475,34.09147],[-117.960472,34.091318],[-117.960462,34.090815],[-117.960461,34.090739],[-117.96046,34.090667],[-117.960456,34.090485],[-117.960454,34.090317],[-117.960453,34.090178],[-117.960452,34.090146],[-117.96045,34.089687],[-117.960447,34.089652],[-117.960447,34.089618],[-117.960444,34.089411],[-117.960444,34.089398],[-117.960444,34.089395],[-117.960444,34.089371],[-117.960441,34.08915],[-117.960421,34.088587],[-117.960419,34.08851],[-117.960418,34.08842],[-117.960414,34.088258],[-117.960396,34.087292],[-117.960395,34.087255],[-117.960386,34.086803],[-117.960387,34.086781],[-117.960387,34.086766],[-117.960392,34.086599],[-117.960436,34.086588],[-117.960575,34.086555],[-117.96108,34.086433],[-117.961109,34.086426],[-117.961315,34.086376],[-117.961345,34.086455],[-117.961382,34.086554],[-117.961499,34.086951],[-117.961505,34.086972],[-117.961521,34.086968]],[[-117.961505,34.086972],[-117.961593,34.086952],[-117.962534,34.086734],[-117.962567,34.086669],[-117.962566,34.086625],[-117.962543,34.086554],[-117.962523,34.086493],[-117.962484,34.086373],[-117.96246,34.086306],[-117.962444,34.086256],[-117.962421,34.086185],[-117.9624092,34.0861243],[-117.96237,34.086029],[-117.962308,34.086043],[-117.961202,34.086294],[-117.961001,34.086339],[-117.960611,34.086427],[-117.960395,34.086476],[-117.960133,34.086537],[-117.96006,34.086553],[-117.959707,34.086632],[-117.959354,34.086711],[-117.959263,34.086735],[-117.95912,34.086766],[-117.958791,34.086836],[-117.958478,34.086906],[-117.957979,34.087017],[-117.957857,34.087044],[-117.957675,34.087085]],[[-117.957041,34.087232],[-117.95658,34.087344]],[[-117.956444,34.087374],[-117.956441,34.087246],[-117.956436,34.087163],[-117.956443,34.087099],[-117.9565032,34.0869628],[-117.956582,34.086806],[-117.956622,34.086768],[-117.956679,34.086706],[-117.956731,34.086651],[-117.957101,34.086316],[-117.95718,34.086244],[-117.957227,34.0862]]]}},{"type":"Feature","properties":{"agency_name":"City of Baldwin Park","route_id":"8926","agency_id":"7343","route_short_name":"P","route_long_name":"Pumpkin Sun","route_type":3,"route_color":"#E0813F","route_text_color":"#000000"},"geometry":{"type":"MultiLineString","coordinates":[[[-117.957222881,34.086200743],[-117.957316,34.086117],[-117.957839,34.085627],[-117.95856,34.084943],[-117.958782,34.084734],[-117.958881,34.084642],[-117.959012,34.084519],[-117.959235,34.08431],[-117.95934,34.084386],[-117.959342,34.084388],[-117.959383,34.084418],[-117.959403,34.084509],[-117.959517,34.084592],[-117.959608,34.08466],[-117.958407,34.085768],[-117.958152,34.086003],[-117.957709,34.086412],[-117.957641,34.086489],[-117.957606,34.086554],[-117.957598,34.086619],[-117.957657,34.086803],[-117.957663,34.08689],[-117.957668,34.086981],[-117.957672,34.087047],[-117.957675,34.087085],[-117.957092,34.08722],[-117.957041,34.087232],[-117.956596,34.08734],[-117.95658,34.087344],[-117.956444,34.087374],[-117.956132,34.087435],[-117.955864,34.087473],[-117.955625,34.087494],[-117.955593,34.087493],[-117.955295,34.087487],[-117.955101,34.087482],[-117.954901,34.087478],[-117.954173,34.087447],[-117.953614,34.087423],[-117.952267,34.087361],[-117.951951,34.087348],[-117.951751,34.08734],[-117.951555,34.087332],[-117.951328,34.087323],[-117.950777,34.087301],[-117.950575,34.087292],[-117.950407,34.087286],[-117.950224,34.087278],[-117.949924,34.087263],[-117.949801,34.087256],[-117.949653,34.087248],[-117.949661,34.087133],[-117.949704,34.086743],[-117.94979,34.086659],[-117.949723,34.086558],[-117.949733,34.086455],[-117.949735,34.086435],[-117.949749,34.086278],[-117.949771,34.086021],[-117.949805,34.085652],[-117.949837,34.085283],[-117.949841,34.085248],[-117.949851,34.085132],[-117.949864,34.084992],[-117.949938,34.084207],[-117.950027,34.083265],[-117.950052,34.083012],[-117.950112,34.082391],[-117.950153,34.081896],[-117.950052,34.083012],[-117.950171,34.081676],[-117.95018,34.081574],[-117.950076,34.081446],[-117.950253,34.081296],[-117.950336,34.081225],[-117.950847,34.080713],[-117.951461,34.080147],[-117.95156,34.080056],[-117.951926,34.07973],[-117.951996,34.079667],[-117.952069,34.079602],[-117.952076,34.079595],[-117.952209,34.079476],[-117.952397,34.079309],[-117.95254,34.079172],[-117.952579,34.079135],[-117.952719,34.079],[-117.952858,34.078867],[-117.952941,34.078788],[-117.953232,34.078519],[-117.953294,34.078465],[-117.953581,34.078175],[-117.953939,34.077832],[-117.953994,34.077788],[-117.954173,34.077626],[-117.954348,34.077464],[-117.954417,34.077403],[-117.954729,34.077128],[-117.955351,34.076535],[-117.955579,34.076318],[-117.955853,34.076055],[-117.956078,34.075834],[-117.95647,34.075449],[-117.956591,34.07533],[-117.956855,34.075085],[-117.957079,34.074877],[-117.9573,34.074671],[-117.957364,34.074612],[-117.957991,34.074015],[-117.958022,34.073985],[-117.958257,34.073763],[-117.958362,34.073664],[-117.958429,34.073601],[-117.958476,34.073556],[-117.95866,34.073383],[-117.958804,34.073246],[-117.95906,34.073005],[-117.959084,34.072983],[-117.959098,34.072969],[-117.959158,34.072914],[-117.959263,34.07288],[-117.959318,34.072844],[-117.959386,34.072777],[-117.959622,34.072543],[-117.960004,34.072182],[-117.960076,34.072114],[-117.96019,34.072008],[-117.960217,34.071969],[-117.960243,34.071932],[-117.960284,34.071873],[-117.96035,34.071808],[-117.960519,34.071643],[-117.960815,34.071352],[-117.961083,34.071095],[-117.961349,34.070839],[-117.961628,34.070576],[-117.96173,34.070479],[-117.962136,34.070097],[-117.962373,34.069873],[-117.962467,34.069784],[-117.962495,34.069757],[-117.962837,34.069436],[-117.963548,34.068762],[-117.963738,34.068582],[-117.963781,34.068542],[-117.963825,34.0685],[-117.963898,34.068431],[-117.963906,34.068424],[-117.964055,34.068285],[-117.964091,34.068248],[-117.964159,34.068182],[-117.964187,34.068157],[-117.964502,34.067867],[-117.964792,34.067595],[-117.96493,34.067463],[-117.965213,34.067202],[-117.965348,34.067182],[-117.965535,34.067004],[-117.965745,34.066815],[-117.966099,34.066471],[-117.966209,34.066365],[-117.96635,34.066234],[-117.966383,34.066202],[-117.966674,34.065929],[-117.966762,34.065847],[-117.967018,34.065608],[-117.967304,34.065342],[-117.967628,34.065041],[-117.967887,34.064788],[-117.967941,34.064739],[-117.968103,34.064581],[-117.96837,34.06432],[-117.968401,34.064345],[-117.968673,34.064558],[-117.968935,34.064755],[-117.969049,34.064841],[-117.969391,34.065097],[-117.969717,34.065342],[-117.970051,34.065588],[-117.970287,34.065762],[-117.97045,34.065882],[-117.970603,34.065995],[-117.970748,34.066101],[-117.970825,34.066156],[-117.971033,34.066303],[-117.971244,34.066459],[-117.971657,34.066764],[-117.971944,34.066978],[-117.97214,34.067123],[-117.972361,34.067287],[-117.97243,34.067338],[-117.972614,34.067474],[-117.972915,34.067696],[-117.973029,34.06778],[-117.97325,34.067941],[-117.97336,34.068021],[-117.973475,34.068105],[-117.973533,34.068147],[-117.973724,34.068286],[-117.974092,34.068554],[-117.974734,34.068968],[-117.974798,34.069016],[-117.974937,34.069119],[-117.975094,34.069235],[-117.975182,34.0693],[-117.975342,34.069419],[-117.975506,34.06954],[-117.975666,34.069659],[-117.975718,34.069698],[-117.975813,34.069768],[-117.975878,34.069816],[-117.976072,34.06996],[-117.976519,34.07029],[-117.976754,34.070464],[-117.976871,34.070551],[-117.977061,34.070692],[-117.977149,34.070757],[-117.977166,34.07077],[-117.977184,34.070783],[-117.97753,34.071039],[-117.977564,34.071065],[-117.977753,34.071207],[-117.977845,34.071273],[-117.977936,34.071346],[-117.978022,34.071267],[-117.978024,34.071265],[-117.978197,34.071106],[-117.978628,34.070709],[-117.978963,34.070401],[-117.979362,34.070034],[-117.979491,34.069916],[-117.979719,34.069682],[-117.979695,34.069638],[-117.97973,34.069604],[-117.979756,34.069579],[-117.98,34.069344],[-117.980056,34.069297],[-117.980128,34.069236],[-117.980149,34.069215],[-117.980329,34.069042],[-117.980636,34.06871],[-117.980959,34.068382],[-117.981,34.068339],[-117.981252,34.068073],[-117.982262,34.067059],[-117.982347,34.066976],[-117.982615,34.066714],[-117.983096,34.066215],[-117.983544,34.065754],[-117.983655,34.06564],[-117.984207,34.065081],[-117.984569,34.064713],[-117.984611,34.064671],[-117.984712,34.06473],[-117.98472,34.064767],[-117.98473,34.064813],[-117.984807,34.064864],[-117.984883,34.0649],[-117.984967,34.064939],[-117.985039,34.064942],[-117.985134,34.064912],[-117.985215,34.064842],[-117.985268,34.06488],[-117.985296,34.064879],[-117.985325,34.064864],[-117.985604,34.064572],[-117.98559,34.064494],[-117.98556,34.064445],[-117.985517,34.064457],[-117.985427,34.064482],[-117.985156,34.064785],[-117.98509,34.064841],[-117.985042,34.064857],[-117.985013,34.06486],[-117.984961,34.064853],[-117.98492,34.064824],[-117.984799,34.064739],[-117.984712,34.06473]],[[-117.983655,34.06564],[-117.983633,34.065662],[-117.983544,34.065754],[-117.983506,34.065793],[-117.983107,34.066203],[-117.983096,34.066215],[-117.983139,34.066242],[-117.983394,34.0664],[-117.983403,34.066406],[-117.983605,34.066532],[-117.983712,34.066598],[-117.983778,34.066639],[-117.983817,34.066663],[-117.983896,34.06671],[-117.984023,34.066784],[-117.984124,34.066842],[-117.984229,34.066891],[-117.984286,34.066902],[-117.984496,34.0669],[-117.984662,34.066877],[-117.984848,34.06685],[-117.985269,34.066794],[-117.985582,34.066753],[-117.986515,34.066631],[-117.986581,34.066622],[-117.986726,34.066601],[-117.988561,34.066343],[-117.988592,34.066339],[-117.988685,34.06632],[-117.989819,34.066145],[-117.990032,34.066112],[-117.990118,34.066099],[-117.991128,34.065948],[-117.99138,34.065911],[-117.991455,34.065897],[-117.991515,34.065879],[-117.991565,34.065851],[-117.99162,34.065813],[-117.991668,34.065772],[-117.991692,34.065746],[-117.99181,34.065619],[-117.991865,34.06556],[-117.992062,34.065355],[-117.992234,34.065176],[-117.992536,34.064873],[-117.992544,34.064865],[-117.992678,34.06473],[-117.992778,34.06463],[-117.992793,34.064639],[-117.992846,34.064672],[-117.992904,34.064708],[-117.992984,34.064758],[-117.993036,34.064801],[-117.993145,34.064915],[-117.99319,34.064971],[-117.993258,34.065099],[-117.993297,34.065195],[-117.993318,34.065248],[-117.993361,34.065412],[-117.993387,34.065518],[-117.993539,34.066243],[-117.993579,34.066434],[-117.99367,34.066876],[-117.993739,34.067218],[-117.993748,34.067388],[-117.993745,34.067447],[-117.993737,34.067576],[-117.993712,34.067705],[-117.993688,34.067779],[-117.993627,34.067886],[-117.993596,34.067938],[-117.993567,34.067986],[-117.993482,34.068085],[-117.993361,34.068205],[-117.993189,34.068385],[-117.993024,34.068559],[-117.992418,34.069194],[-117.991988,34.06964],[-117.991857,34.069776],[-117.991328,34.070326],[-117.99115,34.07051],[-117.990551,34.071132],[-117.990641,34.071191],[-117.990792,34.071289],[-117.991043,34.071453],[-117.991156,34.071518],[-117.991546,34.071676],[-117.991654,34.071706],[-117.992188,34.071787],[-117.992864,34.071889],[-117.993241,34.071924],[-117.993439,34.07196],[-117.994774,34.072232],[-117.994947,34.072267],[-117.995078,34.072294],[-117.9961605,34.072513],[-117.997243,34.072732],[-117.997234,34.072763],[-117.997204,34.072863],[-117.997198,34.072883],[-117.997156,34.073022],[-117.99702,34.073479],[-117.996803,34.07427],[-117.996554,34.075081],[-117.996531,34.07516],[-117.99653,34.075162],[-117.996391,34.075622],[-117.996324,34.075843],[-117.996314,34.075877],[-117.996074,34.076681],[-117.995902,34.077214],[-117.995892,34.077249],[-117.995869,34.077334],[-117.995825,34.077491],[-117.995813,34.07754],[-117.995781,34.077669],[-117.995705,34.077918],[-117.995704,34.077934],[-117.995696,34.078017],[-117.995694,34.07804],[-117.995683,34.078159],[-117.995344,34.078238],[-117.994307,34.078477],[-117.994181,34.078506],[-117.993947,34.07856],[-117.99372,34.078613],[-117.993662,34.078626],[-117.993471,34.07867],[-117.993256,34.07872],[-117.993162,34.07874],[-117.993157,34.078741],[-117.992654,34.078851],[-117.992499,34.078885],[-117.992078,34.078976],[-117.99131,34.079146],[-117.990935,34.07923],[-117.990471,34.079333],[-117.989721,34.079511],[-117.989174,34.079639],[-117.989135,34.079648],[-117.988861,34.079709],[-117.988857,34.07971],[-117.988648,34.079757],[-117.988311,34.079826],[-117.988279,34.079833],[-117.988263,34.079836],[-117.987069,34.080103],[-117.986946,34.08013],[-117.986807,34.080161],[-117.986783,34.080166],[-117.986039,34.080341],[-117.985851,34.080386],[-117.985645,34.080434],[-117.985491,34.080469],[-117.985456,34.080477],[-117.98522,34.080531],[-117.984901,34.080604],[-117.984577,34.080678],[-117.984168,34.080771],[-117.98381,34.080853],[-117.983308,34.080967],[-117.983183,34.080998],[-117.982897,34.081069],[-117.982724,34.081122],[-117.982511,34.081189],[-117.98229,34.081255],[-117.982217,34.081271],[-117.981939,34.081334],[-117.981895,34.081344],[-117.981575,34.081416],[-117.981482,34.081437],[-117.981333,34.08147],[-117.981159,34.081509],[-117.981005,34.081544],[-117.98041,34.08168],[-117.98016,34.081736],[-117.979966,34.08178],[-117.979814,34.081816],[-117.978941,34.082005],[-117.978848,34.082026],[-117.978465,34.082113],[-117.978098,34.082196],[-117.977288,34.082379],[-117.977154,34.082409],[-117.976882,34.08247],[-117.976821,34.082484],[-117.97555,34.082772],[-117.974721,34.082959],[-117.973672,34.083195],[-117.973531,34.083227],[-117.973197,34.083303],[-117.972882,34.083374],[-117.972846,34.083382],[-117.972686,34.083417],[-117.97265,34.083425],[-117.972664,34.083443],[-117.972732,34.083528],[-117.972783,34.083574],[-117.9729923,34.0837609],[-117.973202,34.083948],[-117.973353,34.084088],[-117.973413,34.084187],[-117.973447,34.084287],[-117.97348,34.084517],[-117.973489,34.084736],[-117.973497,34.084843],[-117.973501,34.084891],[-117.973502,34.084935],[-117.973507,34.085376],[-117.973513,34.08595],[-117.97352,34.086672],[-117.973529,34.08704],[-117.97354,34.087701],[-117.973552,34.088473],[-117.973553,34.088561],[-117.973554,34.088689],[-117.97356,34.089235],[-117.973567,34.089792],[-117.973573,34.090192],[-117.973578,34.090587],[-117.973587,34.091301],[-117.973589,34.091514],[-117.97359,34.091607],[-117.973591,34.091664],[-117.973592,34.091752],[-117.973593,34.091826],[-117.973594,34.09193],[-117.973597,34.092121],[-117.973774,34.09212],[-117.9739,34.092119],[-117.974046,34.092118],[-117.974118,34.092118],[-117.974332,34.092116],[-117.974722,34.092114],[-117.974879,34.092112],[-117.974987,34.092112],[-117.97546,34.092109],[-117.975586,34.092108],[-117.975787,34.092106],[-117.975839,34.092105],[-117.976106,34.092101],[-117.976282,34.0921],[-117.976496,34.092096],[-117.976823,34.09209],[-117.977058,34.092086],[-117.977724,34.092076],[-117.977989,34.092072],[-117.97828,34.09207],[-117.979116,34.092066],[-117.979629,34.092063],[-117.980717,34.09204],[-117.981544,34.092041],[-117.981776,34.092041],[-117.981895,34.092041],[-117.982048,34.09204],[-117.98228,34.092038],[-117.982317,34.092037],[-117.982489,34.092033],[-117.983339,34.092031],[-117.984329,34.092014],[-117.984353,34.092014],[-117.984389,34.092013],[-117.984436,34.092013],[-117.984403,34.092226],[-117.984355,34.09243],[-117.984136,34.092771],[-117.983912,34.093122],[-117.983789,34.093303],[-117.983678,34.093466],[-117.983343,34.093956],[-117.98323,34.094117],[-117.983059,34.094359],[-117.982861,34.09464],[-117.982606,34.095002],[-117.982577,34.095064],[-117.982548,34.095127],[-117.982535,34.095155],[-117.982511,34.095299],[-117.982504,34.095991],[-117.982504,34.096],[-117.982504,34.09628],[-117.982504,34.096657],[-117.982502,34.096962],[-117.9825,34.097216],[-117.982498,34.097479],[-117.982493,34.098128],[-117.982492,34.09827],[-117.9824866,34.0983726],[-117.9825442,34.0984023],[-117.9829423,34.0984221],[-117.983319,34.0985062],[-117.983672,34.098789],[-117.983724,34.098829],[-117.983834,34.098926],[-117.983881,34.098963],[-117.984076,34.09912],[-117.984094,34.099134],[-117.984085,34.09914],[-117.98375,34.099376],[-117.983548,34.099533],[-117.983384,34.09966],[-117.982229,34.100553],[-117.981468,34.101142],[-117.981074,34.101447],[-117.979596,34.102591],[-117.979582,34.102602],[-117.979178,34.102215],[-117.979005,34.10205],[-117.978732,34.101789],[-117.978614,34.101676],[-117.978413,34.101579],[-117.978351,34.101574],[-117.97828,34.101577],[-117.978181,34.101581],[-117.978154,34.101597],[-117.97807,34.101645],[-117.977834,34.101781],[-117.977204,34.102142],[-117.977144,34.102176],[-117.977052,34.102232],[-117.976131,34.102765],[-117.976031,34.102824],[-117.975982,34.102853],[-117.975447,34.103174],[-117.975369,34.103221],[-117.9744,34.1038],[-117.974354,34.103827],[-117.974134,34.103959],[-117.973911,34.104092],[-117.973504,34.104336],[-117.973348,34.104429],[-117.97326,34.104481],[-117.973102,34.104576],[-117.973066,34.104598],[-117.972913,34.104741],[-117.972886,34.104777],[-117.972763,34.104945],[-117.972739,34.10501],[-117.972686,34.105153],[-117.97268,34.105195],[-117.9726489,34.1053275],[-117.972653,34.105469],[-117.972685,34.105821],[-117.972687,34.105844],[-117.972687,34.106417],[-117.972688,34.106455],[-117.972688,34.10649],[-117.972011,34.10655],[-117.971648,34.106584],[-117.97134,34.106612],[-117.970859,34.106623],[-117.970775,34.106625],[-117.970656,34.106627],[-117.970364,34.106632],[-117.970079,34.106637],[-117.970008,34.106638],[-117.969819,34.106641],[-117.969296,34.106649],[-117.969296,34.106025],[-117.969296,34.105902],[-117.969296,34.10581],[-117.969296,34.105686],[-117.969296,34.105484],[-117.969296,34.104842],[-117.969298,34.104404],[-117.96929,34.103456],[-117.969287,34.103117],[-117.969287,34.103094],[-117.969229,34.103094],[-117.968127,34.103097],[-117.967106,34.103122],[-117.965475,34.103144],[-117.965115,34.103149],[-117.964909,34.103152],[-117.964745,34.103151],[-117.964309,34.103151],[-117.964215,34.10317],[-117.963931,34.103245],[-117.963763,34.103291],[-117.963678,34.10333],[-117.963499,34.103411],[-117.963186,34.103553],[-117.962974,34.103617],[-117.962938,34.103625],[-117.962712,34.103636],[-117.962637,34.103636],[-117.962107,34.103637],[-117.961678,34.103637],[-117.961279,34.10364],[-117.961142,34.103641],[-117.960743,34.103643],[-117.96065,34.103643],[-117.960543,34.103644],[-117.960544,34.103699],[-117.960545,34.1038],[-117.960547,34.10397],[-117.960549,34.104109],[-117.960553,34.104438],[-117.960554,34.104544],[-117.960552,34.105566],[-117.960403,34.105567],[-117.959786,34.10557],[-117.959516,34.105572],[-117.959437,34.105574],[-117.958664,34.105579],[-117.957853,34.105584],[-117.957577,34.105586],[-117.957444,34.105587],[-117.956852,34.105591],[-117.956802,34.105591],[-117.956664,34.105576],[-117.956585,34.105567],[-117.956311,34.105537],[-117.956278,34.105533],[-117.955254,34.105544],[-117.955058,34.105546],[-117.955057,34.105218],[-117.955056,34.105022],[-117.955056,34.104914],[-117.955055,34.104596],[-117.955055,34.104561],[-117.955055,34.104495],[-117.955054,34.104059],[-117.955053,34.10378],[-117.955052,34.103277],[-117.955052,34.103262],[-117.955013,34.103262],[-117.954844,34.10326],[-117.953996,34.103253],[-117.95396,34.103253],[-117.952888,34.103256],[-117.952196,34.10326],[-117.951778,34.103262],[-117.950661,34.103285],[-117.949044,34.103295],[-117.948479,34.103294],[-117.94785,34.10331],[-117.947272,34.103314],[-117.947033,34.103319],[-117.94679,34.103324],[-117.946291,34.103334],[-117.944957,34.103353],[-117.944756,34.103356],[-117.944757,34.103279],[-117.944769012,34.101903154],[-117.944781,34.10053],[-117.944777,34.100173],[-117.944778,34.100156],[-117.944785,34.099963],[-117.944787,34.099902],[-117.944793,34.099753],[-117.94482,34.099753],[-117.946297,34.099739],[-117.947622,34.099721],[-117.947942,34.099719],[-117.94849,34.099717],[-117.949055,34.09971],[-117.950698,34.099688],[-117.951346,34.099681],[-117.951749,34.099675],[-117.952171,34.09967],[-117.952327,34.099668],[-117.953316,34.099651],[-117.953886,34.099652],[-117.953947,34.099647],[-117.954492,34.099641],[-117.954597,34.099642],[-117.95464,34.099643],[-117.954674,34.099643],[-117.95478,34.099643],[-117.954964,34.099642],[-117.955023,34.099641],[-117.955062,34.099641],[-117.955154,34.099635],[-117.955158,34.099635],[-117.955297,34.099632],[-117.955615,34.099624],[-117.955808,34.099622],[-117.955938,34.099624],[-117.956002,34.099624],[-117.956039,34.099624],[-117.956518,34.099617],[-117.956663,34.099615],[-117.956666,34.099615],[-117.957265,34.099604],[-117.957717,34.099596],[-117.958278,34.099581],[-117.958319,34.09958],[-117.958542,34.099575],[-117.959337,34.099575],[-117.959426,34.099575],[-117.959976,34.099568],[-117.960348,34.099566],[-117.960405,34.099566],[-117.960508,34.099565],[-117.960549,34.099565],[-117.960549,34.099555],[-117.960548,34.099526],[-117.960537,34.099259],[-117.960537,34.099245],[-117.960536,34.099134],[-117.960536,34.099053],[-117.960529,34.09876],[-117.960532,34.098624],[-117.960532,34.098194],[-117.96052,34.097741],[-117.960522,34.097172],[-117.960522,34.097102],[-117.960521,34.096835],[-117.960521,34.096659],[-117.960521,34.096439],[-117.960519,34.096012],[-117.960518,34.095774],[-117.960512,34.095513],[-117.960512,34.09551],[-117.960512,34.09525],[-117.960503,34.094776],[-117.9605,34.09465],[-117.9605,34.094578],[-117.960494,34.094098],[-117.960493,34.09395],[-117.960499,34.093662],[-117.960495,34.093053],[-117.960494,34.092783],[-117.960493,34.092663],[-117.960492,34.092448],[-117.960492,34.092445],[-117.960491,34.092297],[-117.960485,34.092027],[-117.960485,34.092016],[-117.960483,34.0919],[-117.960481,34.091829],[-117.960481,34.091802],[-117.960475,34.09147],[-117.960472,34.091318],[-117.960462,34.090815],[-117.960461,34.090739],[-117.96046,34.090667],[-117.960456,34.090485],[-117.960454,34.090317],[-117.960453,34.090178],[-117.960452,34.090146],[-117.96045,34.089687],[-117.960447,34.089652],[-117.960447,34.089618],[-117.960445,34.089514],[-117.960444,34.089395],[-117.960441,34.08915],[-117.960421,34.088587],[-117.960419,34.08851],[-117.960418,34.08842],[-117.960414,34.088258],[-117.960396,34.087292],[-117.960395,34.087255],[-117.960386,34.086803],[-117.960387,34.086781],[-117.960387,34.086766],[-117.960392,34.086599],[-117.960436,34.086588],[-117.960575,34.086555],[-117.96108,34.086433],[-117.961109,34.086426],[-117.961315,34.086376],[-117.961345,34.086455],[-117.961382,34.086554],[-117.961499,34.086951],[-117.961505,34.086972],[-117.961521,34.086968],[-117.961556,34.08696],[-117.961593,34.086952],[-117.962534,34.086734],[-117.962567,34.086669],[-117.962566,34.086625],[-117.962523,34.086493],[-117.962484,34.086373],[-117.96246,34.086306],[-117.962444,34.086256],[-117.962421,34.086185],[-117.962404,34.086131],[-117.96237,34.086029],[-117.962308,34.086043],[-117.962245,34.086057],[-117.961202,34.086294],[-117.961001,34.086339],[-117.960611,34.086427],[-117.960395,34.086476],[-117.960133,34.086537],[-117.959741,34.086624],[-117.959707,34.086632],[-117.959354,34.086711],[-117.959263,34.086735],[-117.95912,34.086766],[-117.958791,34.086836],[-117.958478,34.086906],[-117.957979,34.087017],[-117.957857,34.087044],[-117.957675,34.087085]],[[-117.957041,34.087232],[-117.95658,34.087344],[-117.956444,34.087365],[-117.956441,34.087246],[-117.956436,34.087163],[-117.956443,34.087099],[-117.956447,34.087058],[-117.956468,34.086976],[-117.956478,34.086955],[-117.956582,34.086806],[-117.956622,34.086768],[-117.956679,34.086706],[-117.956731,34.086651],[-117.957101,34.086316],[-117.95718,34.086244],[-117.957227,34.0862]]]}},{"type":"Feature","properties":{"agency_name":"City of Baldwin Park","route_id":"8928","agency_id":"7343","route_short_name":"T","route_long_name":"Teal","route_type":3,"route_color":"#8FE3FD","route_text_color":"#000000"},"geometry":{"type":"MultiLineString","coordinates":[[[-117.957274,34.086156],[-117.957556,34.085891],[-117.957839,34.085627],[-117.95856,34.084943],[-117.958782,34.084734],[-117.95887,34.084652],[-117.958881,34.084642],[-117.958983,34.084546],[-117.959235,34.08431],[-117.959245,34.084317],[-117.95934,34.084386],[-117.959342,34.084388],[-117.959383,34.084418],[-117.959403,34.084509],[-117.959517,34.084592],[-117.959608,34.08466],[-117.958407,34.085768],[-117.958152,34.086003],[-117.957709,34.086412],[-117.95764,34.08649],[-117.95762,34.086527],[-117.957606,34.086554],[-117.957597,34.086625],[-117.957657,34.086803],[-117.957663,34.08689],[-117.957668,34.086981],[-117.957671,34.087031],[-117.957675,34.087085],[-117.957683,34.087203],[-117.957709,34.087197],[-117.957796,34.087178],[-117.957838,34.087168],[-117.95816,34.087096],[-117.958269,34.087072],[-117.958512,34.087017],[-117.958645,34.086985],[-117.959329,34.086832],[-117.95951,34.086793],[-117.959738,34.086744],[-117.95982,34.086727],[-117.960182,34.086649],[-117.960203,34.086645],[-117.960392,34.086599],[-117.960531,34.086566],[-117.9613246,34.0864258],[-117.9613985,34.086644],[-117.9614288,34.086731],[-117.9614536,34.086817],[-117.9614935,34.0869393],[-117.9615168,34.0869572],[-117.961553,34.086961],[-117.961593,34.086952],[-117.962534,34.086734],[-117.962538,34.086726],[-117.962575,34.086652],[-117.962561,34.086608],[-117.962534,34.086528],[-117.96252,34.086482],[-117.962484,34.086373],[-117.96246,34.086306],[-117.962444,34.086256],[-117.962421,34.086184],[-117.962404,34.086131],[-117.962416,34.086128],[-117.9623603,34.0860625],[-117.962281,34.086049],[-117.961243,34.086285],[-117.961202,34.086294],[-117.961001,34.086339],[-117.960611,34.086427],[-117.960503,34.086452],[-117.960395,34.086476],[-117.960394,34.086527],[-117.960392,34.086599],[-117.96039,34.086651],[-117.960387,34.086766],[-117.960387,34.086781],[-117.960386,34.086803],[-117.960395,34.087255],[-117.960396,34.087292],[-117.960414,34.088258],[-117.960418,34.08842],[-117.960419,34.08851],[-117.960421,34.088587],[-117.960428,34.088778],[-117.960434,34.088956],[-117.960441,34.08915],[-117.960444,34.08937],[-117.960444,34.089395],[-117.960444,34.089398],[-117.960444,34.089411],[-117.960447,34.089618],[-117.960447,34.089652],[-117.96045,34.089687],[-117.960452,34.090146],[-117.960453,34.090178],[-117.960454,34.090317],[-117.960456,34.090485],[-117.96046,34.090667],[-117.960461,34.090739],[-117.960462,34.090815],[-117.960472,34.091318],[-117.960475,34.09147],[-117.960479,34.091701],[-117.960481,34.091802],[-117.960481,34.091812],[-117.960481,34.091829],[-117.960483,34.0919],[-117.960483,34.091923],[-117.960485,34.092033],[-117.960491,34.092297],[-117.960492,34.092445],[-117.960492,34.092448],[-117.960493,34.092663],[-117.960494,34.092783],[-117.960495,34.093053],[-117.960495,34.093078],[-117.960499,34.093662],[-117.960493,34.09395],[-117.960494,34.094098],[-117.9605,34.094578],[-117.9605,34.09465],[-117.960503,34.094777],[-117.960492,34.092448],[-117.960492,34.092521],[-117.960493,34.092663]],[[-117.960495,34.093053],[-117.960462,34.093053],[-117.960509,34.09508],[-117.960512,34.09525],[-117.960512,34.09551],[-117.960512,34.095513],[-117.960518,34.095774],[-117.960519,34.095925],[-117.960519,34.096012],[-117.960521,34.096439],[-117.960521,34.096659],[-117.960521,34.096835],[-117.960522,34.097093],[-117.960522,34.097172],[-117.96052,34.097741],[-117.960532,34.098194],[-117.960532,34.098624],[-117.960529,34.09876],[-117.960533,34.098947],[-117.960536,34.099053],[-117.960536,34.099135],[-117.960537,34.099245],[-117.960538,34.099281],[-117.960547,34.099508],[-117.960549,34.099565],[-117.960508,34.099565],[-117.960341,34.099566],[-117.959976,34.099568],[-117.959426,34.099575],[-117.958542,34.099575],[-117.958319,34.09958],[-117.958031,34.099588],[-117.957717,34.099596],[-117.957265,34.099604],[-117.956666,34.099615],[-117.956663,34.099615],[-117.956518,34.099617],[-117.956039,34.099624],[-117.956002,34.099624],[-117.955938,34.099624],[-117.955808,34.099622],[-117.955615,34.099624],[-117.955297,34.099632],[-117.955158,34.099635],[-117.955154,34.099635],[-117.955062,34.099641],[-117.955023,34.099641],[-117.954964,34.099642],[-117.954674,34.099643],[-117.95464,34.099643],[-117.954629,34.099643],[-117.954597,34.099642],[-117.954518,34.099641],[-117.952175,34.09967],[-117.951814,34.099674],[-117.951749,34.099675],[-117.951346,34.099681],[-117.950698,34.099688],[-117.949033,34.09971],[-117.948882,34.099712],[-117.948735,34.099714],[-117.94849,34.099717],[-117.947942,34.099719],[-117.947622,34.099721],[-117.946297,34.099739],[-117.944855,34.099752],[-117.944793,34.099753],[-117.944791,34.099796],[-117.944776,34.0999631],[-117.9447755,34.1000496],[-117.9447743,34.1001641],[-117.944781,34.100557],[-117.944771,34.101728],[-117.944757,34.103279],[-117.944756,34.103344],[-117.944756,34.103356],[-117.944958,34.103353],[-117.945019,34.103352],[-117.946596,34.103328],[-117.94679,34.103324],[-117.947033,34.103319],[-117.947272,34.103314],[-117.94785,34.10331],[-117.948479,34.103294],[-117.949044,34.103295],[-117.950492,34.103286],[-117.950661,34.103285],[-117.951778,34.103262],[-117.952196,34.10326],[-117.952888,34.103256],[-117.95396,34.103253],[-117.953996,34.103253],[-117.95474,34.103259],[-117.954874,34.10326],[-117.954949,34.103261],[-117.95502,34.103262],[-117.955052,34.103262],[-117.955052,34.103299],[-117.955053,34.10378],[-117.955054,34.104059],[-117.955055,34.104495],[-117.955055,34.104561],[-117.955055,34.104596],[-117.955056,34.104914],[-117.955056,34.105022],[-117.955057,34.105227],[-117.955058,34.105489],[-117.9550729,34.1055438],[-117.955357,34.105543],[-117.956278,34.105533],[-117.956355,34.105542],[-117.956585,34.105567],[-117.956664,34.105576],[-117.956802,34.105591],[-117.957444,34.105587],[-117.957577,34.105586],[-117.957898,34.105584],[-117.958664,34.105579],[-117.959437,34.105574],[-117.959516,34.105572],[-117.959786,34.10557],[-117.960403,34.105567],[-117.960512,34.105566],[-117.960552,34.105566],[-117.960553,34.105202],[-117.960554,34.104544],[-117.960549,34.104109],[-117.960547,34.10397],[-117.960545,34.1038],[-117.960544,34.10369],[-117.960543,34.103644],[-117.961332,34.10364],[-117.961678,34.103637],[-117.962681,34.103636],[-117.962712,34.103636],[-117.962854,34.103629],[-117.962938,34.103625],[-117.963112,34.103587],[-117.963212,34.103541],[-117.963678,34.10333],[-117.963763,34.103291],[-117.963791,34.103283],[-117.963931,34.103245],[-117.964076,34.103207],[-117.964309,34.103151],[-117.964745,34.103151],[-117.964909,34.103152],[-117.965115,34.103149],[-117.965451,34.103144],[-117.967106,34.103122],[-117.968127,34.103097],[-117.969228,34.103094],[-117.969287,34.103094],[-117.969287,34.103151],[-117.96929,34.103456],[-117.969298,34.104404],[-117.969296,34.104842],[-117.969296,34.105484],[-117.969296,34.105686],[-117.969296,34.105818],[-117.969296,34.10592],[-117.969296,34.105962],[-117.969296,34.106025],[-117.969296,34.106649],[-117.969296,34.1067],[-117.969297,34.106754],[-117.969366,34.106753],[-117.969476,34.106752],[-117.969482,34.106752],[-117.970222,34.106745],[-117.970282,34.106745],[-117.970775,34.10674],[-117.970924,34.106739],[-117.970972,34.106737],[-117.971248,34.106732],[-117.971376,34.106723],[-117.971709,34.106701],[-117.971864,34.106689],[-117.971876,34.106688],[-117.972687,34.106619],[-117.972688,34.10649],[-117.972687,34.106444],[-117.972687,34.106417],[-117.972687,34.105844],[-117.972685,34.105821],[-117.972649,34.105427],[-117.972652,34.105404],[-117.972669,34.105282],[-117.972686,34.105153],[-117.972739,34.10501],[-117.972776,34.104925],[-117.972886,34.104777],[-117.972895,34.104765],[-117.972913,34.104741],[-117.973049,34.104608],[-117.973102,34.104576],[-117.9732,34.104518],[-117.973234,34.104497],[-117.973272,34.104475],[-117.973348,34.104429],[-117.973381,34.104409],[-117.973504,34.104336],[-117.973911,34.104092],[-117.974134,34.103959],[-117.974354,34.103827],[-117.9744,34.1038],[-117.975369,34.103221],[-117.975447,34.103174],[-117.975982,34.102853],[-117.976031,34.102824],[-117.976131,34.102765],[-117.976598704,34.102494331],[-117.977052,34.102232],[-117.977144,34.102176],[-117.977204,34.102142],[-117.977834,34.101781],[-117.978078,34.10164],[-117.978152,34.101597],[-117.978181,34.101581],[-117.978351,34.101574],[-117.978399,34.101572],[-117.978436,34.10159],[-117.978529,34.101635],[-117.978614,34.101676],[-117.978732,34.101789],[-117.978753,34.101809],[-117.978884,34.101934],[-117.978921,34.10197],[-117.978942,34.10199],[-117.97902,34.102064],[-117.979178,34.102215],[-117.979556,34.102577],[-117.979582,34.102602],[-117.979615,34.102576],[-117.981074,34.101447],[-117.981468,34.101142],[-117.982229,34.100553],[-117.983384,34.09966],[-117.983548,34.099533],[-117.98375,34.099376],[-117.98402,34.099186],[-117.984085,34.09914],[-117.984094,34.099134],[-117.984076,34.09912],[-117.984014,34.09907],[-117.983881,34.098963],[-117.983834,34.098926],[-117.983724,34.098829],[-117.983682,34.098796],[-117.983522,34.098671],[-117.983415,34.098587],[-117.983114,34.098438],[-117.982895,34.09842],[-117.982746,34.098412],[-117.982491,34.098397],[-117.982491,34.098361],[-117.982492,34.098319],[-117.9825142,34.0982678],[-117.9825122,34.0982063],[-117.982492,34.098206],[-117.982493,34.098121],[-117.982498,34.097479],[-117.9825,34.097216],[-117.982502,34.096962],[-117.982502,34.096948],[-117.982503,34.095445],[-117.982503,34.095389],[-117.982503,34.095358],[-117.982511,34.095299],[-117.982535,34.095155],[-117.98256,34.095101],[-117.982577,34.095064],[-117.982606,34.095002],[-117.982739,34.094813],[-117.982861,34.09464],[-117.983059,34.094359],[-117.98323,34.094117],[-117.98335,34.093945],[-117.983678,34.093466],[-117.983912,34.093122],[-117.984136,34.092771],[-117.98434,34.092454],[-117.984376,34.092397],[-117.984436,34.092013],[-117.984389,34.092013],[-117.984352,34.092014],[-117.984329,34.092014],[-117.983339,34.092031],[-117.982489,34.092033],[-117.98228,34.092038],[-117.982205,34.092039],[-117.982048,34.09204],[-117.981895,34.092041],[-117.981776,34.092041],[-117.981544,34.092041],[-117.980717,34.09204],[-117.979629,34.092063],[-117.979116,34.092066],[-117.97828,34.09207],[-117.977989,34.092072],[-117.977829,34.092074],[-117.977724,34.092076],[-117.977705,34.092076],[-117.977058,34.092086],[-117.976823,34.09209],[-117.976496,34.092096],[-117.976282,34.0921],[-117.976106,34.092101],[-117.975787,34.092106],[-117.975586,34.092108],[-117.97546,34.092109],[-117.974987,34.092112],[-117.974879,34.092112],[-117.974722,34.092114],[-117.974332,34.092116],[-117.974118,34.092118],[-117.974046,34.092118],[-117.9739,34.092119],[-117.973774,34.09212],[-117.973597,34.092121],[-117.973596,34.092043],[-117.973594,34.09193],[-117.973593,34.091819],[-117.973592,34.091752],[-117.973591,34.091664],[-117.97359,34.091595],[-117.973589,34.091514],[-117.973588,34.091398],[-117.973587,34.091301],[-117.973578,34.090587],[-117.973572,34.090187],[-117.973567,34.089792],[-117.97356,34.089235],[-117.973554,34.088676],[-117.973553,34.088607],[-117.9735603,34.0885502],[-117.973547,34.08815],[-117.973529,34.08704],[-117.973523,34.086783],[-117.97352,34.086672],[-117.973513,34.08595],[-117.973507,34.085376],[-117.973501,34.084891],[-117.973497,34.084836],[-117.973488,34.084721],[-117.97348,34.08451],[-117.973447,34.084287],[-117.973438,34.08426],[-117.973413,34.084187],[-117.973362,34.084103],[-117.973181,34.083929],[-117.973163,34.083912],[-117.973046,34.083808],[-117.972906,34.083684],[-117.972847,34.083631],[-117.972759,34.083552],[-117.972732,34.083528],[-117.972924,34.083488],[-117.972957,34.083481],[-117.973025,34.083465],[-117.973578,34.083341],[-117.974375,34.083157],[-117.97476,34.083071],[-117.976481,34.082685],[-117.976858,34.082601],[-117.976981,34.082573],[-117.97737,34.082484],[-117.978555,34.082214],[-117.978982,34.082117],[-117.979594,34.08198],[-117.97998,34.081894],[-117.980183,34.081848],[-117.980771,34.081716],[-117.98087,34.081694],[-117.981007,34.081663],[-117.981193,34.08162],[-117.982207,34.081388],[-117.982312,34.081364],[-117.982425,34.081328],[-117.982535,34.081294],[-117.982921,34.081173],[-117.982999,34.081154],[-117.983342,34.081071],[-117.983757,34.080976],[-117.985292,34.080626],[-117.985358,34.08061],[-117.985455,34.080586],[-117.985532,34.080567],[-117.985551,34.080562],[-117.985694,34.080527],[-117.98653,34.080336],[-117.986821,34.080267],[-117.986898,34.08025],[-117.987506,34.080112],[-117.988399,34.079909],[-117.988574,34.079869],[-117.988654,34.079851],[-117.988737,34.079833],[-117.989182,34.079738],[-117.989207,34.079732],[-117.989812,34.079586],[-117.990308,34.079467],[-117.991009,34.07931],[-117.991319,34.07924],[-117.99218,34.079046],[-117.992833,34.078904],[-117.993304,34.078805],[-117.993492,34.078761],[-117.993585,34.078739],[-117.993696,34.078714],[-117.994311,34.078571],[-117.995295,34.078346],[-117.995579,34.078281],[-117.995693,34.078255],[-117.995719,34.078249],[-117.995683,34.078159],[-117.995694,34.07804],[-117.995696,34.078017],[-117.995704,34.077934],[-117.995705,34.077918],[-117.995781,34.077669],[-117.995813,34.07754],[-117.995825,34.077491],[-117.995843,34.077426],[-117.995863,34.077353],[-117.995875,34.077312],[-117.995902,34.077214],[-117.996074,34.076681],[-117.996314,34.075877],[-117.996359,34.075728],[-117.99653,34.075162],[-117.996531,34.07516],[-117.996554,34.075081],[-117.996615,34.074881],[-117.996803,34.07427],[-117.99702,34.073479],[-117.99719,34.072908],[-117.997243,34.072732],[-117.997231,34.07273],[-117.996969,34.072677],[-117.9949599,34.0722458],[-117.9948688,34.0722274],[-117.994778,34.0722085],[-117.9932093,34.071913],[-117.9920913,34.0717685],[-117.9918139,34.0717263],[-117.991566,34.0716685],[-117.9913663,34.0715913],[-117.9911587,34.0714986],[-117.9908064,34.0712764],[-117.9907321,34.0712286],[-117.9906537,34.0711782],[-117.9905994,34.0711433],[-117.9906331,34.0711058],[-117.9918429,34.069845209],[-117.9930527,34.0685846],[-117.9931217,34.0685158],[-117.9932239,34.0684104],[-117.9934541,34.068176],[-117.993644,34.067935],[-117.9937597,34.067683],[-117.9937962,34.0674221],[-117.9937795,34.0672324],[-117.9935709,34.0662262],[-117.9934448,34.0656238],[-117.9933241,34.0651814],[-117.9931474,34.0648916],[-117.993014,34.064783],[-117.992984,34.064758],[-117.992846,34.064672],[-117.992778,34.06463],[-117.992734,34.064674],[-117.992679,34.064729],[-117.992617,34.064791],[-117.992536,34.064873],[-117.992234,34.065176],[-117.99205,34.065367],[-117.991865,34.06556],[-117.99181,34.065619],[-117.99169,34.065748],[-117.9915884,34.0658209],[-117.9915014,34.0658668],[-117.9887206,34.0662902],[-117.9886072,34.0663049],[-117.9885483,34.0663155],[-117.986715,34.066603],[-117.986633,34.066614],[-117.986568,34.066624],[-117.986515,34.066631],[-117.985559,34.066756],[-117.985269,34.066794],[-117.984848,34.06685],[-117.984662,34.066877],[-117.984487,34.066901],[-117.9843729,34.0668742],[-117.9842863,34.0668576],[-117.9841266,34.0668065],[-117.983872,34.066696],[-117.983817,34.066663],[-117.983778,34.066639],[-117.983712,34.066598],[-117.983403,34.066406],[-117.983394,34.0664],[-117.983147,34.066247],[-117.983096,34.066215],[-117.983513,34.065786],[-117.983544,34.065754],[-117.983574,34.065724],[-117.983655,34.06564],[-117.984115,34.065174],[-117.984207,34.065081],[-117.984569,34.064713],[-117.984611,34.064671],[-117.984712,34.06473],[-117.98472,34.064767],[-117.98473,34.064813],[-117.984807,34.064864],[-117.984883,34.0649],[-117.984977,34.064939],[-117.985039,34.064942],[-117.985128,34.064917],[-117.985134,34.064912],[-117.985215,34.064842],[-117.985268,34.06488],[-117.985296,34.064879],[-117.98534,34.064848],[-117.985604,34.064572],[-117.985599,34.064509],[-117.98556,34.064445],[-117.985446,34.064477],[-117.985214,34.06472],[-117.985156,34.064785],[-117.985104,34.064831],[-117.985066,34.064853],[-117.985042,34.064857],[-117.985002,34.064861],[-117.984953,34.064848],[-117.98492,34.064824],[-117.984799,34.064739],[-117.984712,34.06473],[-117.984644,34.06469],[-117.984611,34.064671]],[[-117.984207,34.065081],[-117.983655,34.06564],[-117.983544,34.065754],[-117.983482,34.065817],[-117.983096,34.066215],[-117.982615,34.066714],[-117.982469,34.066856],[-117.982343,34.06698],[-117.982021,34.067301],[-117.981252,34.068073],[-117.981,34.068339],[-117.980959,34.068382],[-117.980636,34.06871],[-117.980348,34.069021],[-117.980329,34.069042],[-117.980149,34.069215],[-117.980128,34.069236],[-117.980056,34.069297],[-117.98,34.069344],[-117.979756,34.069579],[-117.97973,34.069604],[-117.979695,34.069638],[-117.979675,34.069634],[-117.979624,34.069624],[-117.979377,34.069855],[-117.9792764,34.0699207],[-117.979203,34.070019],[-117.978922,34.070282],[-117.978872,34.070328],[-117.978829,34.070364],[-117.978387,34.070775],[-117.978204,34.070943],[-117.978195,34.070951],[-117.978126,34.071015],[-117.9780425,34.0710865],[-117.9778866,34.0712355],[-117.977852,34.071268],[-117.977807,34.071246],[-117.977753,34.071207],[-117.977564,34.071065],[-117.97753,34.071039],[-117.977184,34.070783],[-117.977149,34.070757],[-117.977061,34.070692],[-117.977043,34.070679],[-117.976072,34.06996],[-117.975911,34.06984],[-117.975878,34.069816],[-117.975745,34.069718],[-117.9756231,34.0696225],[-117.9750846,34.0692413],[-117.974483,34.068806],[-117.974092,34.068554],[-117.973724,34.068286],[-117.973533,34.068147],[-117.973475,34.068105],[-117.97336,34.068021],[-117.97325,34.067941],[-117.973207,34.06791],[-117.973029,34.06778],[-117.972915,34.067696],[-117.972614,34.067474],[-117.97243,34.067338],[-117.972361,34.067287],[-117.97214,34.067123],[-117.971944,34.066978],[-117.971657,34.066764],[-117.971244,34.066459],[-117.971033,34.066303],[-117.970825,34.066156],[-117.970671,34.066045],[-117.970588,34.065984],[-117.970514,34.065929],[-117.970472,34.065898],[-117.97043,34.065867],[-117.970287,34.065762],[-117.970051,34.065588],[-117.969717,34.065342],[-117.969391,34.065097],[-117.969049,34.064841],[-117.968935,34.064755],[-117.968673,34.064558],[-117.96837,34.06432],[-117.968275,34.064245],[-117.968218,34.064299],[-117.968125,34.064387],[-117.968105,34.064406],[-117.967965,34.064539],[-117.967906,34.064595],[-117.967804,34.064691],[-117.967481,34.064995],[-117.967273,34.06519],[-117.966912,34.06553],[-117.966834,34.065604],[-117.966355,34.066056],[-117.966249,34.066157],[-117.966092,34.066312],[-117.965235,34.067097],[-117.965213,34.067202],[-117.96493,34.067463],[-117.964792,34.067595],[-117.964502,34.067867],[-117.964239,34.068109],[-117.964159,34.068182],[-117.964091,34.068248],[-117.964055,34.068285],[-117.963906,34.068424],[-117.963898,34.068431],[-117.963825,34.0685],[-117.963738,34.068582],[-117.963548,34.068762],[-117.963503,34.068805],[-117.962837,34.069436],[-117.962495,34.069757],[-117.962467,34.069784],[-117.962373,34.069873],[-117.962136,34.070097],[-117.96173,34.070479],[-117.961628,34.070576],[-117.961349,34.070839],[-117.961083,34.071095],[-117.960815,34.071352],[-117.960519,34.071643],[-117.96035,34.071808],[-117.960284,34.071873],[-117.96015,34.071947],[-117.959571,34.072467],[-117.959212,34.072804],[-117.959158,34.072914],[-117.959098,34.072969],[-117.959084,34.072983],[-117.95906,34.073005],[-117.958804,34.073246],[-117.95866,34.073383],[-117.958476,34.073556],[-117.958429,34.073601],[-117.958257,34.073763],[-117.958022,34.073985],[-117.957991,34.074015],[-117.957364,34.074612],[-117.9573,34.074671],[-117.957079,34.074877],[-117.956855,34.075085],[-117.956591,34.07533],[-117.95647,34.075449],[-117.956078,34.075834],[-117.955853,34.076055],[-117.955708,34.076194],[-117.955579,34.076318],[-117.954729,34.077128],[-117.954417,34.077403],[-117.954348,34.077464],[-117.954173,34.077626],[-117.953994,34.077788],[-117.953939,34.077832],[-117.953581,34.078175],[-117.953294,34.078465],[-117.953232,34.078519],[-117.952941,34.078788],[-117.952858,34.078867],[-117.952719,34.079],[-117.952579,34.079135],[-117.952397,34.079309],[-117.952209,34.079476],[-117.952076,34.079595],[-117.952069,34.079602],[-117.951996,34.079667],[-117.951926,34.07973],[-117.95156,34.080056],[-117.951461,34.080147],[-117.950847,34.080713],[-117.950336,34.081225],[-117.950159,34.081376],[-117.950076,34.081446],[-117.95018,34.081574],[-117.950112,34.082391],[-117.950027,34.083265],[-117.95001,34.083442],[-117.949991,34.083651],[-117.94997,34.083871],[-117.949932785,34.084264569],[-117.949864,34.084992],[-117.949851,34.085132],[-117.949841,34.085248],[-117.949837,34.085283],[-117.949805,34.085652],[-117.949771,34.086021],[-117.949749,34.086278],[-117.949735,34.086435],[-117.949733,34.086455],[-117.949709,34.086697],[-117.949704,34.086743],[-117.949661,34.087133],[-117.949653,34.087248],[-117.949638,34.087352],[-117.949743,34.087357],[-117.949819,34.08736],[-117.950104,34.087375],[-117.950324,34.087387],[-117.950557,34.087399],[-117.950967,34.087416],[-117.951483,34.087438],[-117.951725,34.087448],[-117.951824,34.087452],[-117.952238,34.087469],[-117.952566,34.087484],[-117.953098,34.087507],[-117.95316,34.08751],[-117.953575,34.087528],[-117.953684,34.087533],[-117.954172,34.087556],[-117.954464,34.087569],[-117.954696,34.087581],[-117.95485,34.087589],[-117.954949,34.087594],[-117.955284,34.087612],[-117.955515,34.087609],[-117.95555,34.087608],[-117.955667,34.087603],[-117.9558,34.087596],[-117.955985,34.087571],[-117.956133,34.08755],[-117.956178,34.087541],[-117.956424,34.087493],[-117.956448,34.087488],[-117.956473,34.087482],[-117.95647,34.087454],[-117.956444,34.087374],[-117.956443,34.087339],[-117.956441,34.087246],[-117.956437,34.087158],[-117.956447,34.087058],[-117.956467,34.08698],[-117.956506,34.086894],[-117.956526,34.086859],[-117.956583,34.086805],[-117.956622,34.086768],[-117.956679,34.086706],[-117.956731,34.086651],[-117.956924,34.086476],[-117.95718,34.086244],[-117.957274,34.086156]],[[-117.957235,34.086193],[-117.957839,34.085627]],[[-117.958983,34.084546],[-117.959245,34.084317]],[[-117.959608,34.08466],[-117.959526,34.084735],[-117.958407,34.085768]],[[-117.958152,34.086003],[-117.9579312,34.0862068],[-117.957709,34.086412]],[[-117.957671,34.087031],[-117.957677,34.0871691],[-117.957709,34.087197],[-117.957799,34.087177],[-117.957838,34.087168],[-117.95817,34.087094],[-117.958269,34.087072]],[[-117.958645,34.086985],[-117.959181,34.086865],[-117.959329,34.086832],[-117.959738,34.086744],[-117.959777,34.086736],[-117.95982,34.086727],[-117.960203,34.086645]],[[-117.960392,34.086599],[-117.960575,34.086555],[-117.96108,34.086433],[-117.961109,34.086426],[-117.961315,34.086376],[-117.961333,34.086424],[-117.961345,34.086455],[-117.961382,34.086554],[-117.961408,34.086642],[-117.9614288,34.086731]],[[-117.9623603,34.0860625],[-117.9622807,34.0860489],[-117.962171,34.086074],[-117.961243,34.086285]],[[-117.960611,34.086427],[-117.960395,34.086476],[-117.960392,34.086599]],[[-117.960481,34.091802],[-117.960481,34.091829]],[[-117.960483,34.091923],[-117.960485,34.092016],[-117.960491,34.092297]],[[-117.960495,34.093053],[-117.960499,34.093662]],[[-117.960503,34.094777],[-117.960506,34.094955],[-117.960509,34.09508]],[[-117.960518,34.095774],[-117.960519,34.096012]],[[-117.960538,34.099281],[-117.960549,34.099555],[-117.960549,34.099565]],[[-117.960508,34.099565],[-117.960479,34.099565],[-117.960408,34.099566],[-117.960341,34.099566]],[[-117.959426,34.099575],[-117.959337,34.099575],[-117.958542,34.099575]],[[-117.958319,34.09958],[-117.958265,34.099581],[-117.958031,34.099588]],[[-117.954964,34.099642],[-117.954781,34.099643],[-117.954674,34.099643]],[[-117.954629,34.099643],[-117.954518,34.099641],[-117.954492,34.099641],[-117.954489,34.099641],[-117.953947,34.099647],[-117.953886,34.099652],[-117.953316,34.099651],[-117.952327,34.099668],[-117.952175,34.09967],[-117.952021,34.099672],[-117.951814,34.099674]],[[-117.944791,34.099796],[-117.944785,34.099963],[-117.9447755,34.1000496]],[[-117.944757,34.103279],[-117.944757,34.103315],[-117.944756,34.103356],[-117.944788,34.103356],[-117.944903,34.103354],[-117.945019,34.103352],[-117.946291,34.103334],[-117.946596,34.103328]],[[-117.954874,34.10326],[-117.9549489,34.1032661],[-117.955052,34.103262]],[[-117.955056,34.105022],[-117.955058,34.105489],[-117.955058,34.105546],[-117.955073,34.105546],[-117.955357,34.105543],[-117.955598,34.10554],[-117.956278,34.105533]],[[-117.956802,34.105591],[-117.95686,34.105591],[-117.957444,34.105587]],[[-117.960552,34.105566],[-117.960552,34.105519],[-117.960553,34.105202]],[[-117.960545,34.1038],[-117.960543,34.103644],[-117.960582,34.103644],[-117.960631,34.103644],[-117.960743,34.103643],[-117.961142,34.103641],[-117.961332,34.10364]],[[-117.963212,34.103541],[-117.963532,34.103396],[-117.963678,34.10333]],[[-117.963763,34.103291],[-117.963931,34.103245]],[[-117.964076,34.103207],[-117.964215,34.10317],[-117.964309,34.103151]],[[-117.965451,34.103144],[-117.966279,34.103133],[-117.967106,34.103122],[-117.967339,34.103116],[-117.968127,34.103097]],[[-117.969228,34.103094],[-117.967339,34.103116],[-117.969287,34.103094]],[[-117.969296,34.105962],[-117.969296,34.105994],[-117.969296,34.106025],[-117.969296,34.106599],[-117.969296,34.106649],[-117.969297,34.106754]],[[-117.970282,34.106745],[-117.970627,34.106741],[-117.970972,34.106737]],[[-117.971248,34.106732],[-117.971709,34.106701]],[[-117.971876,34.106688],[-117.972352,34.106647],[-117.972687,34.106619]],[[-117.972669,34.105282],[-117.972685,34.105164],[-117.972739,34.10501],[-117.972766,34.104938],[-117.972886,34.104777]],[[-117.973049,34.104608],[-117.973076,34.104591],[-117.973102,34.104576],[-117.973234,34.104497]],[[-117.973348,34.104429],[-117.973504,34.104336]],[[-117.976131,34.102765],[-117.977052,34.102232]],[[-117.978436,34.10159],[-117.978614,34.101676]],[[-117.978732,34.101789],[-117.978884,34.101934]],[[-117.978942,34.10199],[-117.979178,34.102215],[-117.979288,34.10232],[-117.979556,34.102577]],[[-117.979615,34.102576],[-117.980345,34.102012],[-117.981074,34.101447]],[[-117.984076,34.09912],[-117.983881,34.098963]],[[-117.983415,34.098587],[-117.983291,34.098525],[-117.983114,34.098438]],[[-117.982746,34.098412],[-117.982514,34.098398],[-117.982491,34.098397],[-117.982492,34.098206]],[[-117.982502,34.096962],[-117.982504,34.096657],[-117.982504,34.09628],[-117.982504,34.096],[-117.982503,34.095645],[-117.9825238,34.0952912],[-117.9825415,34.0951984],[-117.98256,34.095101]],[[-117.982606,34.095002],[-117.982861,34.09464]],[[-117.98323,34.094117],[-117.983246,34.094094],[-117.98335,34.093945]],[[-117.983678,34.093466],[-117.983797,34.093292],[-117.983912,34.093122]],[[-117.98434,34.092454],[-117.984433,34.0922252],[-117.984436,34.092013]],[[-117.982489,34.092033],[-117.982332,34.092037],[-117.98228,34.092038]],[[-117.97828,34.09207],[-117.978012,34.092072],[-117.977989,34.092072]],[[-117.977724,34.092076],[-117.977058,34.092086]],[[-117.976823,34.09209],[-117.976746,34.092091],[-117.976496,34.092096]],[[-117.973593,34.091819],[-117.973592,34.091764],[-117.973592,34.091752]],[[-117.973589,34.091514],[-117.973589,34.091488],[-117.973588,34.091398]],[[-117.973507,34.085376],[-117.973501,34.08492],[-117.973501,34.084891]],[[-117.973497,34.084836],[-117.973492,34.084779],[-117.973488,34.084721],[-117.973478,34.084496],[-117.973447,34.084287],[-117.973413,34.084187]],[[-117.973362,34.084103],[-117.973353,34.084088],[-117.973181,34.083929]],[[-117.972847,34.083631],[-117.972796,34.083585],[-117.972732,34.083528]],[[-117.972924,34.083488],[-117.973025,34.083465]],[[-117.976981,34.082573],[-117.977143,34.082536],[-117.97737,34.082484]],[[-117.97998,34.081894],[-117.980202,34.081844],[-117.98052,34.081773],[-117.980771,34.081716]],[[-117.982207,34.081388],[-117.982267,34.081374],[-117.982312,34.081364]],[[-117.983342,34.081071],[-117.985252,34.080635],[-117.985292,34.080626]],[[-117.985694,34.080527],[-117.986193,34.080413],[-117.98653,34.080336]],[[-117.988399,34.079909],[-117.988506,34.079885],[-117.988654,34.079851]],[[-117.993304,34.078805],[-117.993471,34.078766],[-117.993492,34.078761]],[[-117.995825,34.077491],[-117.995863,34.077353]],[[-117.99702,34.073479],[-117.997161,34.073005],[-117.99719,34.072908]],[[-117.996969,34.072677],[-117.995078,34.072294],[-117.994953,34.072269],[-117.994862,34.07225],[-117.994771,34.072231],[-117.993439,34.07196],[-117.993241,34.071924],[-117.993208,34.071921],[-117.992864,34.071889],[-117.992188,34.071787],[-117.99209,34.071772],[-117.9918139,34.0717263],[-117.991561,34.071681],[-117.991489,34.071661],[-117.991359,34.071606],[-117.991169,34.071525],[-117.991147,34.071512],[-117.991043,34.071453],[-117.990719,34.071242],[-117.990641,34.071191],[-117.990551,34.071132],[-117.990598,34.071083],[-117.990874,34.070797],[-117.99115,34.07051],[-117.991328,34.070326],[-117.991857,34.069776],[-117.991988,34.06964],[-117.992418,34.069194],[-117.99302,34.068563],[-117.993087,34.068493],[-117.993188,34.068387],[-117.993361,34.068205],[-117.993416,34.06815],[-117.993482,34.068085],[-117.993567,34.067986],[-117.993607,34.06792],[-117.993627,34.067886],[-117.993688,34.067779],[-117.993721,34.067675],[-117.9937962,34.0674221],[-117.99374,34.067234],[-117.99367,34.066876],[-117.993579,34.066434],[-117.993536,34.066231],[-117.993387,34.065518],[-117.993361,34.065412],[-117.993318,34.065248],[-117.993294,34.06519],[-117.993258,34.065099],[-117.99319,34.064971],[-117.993133,34.0649],[-117.9930309,34.0647689],[-117.99287,34.064687],[-117.992846,34.064672]],[[-117.992734,34.064674],[-117.992674,34.064734],[-117.992536,34.064873]],[[-117.9915884,34.0658209],[-117.991508,34.065881],[-117.991455,34.065897],[-117.99138,34.065911],[-117.991128,34.065948],[-117.990118,34.066099],[-117.990032,34.066112],[-117.989819,34.066145],[-117.988726,34.066314],[-117.988685,34.06632],[-117.988616,34.066334],[-117.988554,34.066344],[-117.986715,34.066603],[-117.986665,34.06661],[-117.986633,34.066614],[-117.986515,34.066631]],[[-117.984487,34.066901],[-117.984449,34.066906],[-117.984375,34.066908],[-117.9842863,34.0668576]],[[-117.983394,34.0664],[-117.983096,34.066215]],[[-117.984611,34.064671],[-117.984628,34.064681],[-117.984712,34.06473],[-117.984714,34.064739],[-117.98472,34.064767]],[[-117.984977,34.064939],[-117.985032,34.064942],[-117.985119,34.064925],[-117.985175,34.064877],[-117.985215,34.064842],[-117.985271,34.06488],[-117.985296,34.064879]],[[-117.98534,34.064848],[-117.9854722,34.0647098],[-117.985604,34.064572]],[[-117.985599,34.064509],[-117.985572,34.064466],[-117.98556,34.064445],[-117.985525,34.064455],[-117.985427,34.064482],[-117.985315,34.064607],[-117.985214,34.06472]],[[-117.983096,34.066215],[-117.982641,34.066687],[-117.982615,34.066714]],[[-117.982469,34.066856],[-117.982262,34.067059],[-117.982021,34.067301]],[[-117.979377,34.069855],[-117.979294,34.069933],[-117.979203,34.070019]],[[-117.977852,34.071268],[-117.9778295,34.071257],[-117.977807,34.071246]],[[-117.975745,34.069718],[-117.97562,34.069625],[-117.975506,34.06954],[-117.975342,34.069419],[-117.975182,34.0693],[-117.974937,34.069119],[-117.974798,34.069016],[-117.974734,34.068968],[-117.974483,34.068806]],[[-117.970825,34.066156],[-117.970758,34.066108],[-117.970671,34.066045],[-117.970514,34.065929],[-117.97043,34.065867]],[[-117.968673,34.064558],[-117.9684,34.064344],[-117.96837,34.06432]],[[-117.968218,34.064299],[-117.967965,34.064539]],[[-117.964502,34.067867],[-117.964159,34.068182]],[[-117.96015,34.071947],[-117.9598619,34.0722057],[-117.959571,34.072467]],[[-117.957991,34.074015],[-117.9576775,34.0743135],[-117.957364,34.074612]],[[-117.952719,34.079],[-117.952642,34.079074],[-117.952579,34.079135]],[[-117.951461,34.080147],[-117.951387,34.080215],[-117.950847,34.080713]],[[-117.950112,34.082391],[-117.950102,34.082497],[-117.950027,34.083265]],[[-117.95001,34.083442],[-117.94997,34.083871],[-117.949917,34.084431],[-117.949864,34.084992]],[[-117.950104,34.087375],[-117.950557,34.087399]],[[-117.956437,34.087158],[-117.956467,34.08698]],[[-117.956731,34.086651],[-117.956904,34.086494],[-117.95718,34.086244],[-117.957235,34.086193]]]}},{"type":"Feature","properties":{"agency_name":"City of Baldwin Park","route_id":"8929","agency_id":"7343","route_short_name":"T","route_long_name":"Teal Sat","route_type":3,"route_color":"#8FE3FD","route_text_color":"#000000"},"geometry":{"type":"MultiLineString","coordinates":[[[-117.957228,34.086199],[-117.957839,34.085627],[-117.95856,34.084943],[-117.958782,34.084734],[-117.95887,34.084652],[-117.958881,34.084642],[-117.958983,34.084546],[-117.959235,34.08431],[-117.959245,34.084317],[-117.95934,34.084386],[-117.959342,34.084388],[-117.959383,34.084418],[-117.959403,34.084509],[-117.959517,34.084592],[-117.959608,34.08466],[-117.958609,34.085581],[-117.958407,34.085768],[-117.958152,34.086003],[-117.957709,34.086412],[-117.95764,34.08649],[-117.95762,34.086527],[-117.957606,34.086554],[-117.957597,34.086625],[-117.957657,34.086803],[-117.957663,34.08689],[-117.957668,34.086981],[-117.957671,34.087031],[-117.957675,34.087085],[-117.957681,34.087169],[-117.957683,34.087203],[-117.957753,34.087187],[-117.957799,34.087177],[-117.957838,34.087168],[-117.95817,34.087094],[-117.958269,34.087072],[-117.958512,34.087017],[-117.958645,34.086985],[-117.959181,34.086865],[-117.959329,34.086832],[-117.959738,34.086744],[-117.959777,34.086736],[-117.95982,34.086727],[-117.960203,34.086645],[-117.960392,34.086599],[-117.960575,34.086555],[-117.96108,34.086433],[-117.961109,34.086426],[-117.961315,34.086376],[-117.961333,34.086424],[-117.961345,34.086455],[-117.961382,34.086554],[-117.961408,34.086642],[-117.9614288,34.086731],[-117.9614536,34.086817],[-117.9614935,34.0869393],[-117.9615168,34.0869572],[-117.961553,34.086961],[-117.961593,34.086952],[-117.96249,34.086744],[-117.962534,34.086734],[-117.962557,34.086689],[-117.962575,34.086652],[-117.962543,34.086554],[-117.962534,34.086528],[-117.96252,34.086482],[-117.962484,34.086373],[-117.96246,34.086306],[-117.962444,34.086256],[-117.962421,34.086184],[-117.962404,34.086131],[-117.96237,34.086029],[-117.962281,34.086049],[-117.961243,34.086285],[-117.961202,34.086294],[-117.961001,34.086339],[-117.960611,34.086427],[-117.960503,34.086452],[-117.960395,34.086476],[-117.960394,34.086527],[-117.96039,34.086651],[-117.960387,34.086766],[-117.960387,34.086781],[-117.960386,34.086803],[-117.960395,34.087255],[-117.960396,34.087292],[-117.960414,34.088258],[-117.960418,34.08842],[-117.960419,34.08851],[-117.960421,34.088587],[-117.960431,34.088878],[-117.960434,34.088956],[-117.960441,34.08915],[-117.960444,34.08937],[-117.960451,34.089978],[-117.960452,34.090146],[-117.960453,34.090178],[-117.960454,34.090317],[-117.960456,34.090485],[-117.96046,34.090667],[-117.960461,34.090739],[-117.960462,34.090815],[-117.960472,34.091318],[-117.960475,34.09147],[-117.960479,34.091701],[-117.960481,34.091802],[-117.960481,34.091812],[-117.960483,34.091923],[-117.960485,34.092016],[-117.960491,34.092297],[-117.960492,34.092445],[-117.960492,34.092448],[-117.960493,34.092663],[-117.960494,34.092783],[-117.960495,34.093053],[-117.960499,34.093662],[-117.960493,34.09395],[-117.960494,34.094098],[-117.9605,34.094578],[-117.9605,34.09465],[-117.960503,34.094777],[-117.960506,34.094955],[-117.960509,34.09508],[-117.960512,34.09525],[-117.960512,34.09551],[-117.960512,34.095513],[-117.960518,34.095774],[-117.960519,34.096012],[-117.960521,34.096439],[-117.960521,34.096659],[-117.960521,34.096835],[-117.960522,34.097172],[-117.96052,34.097741],[-117.960532,34.098194],[-117.960532,34.098624],[-117.960529,34.09876],[-117.960533,34.098947],[-117.960536,34.099053],[-117.960536,34.099135],[-117.960537,34.099245],[-117.960544,34.099421],[-117.960549,34.099555],[-117.960549,34.099565],[-117.960508,34.099565],[-117.960471,34.099565],[-117.960408,34.099566],[-117.960341,34.099566],[-117.959976,34.099568],[-117.959426,34.099575],[-117.959337,34.099575],[-117.958542,34.099575],[-117.958319,34.09958],[-117.958265,34.099581],[-117.958031,34.099588],[-117.957717,34.099596],[-117.957265,34.099604],[-117.956666,34.099615],[-117.956663,34.099615],[-117.956518,34.099617],[-117.956039,34.099624],[-117.956002,34.099624],[-117.955938,34.099624],[-117.955808,34.099622],[-117.955615,34.099624],[-117.955297,34.099632],[-117.955158,34.099635],[-117.955154,34.099635],[-117.955062,34.099641],[-117.955023,34.099641],[-117.954964,34.099642],[-117.954781,34.099643],[-117.954674,34.099643],[-117.95464,34.099643],[-117.954629,34.099643],[-117.954597,34.099642],[-117.954518,34.099641],[-117.954492,34.099641],[-117.954489,34.099641],[-117.953947,34.099647],[-117.953886,34.099652],[-117.953316,34.099651],[-117.952327,34.099668],[-117.952021,34.099672],[-117.951814,34.099674],[-117.951749,34.099675],[-117.951346,34.099681],[-117.950698,34.099688],[-117.948882,34.099712],[-117.948735,34.099714],[-117.94849,34.099717],[-117.947942,34.099719],[-117.947622,34.099721],[-117.946297,34.099739],[-117.944855,34.099752],[-117.944793,34.099753],[-117.944771,34.099753],[-117.9447771,34.0997955],[-117.944776,34.0999631],[-117.9447755,34.1000496],[-117.9447743,34.1001641],[-117.944781,34.100557],[-117.944771,34.101728],[-117.944764,34.102501],[-117.944757,34.103279],[-117.944757,34.103315],[-117.944756,34.103356],[-117.944788,34.103356],[-117.944903,34.103354],[-117.944958,34.103353],[-117.945019,34.103352],[-117.946291,34.103334],[-117.946596,34.103328],[-117.94679,34.103324],[-117.947033,34.103319],[-117.947272,34.103314],[-117.94785,34.10331],[-117.948479,34.103294],[-117.949044,34.103295],[-117.950492,34.103286],[-117.950661,34.103285],[-117.951778,34.103262],[-117.952196,34.10326],[-117.952888,34.103256],[-117.95396,34.103253],[-117.953996,34.103253],[-117.95474,34.103259],[-117.954874,34.10326],[-117.9549489,34.1032661],[-117.955052,34.103262],[-117.955052,34.103299],[-117.955053,34.10378],[-117.955054,34.104059],[-117.955055,34.104495],[-117.955055,34.104561],[-117.955055,34.104596],[-117.955056,34.104914],[-117.955056,34.105022],[-117.955057,34.105227],[-117.955058,34.105546],[-117.955357,34.105543],[-117.955598,34.10554],[-117.956278,34.105533],[-117.956355,34.105542],[-117.956585,34.105567],[-117.956664,34.105576],[-117.956802,34.105591],[-117.95686,34.105591],[-117.957898,34.105584],[-117.958664,34.105579],[-117.959437,34.105574],[-117.959516,34.105572],[-117.959786,34.10557],[-117.960403,34.105567],[-117.960512,34.105566],[-117.960552,34.105566],[-117.960553,34.105202],[-117.960554,34.104544],[-117.960549,34.104109],[-117.960547,34.10397],[-117.960545,34.1038],[-117.960543,34.103644],[-117.960631,34.103644],[-117.960743,34.103643],[-117.961142,34.103641],[-117.961332,34.10364],[-117.961678,34.103637],[-117.962681,34.103636],[-117.962712,34.103636],[-117.962854,34.103629],[-117.962938,34.103625],[-117.963112,34.103587],[-117.963212,34.103541],[-117.963532,34.103396],[-117.963678,34.10333],[-117.963763,34.103291],[-117.963931,34.103245],[-117.964076,34.103207],[-117.964215,34.10317],[-117.964309,34.103151],[-117.964534,34.103151],[-117.964759,34.103151],[-117.964909,34.103152],[-117.965115,34.103149],[-117.967106,34.103122],[-117.968127,34.103097],[-117.9686775,34.1030955],[-117.969228,34.103094],[-117.969287,34.103094],[-117.969287,34.103151],[-117.96929,34.103456],[-117.969298,34.104404],[-117.969296,34.104842],[-117.969296,34.105484],[-117.969296,34.105686],[-117.969296,34.105818],[-117.969296,34.105962],[-117.969296,34.105994],[-117.969296,34.106025],[-117.969296,34.106599],[-117.969296,34.106649],[-117.969296,34.1067],[-117.969297,34.106754],[-117.969366,34.106753],[-117.969476,34.106752],[-117.969482,34.106752],[-117.970222,34.106745],[-117.970282,34.106745],[-117.970775,34.10674],[-117.970924,34.106739],[-117.970972,34.106737],[-117.971248,34.106732],[-117.971709,34.106701],[-117.971864,34.106689],[-117.971876,34.106688],[-117.972687,34.106619],[-117.972688,34.10649],[-117.972687,34.106444],[-117.972687,34.106417],[-117.972687,34.105844],[-117.972685,34.105821],[-117.972649,34.105427],[-117.972652,34.105404],[-117.972669,34.105282],[-117.972685,34.105164],[-117.972739,34.10501],[-117.972776,34.104925],[-117.972886,34.104777],[-117.972895,34.104765],[-117.972913,34.104741],[-117.973049,34.104608],[-117.973102,34.104576],[-117.9732,34.104518],[-117.973234,34.104497],[-117.973272,34.104475],[-117.973348,34.104429],[-117.973504,34.104336],[-117.973911,34.104092],[-117.974134,34.103959],[-117.974354,34.103827],[-117.9744,34.1038],[-117.975369,34.103221],[-117.975447,34.103174],[-117.975982,34.102853],[-117.976031,34.102824],[-117.976131,34.102765],[-117.977052,34.102232],[-117.977144,34.102176],[-117.977204,34.102142],[-117.977834,34.101781],[-117.978078,34.10164],[-117.978152,34.101597],[-117.978181,34.101581],[-117.978289,34.101577],[-117.978351,34.101574],[-117.978399,34.101572],[-117.978529,34.101635],[-117.978614,34.101676],[-117.978732,34.101789],[-117.978753,34.101809],[-117.978884,34.101934],[-117.978921,34.10197],[-117.978942,34.10199],[-117.97902,34.102064],[-117.979178,34.102215],[-117.979582,34.102602],[-117.981074,34.101447],[-117.981468,34.101142],[-117.982229,34.100553],[-117.983384,34.09966],[-117.983548,34.099533],[-117.98375,34.099376],[-117.98402,34.099186],[-117.984085,34.09914],[-117.984094,34.099134],[-117.984076,34.09912],[-117.984014,34.09907],[-117.983881,34.098963],[-117.983834,34.098926],[-117.983724,34.098829],[-117.983682,34.098796],[-117.983522,34.098671],[-117.983415,34.098587],[-117.983114,34.098438],[-117.982895,34.09842],[-117.982746,34.098412],[-117.982491,34.098397],[-117.982491,34.098361],[-117.982492,34.098319],[-117.982492,34.098268],[-117.982493,34.098121],[-117.982498,34.097479],[-117.9825,34.097216],[-117.982502,34.096962],[-117.982504,34.096657],[-117.982504,34.09628],[-117.982504,34.096],[-117.982503,34.095645],[-117.982503,34.095445],[-117.982503,34.095389],[-117.982503,34.095358],[-117.982511,34.095299],[-117.982525,34.095197],[-117.982535,34.095155],[-117.98256,34.095101],[-117.982577,34.095064],[-117.982606,34.095002],[-117.982739,34.094813],[-117.982861,34.09464],[-117.983059,34.094359],[-117.98323,34.094117],[-117.983246,34.094094],[-117.983343,34.093956],[-117.983678,34.093466],[-117.983797,34.093292],[-117.983912,34.093122],[-117.984136,34.092771],[-117.98434,34.092454],[-117.984376,34.092397],[-117.984403,34.092222],[-117.984436,34.092013],[-117.984389,34.092013],[-117.984353,34.092014],[-117.984329,34.092014],[-117.983339,34.092031],[-117.982489,34.092033],[-117.982332,34.092037],[-117.98228,34.092038],[-117.982205,34.092039],[-117.982048,34.09204],[-117.981895,34.092041],[-117.981776,34.092041],[-117.981544,34.092041],[-117.980717,34.09204],[-117.979629,34.092063],[-117.979116,34.092066],[-117.97828,34.09207],[-117.978012,34.092072],[-117.977989,34.092072],[-117.977829,34.092074],[-117.977724,34.092076],[-117.977058,34.092086],[-117.976823,34.09209],[-117.976496,34.092096],[-117.976282,34.0921],[-117.976106,34.092101],[-117.975787,34.092106],[-117.975586,34.092108],[-117.97546,34.092109],[-117.974987,34.092112],[-117.974879,34.092112],[-117.974722,34.092114],[-117.974332,34.092116],[-117.974118,34.092118],[-117.974046,34.092118],[-117.9739,34.092119],[-117.973774,34.09212],[-117.973614,34.092121],[-117.973597,34.092121],[-117.973594,34.09193],[-117.973592,34.091764],[-117.973592,34.091752],[-117.973591,34.091664],[-117.973589,34.091514],[-117.973589,34.091488],[-117.973588,34.091398],[-117.973587,34.091301],[-117.973578,34.090587],[-117.973567,34.089792],[-117.97356,34.089235],[-117.973554,34.088676],[-117.973553,34.088607],[-117.9735603,34.0885502],[-117.973547,34.08815],[-117.973529,34.08704],[-117.973523,34.086783],[-117.97352,34.086672],[-117.973513,34.08595],[-117.973507,34.085376],[-117.973501,34.08492],[-117.973501,34.084891],[-117.973497,34.084836],[-117.973492,34.084779],[-117.973488,34.084721],[-117.97348,34.08451],[-117.973447,34.084287],[-117.973438,34.08426],[-117.973413,34.084187],[-117.973353,34.084088],[-117.973181,34.083929],[-117.973163,34.083912],[-117.973046,34.083808],[-117.972906,34.083684],[-117.972847,34.083631],[-117.972755,34.083549],[-117.972732,34.083528],[-117.972924,34.083488],[-117.972957,34.083481],[-117.973578,34.083341],[-117.974375,34.083157],[-117.97476,34.083071],[-117.976481,34.082685],[-117.976858,34.082601],[-117.976981,34.082573],[-117.977143,34.082536],[-117.97737,34.082484],[-117.978555,34.082214],[-117.978982,34.082117],[-117.979594,34.08198],[-117.97998,34.081894],[-117.980202,34.081844],[-117.98052,34.081773],[-117.980771,34.081716],[-117.98087,34.081694],[-117.981007,34.081663],[-117.981193,34.08162],[-117.982207,34.081388],[-117.982312,34.081364],[-117.982425,34.081328],[-117.982535,34.081294],[-117.982921,34.081173],[-117.982999,34.081154],[-117.983342,34.081071],[-117.985252,34.080635],[-117.985292,34.080626],[-117.985358,34.08061],[-117.985532,34.080567],[-117.985551,34.080562],[-117.985694,34.080527],[-117.986193,34.080413],[-117.98653,34.080336],[-117.986821,34.080267],[-117.986898,34.08025],[-117.987506,34.080112],[-117.988399,34.079909],[-117.988506,34.079885],[-117.988574,34.079869],[-117.988737,34.079833],[-117.989182,34.079738],[-117.989207,34.079732],[-117.989812,34.079586],[-117.990308,34.079467],[-117.991009,34.07931],[-117.991319,34.07924],[-117.99218,34.079046],[-117.992833,34.078904],[-117.993304,34.078805],[-117.993471,34.078766],[-117.993492,34.078761],[-117.993585,34.078739],[-117.993696,34.078714],[-117.994311,34.078571],[-117.995295,34.078346],[-117.995579,34.078281],[-117.995693,34.078255],[-117.995719,34.078249],[-117.995683,34.078159],[-117.995694,34.07804],[-117.995696,34.078017],[-117.995704,34.077934],[-117.995705,34.077918],[-117.995781,34.077669],[-117.995813,34.07754],[-117.995825,34.077491],[-117.995863,34.077353],[-117.995875,34.077312],[-117.995902,34.077214],[-117.996074,34.076681],[-117.996314,34.075877],[-117.996359,34.075728],[-117.99653,34.075162],[-117.996531,34.07516],[-117.996554,34.075081],[-117.996615,34.074881],[-117.996803,34.07427],[-117.99702,34.073479],[-117.997161,34.073005],[-117.99719,34.072908],[-117.997243,34.072732],[-117.997231,34.07273],[-117.996969,34.072677],[-117.994953,34.072269],[-117.994862,34.07225],[-117.994771,34.072231],[-117.993439,34.07196],[-117.993241,34.071924],[-117.992864,34.071889],[-117.992188,34.071787],[-117.99209,34.071772],[-117.991813,34.07173],[-117.991566,34.0716685],[-117.9913663,34.0715913],[-117.991147,34.071512],[-117.991043,34.071453],[-117.990793,34.07129],[-117.990719,34.071242],[-117.9906537,34.0711782],[-117.990563,34.071119],[-117.99115,34.07051],[-117.991328,34.070326],[-117.991857,34.069776],[-117.991988,34.06964],[-117.992418,34.069194],[-117.99302,34.068563],[-117.993087,34.068493],[-117.993361,34.068205],[-117.993416,34.06815],[-117.993482,34.068085],[-117.993567,34.067986],[-117.993607,34.06792],[-117.993627,34.067886],[-117.993688,34.067779],[-117.993722,34.067673],[-117.993739,34.067559],[-117.993746,34.06742],[-117.993748,34.067388],[-117.99374,34.067234],[-117.99367,34.066876],[-117.993579,34.066434],[-117.993536,34.066231],[-117.99341,34.065629],[-117.993387,34.065518],[-117.993361,34.065412],[-117.993318,34.065248],[-117.993295,34.06519],[-117.993258,34.065099],[-117.99319,34.064971],[-117.993087,34.064843],[-117.993014,34.064783],[-117.992984,34.064758],[-117.99287,34.064687],[-117.992846,34.064672],[-117.992778,34.06463],[-117.992734,34.064674],[-117.992674,34.064734],[-117.992617,34.064791],[-117.992536,34.064873],[-117.992234,34.065176],[-117.99205,34.065367],[-117.991865,34.06556],[-117.99181,34.065619],[-117.99169,34.065748],[-117.991668,34.065772],[-117.99162,34.065813],[-117.991597,34.065829],[-117.991508,34.065881],[-117.991455,34.065897],[-117.99138,34.065911],[-117.991128,34.065948],[-117.990118,34.066099],[-117.990032,34.066112],[-117.989819,34.066145],[-117.988726,34.066314],[-117.988685,34.06632],[-117.988616,34.066334],[-117.988592,34.066339],[-117.986715,34.066603],[-117.986665,34.06661],[-117.986633,34.066614],[-117.986568,34.066624],[-117.986515,34.066631],[-117.985559,34.066756],[-117.985269,34.066794],[-117.984848,34.06685],[-117.984662,34.066877],[-117.984487,34.066901],[-117.984449,34.066906],[-117.984375,34.066908],[-117.984328,34.06691],[-117.984275,34.0669],[-117.984229,34.066891],[-117.984135,34.066848],[-117.984106,34.066831],[-117.984023,34.066784],[-117.983896,34.06671],[-117.983817,34.066663],[-117.983778,34.066639],[-117.983712,34.066598],[-117.983403,34.066406],[-117.983394,34.0664],[-117.983096,34.066215],[-117.983149,34.066161],[-117.983544,34.065754],[-117.983574,34.065724],[-117.983655,34.06564],[-117.984115,34.065174],[-117.984207,34.065081],[-117.984569,34.064713],[-117.984611,34.064671],[-117.984712,34.06473],[-117.98472,34.064767],[-117.98473,34.064813],[-117.984807,34.064864],[-117.984883,34.0649],[-117.984894,34.064905],[-117.984977,34.064939],[-117.985039,34.064942],[-117.985128,34.064917],[-117.985215,34.064842],[-117.985271,34.06488],[-117.985296,34.064879],[-117.98534,34.064848],[-117.985604,34.064572],[-117.985588,34.064491],[-117.98556,34.064445],[-117.985525,34.064455],[-117.985446,34.064477],[-117.985315,34.064607],[-117.985214,34.06472],[-117.985156,34.064785],[-117.985104,34.064831],[-117.985066,34.064853],[-117.985042,34.064857],[-117.985002,34.064861],[-117.984953,34.064848],[-117.98492,34.064824],[-117.984799,34.064739],[-117.984712,34.06473]],[[-117.984207,34.065081],[-117.983655,34.06564],[-117.983544,34.065754],[-117.983482,34.065817],[-117.983096,34.066215],[-117.982641,34.066687],[-117.982615,34.066714],[-117.982343,34.06698],[-117.982262,34.067059],[-117.982021,34.067301],[-117.981252,34.068073],[-117.981,34.068339],[-117.980959,34.068382],[-117.980636,34.06871],[-117.980348,34.069021],[-117.980329,34.069042],[-117.980149,34.069215],[-117.980128,34.069236],[-117.980056,34.069297],[-117.98,34.069344],[-117.979756,34.069579],[-117.97973,34.069604],[-117.979695,34.069638],[-117.979675,34.069634],[-117.979624,34.069624],[-117.979377,34.069855],[-117.979294,34.069933],[-117.978922,34.070282],[-117.978872,34.070328],[-117.978829,34.070364],[-117.978387,34.070775],[-117.978204,34.070943],[-117.978195,34.070951],[-117.978126,34.071015],[-117.9780425,34.0710865],[-117.9778866,34.0712355],[-117.977852,34.071268],[-117.977807,34.071246],[-117.977753,34.071207],[-117.977564,34.071065],[-117.97753,34.071039],[-117.977184,34.070783],[-117.977149,34.070757],[-117.977061,34.070692],[-117.977043,34.070679],[-117.976871,34.070551],[-117.976754,34.070464],[-117.976519,34.07029],[-117.976072,34.06996],[-117.976,34.069906],[-117.9759079,34.0698432],[-117.9757485,34.0697149],[-117.97562,34.069625],[-117.975506,34.06954],[-117.975342,34.069419],[-117.975182,34.0693],[-117.975093,34.069234],[-117.974937,34.069119],[-117.974798,34.069016],[-117.974734,34.068968],[-117.974092,34.068554],[-117.973724,34.068286],[-117.973533,34.068147],[-117.973475,34.068105],[-117.97336,34.068021],[-117.97325,34.067941],[-117.973029,34.06778],[-117.972915,34.067696],[-117.972614,34.067474],[-117.97243,34.067338],[-117.972361,34.067287],[-117.97214,34.067123],[-117.971944,34.066978],[-117.971657,34.066764],[-117.971244,34.066459],[-117.971033,34.066303],[-117.970825,34.066156],[-117.970758,34.066108],[-117.970671,34.066045],[-117.970588,34.065984],[-117.97043,34.065867],[-117.970287,34.065762],[-117.970051,34.065588],[-117.969717,34.065342],[-117.969391,34.065097],[-117.969049,34.064841],[-117.968935,34.064755],[-117.968673,34.064558],[-117.96837,34.06432],[-117.968275,34.064245],[-117.968218,34.064299],[-117.968125,34.064387],[-117.968105,34.064406],[-117.967965,34.064539],[-117.967906,34.064595],[-117.967804,34.064691],[-117.967481,34.064995],[-117.967273,34.06519],[-117.966912,34.06553],[-117.966834,34.065604],[-117.966355,34.066056],[-117.966249,34.066157],[-117.966092,34.066312],[-117.965235,34.067097],[-117.965213,34.067202],[-117.96493,34.067463],[-117.964792,34.067595],[-117.964502,34.067867],[-117.964159,34.068182],[-117.964091,34.068248],[-117.964055,34.068285],[-117.963906,34.068424],[-117.963898,34.068431],[-117.963825,34.0685],[-117.963738,34.068582],[-117.963548,34.068762],[-117.963503,34.068805],[-117.962837,34.069436],[-117.962495,34.069757],[-117.962467,34.069784],[-117.962373,34.069873],[-117.962136,34.070097],[-117.96173,34.070479],[-117.961628,34.070576],[-117.961349,34.070839],[-117.961083,34.071095],[-117.960815,34.071352],[-117.960519,34.071643],[-117.96035,34.071808],[-117.960284,34.071873],[-117.96015,34.071947],[-117.959571,34.072467],[-117.959212,34.072804],[-117.959158,34.072914],[-117.959098,34.072969],[-117.959084,34.072983],[-117.95906,34.073005],[-117.958804,34.073246],[-117.95866,34.073383],[-117.958476,34.073556],[-117.958429,34.073601],[-117.958257,34.073763],[-117.958022,34.073985],[-117.957991,34.074015],[-117.957364,34.074612],[-117.9573,34.074671],[-117.957079,34.074877],[-117.956855,34.075085],[-117.956591,34.07533],[-117.95647,34.075449],[-117.956078,34.075834],[-117.955853,34.076055],[-117.955708,34.076194],[-117.955579,34.076318],[-117.954729,34.077128],[-117.954417,34.077403],[-117.954348,34.077464],[-117.954173,34.077626],[-117.953994,34.077788],[-117.953939,34.077832],[-117.953581,34.078175],[-117.953294,34.078465],[-117.953232,34.078519],[-117.952941,34.078788],[-117.952858,34.078867],[-117.952719,34.079],[-117.952642,34.079074],[-117.952579,34.079135],[-117.952397,34.079309],[-117.952209,34.079476],[-117.952076,34.079595],[-117.952069,34.079602],[-117.951996,34.079667],[-117.951926,34.07973],[-117.95156,34.080056],[-117.951461,34.080147],[-117.950847,34.080713],[-117.950336,34.081225],[-117.950159,34.081376],[-117.950076,34.081446],[-117.95018,34.081574],[-117.950112,34.082391],[-117.950102,34.082497],[-117.950027,34.083265],[-117.95001,34.083442],[-117.94997,34.083871],[-117.949864,34.084992],[-117.949851,34.085132],[-117.949841,34.085248],[-117.949837,34.085283],[-117.949805,34.085652],[-117.949771,34.086021],[-117.949749,34.086278],[-117.949735,34.086435],[-117.949733,34.086455],[-117.949709,34.086697],[-117.949704,34.086743],[-117.949661,34.087133],[-117.949659,34.087169],[-117.949653,34.087248],[-117.949638,34.087352],[-117.949743,34.087357],[-117.949819,34.08736],[-117.950104,34.087375],[-117.950324,34.087387],[-117.950557,34.087399],[-117.950967,34.087416],[-117.951483,34.087438],[-117.951725,34.087448],[-117.951824,34.087452],[-117.952238,34.087469],[-117.952566,34.087484],[-117.953098,34.087507],[-117.95316,34.08751],[-117.953575,34.087528],[-117.953684,34.087533],[-117.954172,34.087556],[-117.954464,34.087569],[-117.954696,34.087581],[-117.95485,34.087589],[-117.954949,34.087594],[-117.955284,34.087612],[-117.955515,34.087609],[-117.95555,34.087608],[-117.955667,34.087603],[-117.9558,34.087596],[-117.955985,34.087571],[-117.956133,34.08755],[-117.956178,34.087541],[-117.956424,34.087493],[-117.956448,34.087488],[-117.956443,34.087339],[-117.956441,34.087246],[-117.956437,34.087158],[-117.956447,34.087058],[-117.956467,34.08698],[-117.956506,34.086894],[-117.956526,34.086859],[-117.956583,34.086805],[-117.956622,34.086768],[-117.956679,34.086706],[-117.956731,34.086651],[-117.957153,34.086268],[-117.95718,34.086244],[-117.957227,34.0862]]]}},{"type":"Feature","properties":{"agency_name":"City of Baldwin Park","route_id":"8930","agency_id":"7343","route_short_name":"T","route_long_name":"Teal Sun","route_type":3,"route_color":"#8FE3FD","route_text_color":"#000000"},"geometry":{"type":"MultiLineString","coordinates":[[[-117.9572254,34.0862012],[-117.957289,34.086142],[-117.957839,34.085627],[-117.95856,34.084943],[-117.958782,34.084734],[-117.95887,34.084652],[-117.958881,34.084642],[-117.958983,34.084546],[-117.959245,34.084317],[-117.95934,34.084386],[-117.959342,34.084388],[-117.959383,34.084418],[-117.959403,34.084509],[-117.959517,34.084592],[-117.959608,34.08466],[-117.959526,34.084735],[-117.958407,34.085768],[-117.958152,34.086003],[-117.957709,34.086412],[-117.95764,34.08649],[-117.95762,34.086527],[-117.957606,34.086554],[-117.957597,34.086625],[-117.957657,34.086803],[-117.957663,34.08689],[-117.957668,34.086981],[-117.957688,34.087082],[-117.957675,34.087085],[-117.957683,34.087203],[-117.957709,34.087197],[-117.957753,34.087187],[-117.957799,34.087177],[-117.957838,34.087168],[-117.95816,34.087096],[-117.958269,34.087072],[-117.958512,34.087017],[-117.958645,34.086985],[-117.959329,34.086832],[-117.95951,34.086793],[-117.959738,34.086744],[-117.959777,34.086736],[-117.95982,34.086727],[-117.960203,34.086645],[-117.960392,34.086599],[-117.960531,34.086566],[-117.960575,34.086555],[-117.96108,34.086433],[-117.961109,34.086426],[-117.961315,34.086376],[-117.9613985,34.086644],[-117.9614288,34.086731],[-117.9614536,34.086817],[-117.9614935,34.0869393],[-117.9615168,34.0869572],[-117.961553,34.086961],[-117.961593,34.086952],[-117.96249,34.086744],[-117.962534,34.086734],[-117.962557,34.086689],[-117.962575,34.086652],[-117.962561,34.086608],[-117.962543,34.086554],[-117.962534,34.086528],[-117.96252,34.086482],[-117.962503,34.086431],[-117.962484,34.086373],[-117.96246,34.086306],[-117.962444,34.086256],[-117.962421,34.086184],[-117.962404,34.086131],[-117.962401,34.086121],[-117.96237,34.086029],[-117.962281,34.086049],[-117.961243,34.086285],[-117.961202,34.086294],[-117.961001,34.086339],[-117.960611,34.086427],[-117.960503,34.086452],[-117.960395,34.086476],[-117.960394,34.086527],[-117.960392,34.086599],[-117.96039,34.086651],[-117.960387,34.086766],[-117.960387,34.086781],[-117.960386,34.086803],[-117.960395,34.087255],[-117.960396,34.087292],[-117.960414,34.088258],[-117.960418,34.08842],[-117.960419,34.08851],[-117.960421,34.088587],[-117.960434,34.088956],[-117.960441,34.08915],[-117.960444,34.08937],[-117.960444,34.089395],[-117.960444,34.089398],[-117.960444,34.089411],[-117.960447,34.089618],[-117.960447,34.089652],[-117.96045,34.089687],[-117.960451,34.089978],[-117.960452,34.090146],[-117.960453,34.090178],[-117.960454,34.090317],[-117.960456,34.090485],[-117.96046,34.090667],[-117.960461,34.090739],[-117.960462,34.090815],[-117.960472,34.091318],[-117.960475,34.09147],[-117.960481,34.091802],[-117.960481,34.091812],[-117.960481,34.091829],[-117.960483,34.0919],[-117.960485,34.092016],[-117.960491,34.092297],[-117.960492,34.092445],[-117.960492,34.092448],[-117.960493,34.092663],[-117.960494,34.092783],[-117.960495,34.093053],[-117.960499,34.093662],[-117.960493,34.09395],[-117.960494,34.094098],[-117.9605,34.094578],[-117.9605,34.09465],[-117.960503,34.094777],[-117.960506,34.094955],[-117.960509,34.09508],[-117.960512,34.09525],[-117.960512,34.09551],[-117.960512,34.095513],[-117.960518,34.095774],[-117.960519,34.096012],[-117.960521,34.096439],[-117.960521,34.096659],[-117.960521,34.096835],[-117.960522,34.097093],[-117.960522,34.097172],[-117.96052,34.097741],[-117.960532,34.098194],[-117.960532,34.098624],[-117.960529,34.09876],[-117.960536,34.099053],[-117.960536,34.099135],[-117.960537,34.099245],[-117.960538,34.099281],[-117.960547,34.099508],[-117.960549,34.099565],[-117.960508,34.099565],[-117.960408,34.099566],[-117.960341,34.099566],[-117.959976,34.099568],[-117.959426,34.099575],[-117.958542,34.099575],[-117.958319,34.09958],[-117.958031,34.099588],[-117.957717,34.099596],[-117.957265,34.099604],[-117.956666,34.099615],[-117.956663,34.099615],[-117.956518,34.099617],[-117.956039,34.099624],[-117.956002,34.099624],[-117.955938,34.099624],[-117.955808,34.099622],[-117.955615,34.099624],[-117.955297,34.099632],[-117.955158,34.099635],[-117.955154,34.099635],[-117.955062,34.099641],[-117.955023,34.099641],[-117.954964,34.099642],[-117.954781,34.099643],[-117.954674,34.099643],[-117.95464,34.099643],[-117.954597,34.099642],[-117.954518,34.099641],[-117.954492,34.099641],[-117.953947,34.099647],[-117.953886,34.099652],[-117.953316,34.099651],[-117.952327,34.099668],[-117.952021,34.099672],[-117.951749,34.099675],[-117.951346,34.099681],[-117.950698,34.099688],[-117.949033,34.09971],[-117.948735,34.099714],[-117.94849,34.099717],[-117.947942,34.099719],[-117.947622,34.099721],[-117.946297,34.099739],[-117.944793,34.099753],[-117.944791,34.099796],[-117.944776,34.0999631],[-117.9447755,34.1000496],[-117.944777,34.100173],[-117.944781,34.10053],[-117.944769,34.101872],[-117.944763,34.102567],[-117.944757,34.103279],[-117.944757,34.103315],[-117.944756,34.103356],[-117.944788,34.103356],[-117.944903,34.103354],[-117.944958,34.103353],[-117.945019,34.103352],[-117.946596,34.103328],[-117.94679,34.103324],[-117.947033,34.103319],[-117.947272,34.103314],[-117.94785,34.10331],[-117.948479,34.103294],[-117.949044,34.103295],[-117.950492,34.103286],[-117.950661,34.103285],[-117.951778,34.103262],[-117.952196,34.10326],[-117.952888,34.103256],[-117.95396,34.103253],[-117.953996,34.103253],[-117.95474,34.103259],[-117.954874,34.10326],[-117.9549489,34.1032661],[-117.955052,34.103262],[-117.955052,34.103299],[-117.955053,34.10378],[-117.955054,34.104059],[-117.955055,34.104495],[-117.955055,34.104561],[-117.955055,34.104596],[-117.955056,34.104914],[-117.955056,34.105022],[-117.955057,34.105227],[-117.955058,34.105546],[-117.955073,34.105546],[-117.955598,34.10554],[-117.956278,34.105533],[-117.956355,34.105542],[-117.956585,34.105567],[-117.956664,34.105576],[-117.956802,34.105591],[-117.957444,34.105587],[-117.957577,34.105586],[-117.957898,34.105584],[-117.958664,34.105579],[-117.959437,34.105574],[-117.959516,34.105572],[-117.959786,34.10557],[-117.960403,34.105567],[-117.960512,34.105566],[-117.960552,34.105566],[-117.960553,34.105202],[-117.960554,34.104544],[-117.960549,34.104109],[-117.960547,34.10397],[-117.960545,34.1038],[-117.960543,34.103644],[-117.960582,34.103644],[-117.960631,34.103644],[-117.960743,34.103643],[-117.961142,34.103641],[-117.961332,34.10364],[-117.961678,34.103637],[-117.962681,34.103636],[-117.962712,34.103636],[-117.962854,34.103629],[-117.962938,34.103625],[-117.963112,34.103587],[-117.963212,34.103541],[-117.963678,34.10333],[-117.963763,34.103291],[-117.963791,34.103283],[-117.963931,34.103245],[-117.964076,34.103207],[-117.964309,34.103151],[-117.964745,34.103151],[-117.964909,34.103152],[-117.965115,34.103149],[-117.965451,34.103144],[-117.967106,34.103122],[-117.968127,34.103097],[-117.969228,34.103094],[-117.969287,34.103094],[-117.969287,34.103151],[-117.96929,34.103456],[-117.969298,34.104404],[-117.969296,34.104842],[-117.969296,34.105484],[-117.969296,34.105686],[-117.969296,34.105818],[-117.969296,34.105962],[-117.969296,34.106025],[-117.969296,34.106649],[-117.969296,34.1067],[-117.969297,34.106754],[-117.969476,34.106752],[-117.969482,34.106752],[-117.970222,34.106745],[-117.970282,34.106745],[-117.970775,34.10674],[-117.970924,34.106739],[-117.970972,34.106737],[-117.971248,34.106732],[-117.971709,34.106701],[-117.971864,34.106689],[-117.971876,34.106688],[-117.972352,34.106647],[-117.972687,34.106619],[-117.972688,34.10649],[-117.972687,34.106444],[-117.972687,34.106417],[-117.972687,34.105844],[-117.972685,34.105821],[-117.972652,34.105459],[-117.972649,34.105427],[-117.972652,34.105404],[-117.972685,34.105164],[-117.972739,34.10501],[-117.972766,34.104938],[-117.972886,34.104777],[-117.972895,34.104765],[-117.972913,34.104741],[-117.973049,34.104608],[-117.973102,34.104576],[-117.9732,34.104518],[-117.973234,34.104497],[-117.973348,34.104429],[-117.973381,34.104409],[-117.973504,34.104336],[-117.973911,34.104092],[-117.974134,34.103959],[-117.974354,34.103827],[-117.9744,34.1038],[-117.975369,34.103221],[-117.975447,34.103174],[-117.975982,34.102853],[-117.976031,34.102824],[-117.976131,34.102765],[-117.977052,34.102232],[-117.977144,34.102176],[-117.977204,34.102142],[-117.977834,34.101781],[-117.978078,34.10164],[-117.978152,34.101597],[-117.978181,34.101581],[-117.978289,34.101577],[-117.978351,34.101574],[-117.978399,34.101572],[-117.978614,34.101676],[-117.978732,34.101789],[-117.978884,34.101934],[-117.978921,34.10197],[-117.978942,34.10199],[-117.978952,34.102],[-117.97902,34.102064],[-117.979178,34.102215],[-117.979556,34.102577],[-117.979582,34.102602],[-117.979615,34.102576],[-117.981074,34.101447],[-117.981468,34.101142],[-117.982229,34.100553],[-117.983384,34.09966],[-117.983548,34.099533],[-117.98375,34.099376],[-117.98402,34.099186],[-117.984085,34.09914],[-117.984094,34.099134],[-117.984076,34.09912],[-117.984014,34.09907],[-117.983881,34.098963],[-117.983834,34.098926],[-117.983724,34.098829],[-117.983522,34.098671],[-117.983415,34.098587],[-117.983291,34.098525],[-117.983114,34.098438],[-117.982895,34.09842],[-117.982746,34.098412],[-117.982491,34.098397],[-117.982491,34.098361],[-117.982492,34.098319],[-117.982492,34.098268],[-117.982492,34.098206],[-117.982493,34.098121],[-117.982498,34.097479],[-117.9825,34.097216],[-117.982502,34.096962],[-117.982504,34.096657],[-117.982504,34.09628],[-117.982504,34.096],[-117.982503,34.095645],[-117.982503,34.095445],[-117.982503,34.095389],[-117.982503,34.095358],[-117.982511,34.095299],[-117.982525,34.095197],[-117.982535,34.095155],[-117.982577,34.095064],[-117.982606,34.095002],[-117.982739,34.094813],[-117.982861,34.09464],[-117.983059,34.094359],[-117.98323,34.094117],[-117.983246,34.094094],[-117.98335,34.093945],[-117.983678,34.093466],[-117.983912,34.093122],[-117.984136,34.092771],[-117.98434,34.092454],[-117.984376,34.092397],[-117.984403,34.092222],[-117.984434,34.092023],[-117.984436,34.092013],[-117.984389,34.092013],[-117.984353,34.092014],[-117.984329,34.092014],[-117.983339,34.092031],[-117.982489,34.092033],[-117.98228,34.092038],[-117.982205,34.092039],[-117.982048,34.09204],[-117.981895,34.092041],[-117.981776,34.092041],[-117.981544,34.092041],[-117.980717,34.09204],[-117.979629,34.092063],[-117.979116,34.092066],[-117.97828,34.09207],[-117.978012,34.092072],[-117.977989,34.092072],[-117.977829,34.092074],[-117.977705,34.092076],[-117.977058,34.092086],[-117.976823,34.09209],[-117.976496,34.092096],[-117.976282,34.0921],[-117.976106,34.092101],[-117.975787,34.092106],[-117.975586,34.092108],[-117.97546,34.092109],[-117.974987,34.092112],[-117.974879,34.092112],[-117.974722,34.092114],[-117.974332,34.092116],[-117.974118,34.092118],[-117.974046,34.092118],[-117.9739,34.092119],[-117.973774,34.09212],[-117.973597,34.092121],[-117.973596,34.092043],[-117.973594,34.09193],[-117.973593,34.091819],[-117.973592,34.091752],[-117.973591,34.091664],[-117.97359,34.091595],[-117.973589,34.091488],[-117.973588,34.091398],[-117.973587,34.091301],[-117.973578,34.090587],[-117.973572,34.090187],[-117.973567,34.089792],[-117.97356,34.089235],[-117.973554,34.088676],[-117.973553,34.088607],[-117.973553,34.08855],[-117.973552,34.088473],[-117.973547,34.08815],[-117.973539,34.087694],[-117.973529,34.08704],[-117.97352,34.086672],[-117.973513,34.08595],[-117.973507,34.085376],[-117.973501,34.08492],[-117.973501,34.084891],[-117.973497,34.084836],[-117.973492,34.084779],[-117.973489,34.084736],[-117.973478,34.084496],[-117.973447,34.084287],[-117.973413,34.084187],[-117.973362,34.084103],[-117.973353,34.084088],[-117.973163,34.083912],[-117.973046,34.083808],[-117.972906,34.083684],[-117.972847,34.083631],[-117.972732,34.083528],[-117.972843,34.083505],[-117.972924,34.083488],[-117.973025,34.083465],[-117.973578,34.083341],[-117.974375,34.083157],[-117.97476,34.083071],[-117.976481,34.082685],[-117.976858,34.082601],[-117.976981,34.082573],[-117.977143,34.082536],[-117.97737,34.082484],[-117.978555,34.082214],[-117.978982,34.082117],[-117.979594,34.08198],[-117.97998,34.081894],[-117.980202,34.081844],[-117.98052,34.081773],[-117.98087,34.081694],[-117.981007,34.081663],[-117.981193,34.08162],[-117.982207,34.081388],[-117.982267,34.081374],[-117.982312,34.081364],[-117.982425,34.081328],[-117.982921,34.081173],[-117.982999,34.081154],[-117.983342,34.081071],[-117.985252,34.080635],[-117.985292,34.080626],[-117.985358,34.08061],[-117.985532,34.080567],[-117.985551,34.080562],[-117.985694,34.080527],[-117.986193,34.080413],[-117.98653,34.080336],[-117.986821,34.080267],[-117.987506,34.080112],[-117.988399,34.079909],[-117.988506,34.079885],[-117.988574,34.079869],[-117.988654,34.079851],[-117.988737,34.079833],[-117.989182,34.079738],[-117.989207,34.079732],[-117.989812,34.079586],[-117.990308,34.079467],[-117.991009,34.07931],[-117.991319,34.07924],[-117.99218,34.079046],[-117.992833,34.078904],[-117.993304,34.078805],[-117.993492,34.078761],[-117.993585,34.078739],[-117.993696,34.078714],[-117.994311,34.078571],[-117.995295,34.078346],[-117.995579,34.078281],[-117.995693,34.078255],[-117.995719,34.078249],[-117.995683,34.078159],[-117.995694,34.07804],[-117.995696,34.078017],[-117.995704,34.077934],[-117.995705,34.077918],[-117.995781,34.077669],[-117.995813,34.07754],[-117.995825,34.077491],[-117.995863,34.077353],[-117.995875,34.077312],[-117.995902,34.077214],[-117.996074,34.076681],[-117.996314,34.075877],[-117.996359,34.075728],[-117.99653,34.075162],[-117.996531,34.07516],[-117.996554,34.075081],[-117.996615,34.074881],[-117.996803,34.07427],[-117.99702,34.073479],[-117.997161,34.073005],[-117.997191,34.072908],[-117.997225,34.072792],[-117.997243,34.072732],[-117.997231,34.07273],[-117.996969,34.072677],[-117.9949599,34.0722458],[-117.9948688,34.0722274],[-117.994778,34.0722085],[-117.9932093,34.071913],[-117.9920913,34.0717685],[-117.9918139,34.0717263],[-117.991566,34.0716685],[-117.9913663,34.0715913],[-117.9911587,34.0714986],[-117.9908064,34.0712764],[-117.9907321,34.0712286],[-117.9906537,34.0711782],[-117.9905994,34.0711433],[-117.990598,34.071083],[-117.99115,34.07051],[-117.991328,34.070326],[-117.991857,34.069776],[-117.991988,34.06964],[-117.992418,34.069194],[-117.99302,34.068563],[-117.993188,34.068387],[-117.993361,34.068205],[-117.993482,34.068085],[-117.993567,34.067986],[-117.993607,34.06792],[-117.993627,34.067886],[-117.993688,34.067779],[-117.993722,34.067673],[-117.993739,34.067559],[-117.993746,34.06742],[-117.993748,34.067388],[-117.993739,34.067218],[-117.99367,34.066876],[-117.993579,34.066434],[-117.993536,34.066231],[-117.99341,34.065629],[-117.993387,34.065518],[-117.993361,34.065412],[-117.993318,34.065248],[-117.993295,34.06519],[-117.993258,34.065099],[-117.99319,34.064971],[-117.993087,34.064843],[-117.993014,34.064783],[-117.992984,34.064758],[-117.99287,34.064687],[-117.992846,34.064672],[-117.992778,34.06463],[-117.992734,34.064674],[-117.992679,34.064729],[-117.992617,34.064791],[-117.992536,34.064873],[-117.992389,34.06502],[-117.992234,34.065176],[-117.99205,34.065367],[-117.991865,34.06556],[-117.99181,34.065619],[-117.99169,34.065748],[-117.9915884,34.0658209],[-117.991508,34.065881],[-117.991455,34.065897],[-117.99138,34.065911],[-117.991128,34.065948],[-117.990118,34.066099],[-117.990032,34.066112],[-117.989819,34.066145],[-117.988726,34.066314],[-117.988685,34.06632],[-117.988616,34.066334],[-117.988592,34.066339],[-117.988554,34.066344],[-117.986715,34.066603],[-117.986665,34.06661],[-117.986633,34.066614],[-117.986515,34.066631],[-117.985559,34.066756],[-117.985269,34.066794],[-117.984848,34.06685],[-117.984662,34.066877],[-117.984487,34.066901],[-117.984449,34.066906],[-117.984375,34.066908],[-117.984328,34.06691],[-117.984229,34.066891],[-117.984135,34.066848],[-117.984106,34.066831],[-117.984023,34.066784],[-117.983896,34.06671],[-117.983872,34.066696],[-117.983817,34.066663],[-117.983778,34.066639],[-117.983712,34.066598],[-117.983403,34.066406],[-117.983394,34.0664],[-117.983096,34.066215],[-117.983149,34.066161],[-117.983544,34.065754],[-117.983574,34.065724],[-117.983655,34.06564],[-117.984115,34.065174],[-117.984207,34.065081],[-117.984569,34.064713],[-117.984611,34.064671],[-117.984712,34.06473],[-117.98472,34.064767],[-117.98473,34.064813],[-117.984807,34.064864],[-117.984883,34.0649],[-117.984977,34.064939],[-117.985039,34.064942],[-117.985128,34.064917],[-117.985134,34.064912],[-117.985215,34.064842],[-117.985268,34.06488],[-117.985296,34.064879],[-117.98534,34.064848],[-117.985604,34.064572],[-117.985588,34.064491],[-117.98556,34.064445],[-117.985525,34.064455],[-117.985427,34.064482],[-117.985315,34.064607],[-117.985214,34.06472],[-117.985156,34.064785],[-117.985104,34.064831],[-117.985066,34.064853],[-117.985042,34.064857],[-117.985002,34.064861],[-117.984953,34.064848],[-117.98492,34.064824],[-117.984799,34.064739],[-117.984712,34.06473],[-117.984644,34.06469],[-117.984611,34.064671]],[[-117.984207,34.065081],[-117.983655,34.06564],[-117.983544,34.065754],[-117.983482,34.065817],[-117.983096,34.066215],[-117.982641,34.066687],[-117.982615,34.066714],[-117.982343,34.06698],[-117.982262,34.067059],[-117.982021,34.067301],[-117.981252,34.068073],[-117.981,34.068339],[-117.980959,34.068382],[-117.980636,34.06871],[-117.980348,34.069021],[-117.980329,34.069042],[-117.980149,34.069215],[-117.980128,34.069236],[-117.980056,34.069297],[-117.98,34.069344],[-117.979756,34.069579],[-117.97973,34.069604],[-117.979695,34.069638],[-117.979675,34.069634],[-117.979624,34.069624],[-117.979377,34.069855],[-117.979294,34.069933],[-117.979203,34.070019],[-117.978922,34.070282],[-117.978872,34.070328],[-117.978829,34.070364],[-117.9787,34.070484],[-117.978387,34.070775],[-117.978204,34.070943],[-117.978195,34.070951],[-117.9781234,34.071013],[-117.9780425,34.0710865],[-117.9778866,34.0712355],[-117.977852,34.071268],[-117.977812,34.0712405],[-117.977628,34.071113],[-117.977564,34.071065],[-117.97753,34.071039],[-117.977184,34.070783],[-117.977149,34.070757],[-117.977061,34.070692],[-117.977043,34.070679],[-117.976871,34.070551],[-117.976754,34.070464],[-117.976519,34.07029],[-117.976072,34.06996],[-117.976,34.069906],[-117.9759079,34.0698432],[-117.9757485,34.0697149],[-117.9756231,34.0696225],[-117.9750846,34.0692413],[-117.974483,34.068806],[-117.974092,34.068554],[-117.973724,34.068286],[-117.973533,34.068147],[-117.973475,34.068105],[-117.97336,34.068021],[-117.97325,34.067941],[-117.973207,34.06791],[-117.973029,34.06778],[-117.972915,34.067696],[-117.972614,34.067474],[-117.97243,34.067338],[-117.972361,34.067287],[-117.97214,34.067123],[-117.971944,34.066978],[-117.971657,34.066764],[-117.971244,34.066459],[-117.971033,34.066303],[-117.970825,34.066156],[-117.970758,34.066108],[-117.970671,34.066045],[-117.970588,34.065984],[-117.97043,34.065867],[-117.970287,34.065762],[-117.970051,34.065588],[-117.969717,34.065342],[-117.969391,34.065097],[-117.969049,34.064841],[-117.968935,34.064755],[-117.968673,34.064558],[-117.9684,34.064344],[-117.96837,34.06432],[-117.968275,34.064245],[-117.968218,34.064299],[-117.967965,34.064539],[-117.967906,34.064595],[-117.967804,34.064691],[-117.967481,34.064995],[-117.967273,34.06519],[-117.966912,34.06553],[-117.966834,34.065604],[-117.966355,34.066056],[-117.966249,34.066157],[-117.966092,34.066312],[-117.965235,34.067097],[-117.965213,34.067202],[-117.96493,34.067463],[-117.964792,34.067595],[-117.964502,34.067867],[-117.964239,34.068109],[-117.964159,34.068182],[-117.964091,34.068248],[-117.964055,34.068285],[-117.963906,34.068424],[-117.963898,34.068431],[-117.963825,34.0685],[-117.963738,34.068582],[-117.963548,34.068762],[-117.963503,34.068805],[-117.962837,34.069436],[-117.962495,34.069757],[-117.962467,34.069784],[-117.962373,34.069873],[-117.962136,34.070097],[-117.96173,34.070479],[-117.961628,34.070576],[-117.961349,34.070839],[-117.961083,34.071095],[-117.960815,34.071352],[-117.960519,34.071643],[-117.96035,34.071808],[-117.960284,34.071873],[-117.96015,34.071947],[-117.959571,34.072467],[-117.959212,34.072804],[-117.959158,34.072914],[-117.959098,34.072969],[-117.959084,34.072983],[-117.95906,34.073005],[-117.958804,34.073246],[-117.95866,34.073383],[-117.958476,34.073556],[-117.958429,34.073601],[-117.958257,34.073763],[-117.958022,34.073985],[-117.957991,34.074015],[-117.957364,34.074612],[-117.9573,34.074671],[-117.957079,34.074877],[-117.956855,34.075085],[-117.956591,34.07533],[-117.95647,34.075449],[-117.956078,34.075834],[-117.955853,34.076055],[-117.955708,34.076194],[-117.955579,34.076318],[-117.954729,34.077128],[-117.954417,34.077403],[-117.954348,34.077464],[-117.954173,34.077626],[-117.953994,34.077788],[-117.953939,34.077832],[-117.953581,34.078175],[-117.953294,34.078465],[-117.953232,34.078519],[-117.952941,34.078788],[-117.952858,34.078867],[-117.952719,34.079],[-117.952642,34.079074],[-117.952579,34.079135],[-117.952397,34.079309],[-117.952209,34.079476],[-117.952076,34.079595],[-117.952069,34.079602],[-117.951996,34.079667],[-117.951926,34.07973],[-117.95156,34.080056],[-117.951461,34.080147],[-117.950847,34.080713],[-117.950336,34.081225],[-117.950159,34.081376],[-117.950076,34.081446],[-117.95018,34.081574],[-117.950112,34.082391],[-117.950102,34.082497],[-117.950027,34.083265],[-117.95001,34.083442],[-117.94997,34.083871],[-117.949864,34.084992],[-117.949851,34.085132],[-117.949841,34.085248],[-117.949837,34.085283],[-117.949805,34.085652],[-117.949771,34.086021],[-117.949749,34.086278],[-117.949735,34.086435],[-117.949733,34.086455],[-117.949709,34.086697],[-117.949704,34.086743],[-117.949661,34.087133],[-117.949659,34.087169],[-117.949653,34.087248],[-117.949638,34.087352],[-117.949743,34.087357],[-117.949819,34.08736],[-117.950104,34.087375],[-117.950324,34.087387],[-117.950557,34.087399],[-117.950967,34.087416],[-117.951483,34.087438],[-117.951725,34.087448],[-117.951824,34.087452],[-117.952238,34.087469],[-117.952566,34.087484],[-117.953098,34.087507],[-117.95316,34.08751],[-117.953575,34.087528],[-117.953684,34.087533],[-117.954172,34.087556],[-117.954464,34.087569],[-117.954696,34.087581],[-117.95485,34.087589],[-117.954949,34.087594],[-117.955284,34.087612],[-117.955515,34.087609],[-117.95555,34.087608],[-117.955667,34.087603],[-117.9558,34.087596],[-117.955985,34.087571],[-117.956133,34.08755],[-117.956178,34.087541],[-117.956424,34.087493],[-117.956448,34.087488],[-117.956443,34.087339],[-117.956441,34.087246],[-117.956437,34.087158],[-117.956447,34.087058],[-117.956467,34.08698],[-117.956583,34.086805],[-117.956622,34.086768],[-117.956679,34.086706],[-117.956731,34.086651],[-117.9569,34.086498],[-117.95718,34.086244],[-117.9572252,34.0862014]]]}}]}